kepid,kepoi_name,kepler_name,koi_disposition,koi_period,koi_duration,koi_depth,koi_prad,koi_teq,koi_insol,koi_model_snr,koi_impact,koi_steff,koi_slogg,koi_srad
10811496,K00753.01,,CANDIDATE,19.89913995,1.7822,10829.0,14.6,638.0,39.3,76.3,0.969,5853.0,4.544,0.868
11818800,K00777.01,,CANDIDATE,40.4195037,3.362,6256.0,7.51,467.0,11.29,36.9,0.911,5446.0,4.507,0.781
11918099,K00780.02,,CANDIDATE,7.2406612,0.558,556.4,19.45,734.0,68.63,13.7,1.198,5005.0,4.595,0.765
9579641,K00115.03,,CANDIDATE,3.43591631,3.133,23.2,0.55,1272.0,617.61,8.7,0.624,5779.0,4.339,1.087
3115833,K00797.01,,CANDIDATE,10.181584004,3.5089,5741.1,7.73,812.0,102.91,183.6,0.92,5988.0,4.541,0.836
3453214,K00802.01,,CANDIDATE,19.620346923,2.0038,21724.6,13.6,643.0,40.39,340.5,0.458,5710.0,4.492,0.905
4544670,K00815.01,,CANDIDATE,34.84398644,2.9315,4523.6,7.61,511.0,16.1,76.8,0.934,5509.0,4.482,0.871
4936180,K00820.01,,CANDIDATE,4.64090031,35.512,2450.6,30.09,1155.0,421.08,296.9,1.28,6463.0,4.5,0.826
5115978,K00823.01,,CANDIDATE,1.028436523,1.8606,8098.0,72.77,1947.0,3400.48,89.6,1.5734,6228.0,4.428,0.99
6867155,K00868.01,,CANDIDATE,235.9986399,8.2284,20714.6,10.59,188.0,0.29,271.8,0.778,4245.0,4.627,0.657
6526710,K00856.01,,CANDIDATE,39.74893077,7.3051,15178.9,14.21,552.0,21.87,561.1,0.881,6122.0,4.487,0.964
6599919,K00858.01,,CANDIDATE,13.61014819,2.594,5732.9,19.02,733.0,68.29,184.1,1.081,5697.0,4.46,0.903
6862328,K00865.01,,CANDIDATE,119.0207044,8.1405,7430.5,8.98,366.0,4.25,223.5,0.076,5453.0,4.342,1.062
7031517,K00871.01,,CANDIDATE,12.940668656,2.4845,42450.0,22.94,723.0,64.64,307.5,0.897,5875.0,4.572,0.809
7380537,K00883.01,,CANDIDATE,2.688899233,2.11275,37491.6,12.04,929.0,175.76,1011.6,0.001,4820.0,4.667,0.639
8013419,K00901.01,,CANDIDATE,12.732624065,2.2083,6465.7,4.87,432.0,8.22,210.5,0.811,3950.0,4.721,0.541
8018547,K00902.01,,CANDIDATE,83.92494032,6.7904,7958.7,4.78,226.0,0.62,182.1,0.658,3960.0,4.746,0.509
8552202,K00914.01,,CANDIDATE,3.886655224,3.1646,581.6,1.87,1010.0,246.29,48.1,0.649,5662.0,4.61,0.738
9140402,K00928.01,,CANDIDATE,2.494170338,1.1221,863.7,2.42,1194.0,480.19,69.2,0.095,5569.0,4.566,0.829
8951215,K00924.01,,CANDIDATE,39.4759093,2.968,1012.6,4.06,577.0,26.13,26.6,0.938,6225.0,4.45,1.031
9347899,K00935.04,,CANDIDATE,9.61731426,3.8692,234.0,1.94,1010.0,246.13,18.2,0.331,6035.0,4.22,1.257
2860866,K01103.01,,CANDIDATE,90.1240507,11.649,3020.3,7.12,485.0,13.09,57.9,0.698,6520.0,4.375,1.215
10460629,K01168.01,,CANDIDATE,856.672115,23.144,858.1,3.87,242.0,0.81,39.2,0.1158,6449.0,4.232,1.309
10319385,K01169.01,,CANDIDATE,0.689210173,1.6169,195.0,1.32,1943.0,3362.71,93.4,0.154,5630.0,4.505,0.954
11502218,K00970.01,,CANDIDATE,3.9886021,1.7376,673.5,34.39,3145.0,23135.72,37.1,0.06,4813.0,2.472,13.652
11180361,K00971.01,,CANDIDATE,0.533059312,1.8621,1495.8,133.56,5862.0,277887.7,179.6,1.263,8523.0,3.559,4.051
10287723,K01174.01,,CANDIDATE,129995.7784,9.408,1474.9,2.99,25.0,0.0,35.7,0.7127,4500.0,4.572,0.726
11013201,K00972.02,,CANDIDATE,7.82187328,3.8417,42.2,2.78,2101.0,4601.71,37.2,0.005,7221.0,3.488,4.24
9414417,K00974.01,,CANDIDATE,53.5057611,10.5616,195.6,2.52,675.0,49.16,71.2,0.46,6247.0,4.016,1.762
2307199,K00151.01,,CANDIDATE,13.4471791,3.0454,1428.2,5.24,848.0,122.34,105.3,0.963,6276.0,4.405,1.041
2853446,K01118.01,,CANDIDATE,7.37290344,2.172,205.2,2.67,1004.0,240.11,19.1,0.993,5973.0,4.371,1.07
3942446,K01193.01,,CANDIDATE,119.0624882,3.1188,5372.3,10.4,366.0,4.26,71.6,0.968,5697.0,4.392,0.92
3554031,K01194.02,,CANDIDATE,14.8623076,3.161,840.0,1.57,454.0,10.08,14.4,0.324,4362.0,4.722,0.554
10743597,K00989.03,,CANDIDATE,16.15811112,6.049,2319.8,86.13,660.0,44.83,52.8,1.8572,5619.0,4.536,0.874
3644071,K01192.01,,CANDIDATE,1295.362215,28.297,8708.0,57.82,169.0,0.19,164.0,1.3935,5609.0,4.346,1.048
1431122,K00994.01,,CANDIDATE,4.2989201,2.747,237.6,2.12,1046.0,283.62,20.0,0.972,5300.0,4.385,0.986
8260218,K01066.01,,CANDIDATE,5.714817603,3.14126,12294.8,9.29,943.0,187.27,537.7,0.096,5695.0,4.526,0.842
6359320,K01127.03,,CANDIDATE,2.83668931,3.031,166.1,1.19,1242.0,562.48,12.1,0.33,5831.0,4.517,0.921
12105051,K00141.01,,CANDIDATE,2.624234833,1.3874,2607.0,5.11,1164.0,434.31,361.1,0.781,5340.0,4.514,0.899
8240904,K01070.03,,CANDIDATE,92.77779,6.64,359.0,1.92,410.0,6.7,5.2,0.0174,5888.0,4.444,1.019
3756801,K01206.01,,CANDIDATE,422.917678,31.274,1367.7,5.89,292.0,1.73,61.7,0.7887,5796.0,4.12,1.444
8313667,K01145.01,,CANDIDATE,30.5872153,5.3698,464.8,2.32,621.0,35.08,33.1,0.013,5944.0,4.38,1.082
10149023,K01081.01,,CANDIDATE,9.95639775,5.615,510.5,28.15,905.0,158.42,32.9,1.222,6161.0,4.454,1.053
9772531,K00950.01,,CANDIDATE,31.201692472,2.15663,34513.7,8.31,286.0,1.59,607.4,0.001,3748.0,4.796,0.449
10295951,K01154.01,,CANDIDATE,6.810823723,7.98574,14446.8,26.06,1626.0,1656.16,1441.9,0.57,7226.0,3.967,2.079
3329204,K01095.01,,CANDIDATE,51.59809554,2.0153,5869.2,6.57,449.0,9.61,79.7,0.251,5681.0,4.551,0.859
3230491,K01096.01,,CANDIDATE,1500.0,7.109,9592.0,9.8,139.0,0.09,62.5,0.9243,5606.0,4.597,0.76
2162635,K01032.01,,CANDIDATE,1500.1406772,25.727,4129.9,18.35,206.0,0.42,83.3,0.9131,5009.0,3.755,2.283
6837146,K01362.01,,CANDIDATE,20.51360192,3.4769,1174.1,2.58,540.0,20.15,32.3,0.703,5310.0,4.608,0.704
6607286,K01239.01,,CANDIDATE,0.783276173,1.6735,264.7,1.98,2149.0,5056.88,46.9,0.041,5640.0,4.247,1.233
6607286,K01239.02,,CANDIDATE,3.17405898,2.3156,282.2,2.09,1348.0,780.46,29.2,0.422,5640.0,4.247,1.233
11075279,K01431.01,,CANDIDATE,345.1589354,7.5646,5087.9,7.79,241.0,0.8,197.9,0.87,5597.0,4.515,0.931
6607447,K01242.01,,CANDIDATE,99.6442783,5.1772,3215.6,8.48,415.0,6.98,163.2,0.966,6102.0,4.447,1.016
6441738,K01246.01,,CANDIDATE,19.03723442,3.3882,401.3,5.74,1051.0,288.04,25.3,0.033,5248.0,3.523,2.892
8616873,K01251.01,,CANDIDATE,0.576078683,1.63253,10084.8,23.23,1982.0,3647.63,426.0,1.113,5693.0,4.57,0.816
8494263,K01255.01,,CANDIDATE,78.9257421,7.5193,17972.0,11.9,398.0,5.94,85.2,0.359,5750.0,4.538,0.882
10928043,K01315.01,,CANDIDATE,6.84639884,3.4919,149.7,1.9,1132.0,387.84,36.3,0.9,6065.0,4.251,1.31
8813698,K01268.01,,CANDIDATE,268.9410974,5.4434,9010.2,13.57,321.0,2.52,120.4,0.765,5798.0,4.224,1.306
4074736,K01328.01,,CANDIDATE,80.9669561,2.5276,4733.0,5.04,364.0,4.14,52.0,0.007,5611.0,4.61,0.737
4274548,K01331.01,,CANDIDATE,6.80082032,1.9883,699.9,1.88,697.0,55.83,25.5,0.597,4805.0,4.633,0.688
11336883,K01445.02,,CANDIDATE,54.325574,9.86,44.2,0.76,545.0,20.85,7.7,0.154,6343.0,4.411,1.137
8631160,K01271.01,,CANDIDATE,162.0479502,9.8974,4840.5,11.52,437.0,8.65,370.2,0.663,6309.0,4.16,1.567
9202151,K01393.01,,CANDIDATE,1.694740233,1.6864,1446.8,2.12,797.0,95.14,92.3,0.671,3764.0,4.739,0.527
4760746,K01455.01,,CANDIDATE,15.068060768,3.3011,19387.0,16.43,742.0,71.78,282.8,0.88,5982.0,4.493,0.96
9427402,K01397.01,,CANDIDATE,6.247030799,1.4848,1496.6,1.89,512.0,16.23,44.8,0.039,3821.0,4.764,0.487
3962440,K01208.01,,CANDIDATE,700.00298217,7.6525,3245.9,6.43,238.0,0.76,60.3,0.143,6487.0,4.397,1.118
3534076,K01209.01,,CANDIDATE,272.0868353,2.7145,5572.0,5.95,251.0,0.93,21.5,0.3629,5587.0,4.548,0.791
4466677,K01338.02,,CANDIDATE,42.0370662,6.282,266.8,1.66,527.0,18.16,14.7,0.672,5823.0,4.427,0.96
4466677,K01338.03,,CANDIDATE,21.0112068,4.507,163.6,1.4,663.0,45.79,10.2,0.853,5823.0,4.427,0.96
9100484,K01399.01,,CANDIDATE,8.75059775,2.8288,881.9,2.27,682.0,51.0,28.3,0.33,4942.0,4.599,0.779
6620003,K01225.01,,CANDIDATE,1.714274727,2.06728,28460.1,25.0,827.0,110.02,987.2,1.182,3874.0,4.715,0.535
6719086,K01357.01,,CANDIDATE,3.014330766,2.4747,975.3,2.87,1124.0,377.79,57.3,0.01,5209.0,4.446,0.953
11026304,K01420.01,,CANDIDATE,13.35151248,3.6045,3308.8,4.44,585.0,27.77,107.9,0.573,4843.0,4.562,0.754
11342550,K01421.01,,CANDIDATE,1693.6636225,22.604,9515.3,10.23,157.0,0.14,122.8,0.5283,5923.0,4.445,1.021
6946199,K01359.02,,CANDIDATE,104.8205868,4.4794,3920.1,6.45,376.0,4.74,76.6,0.918,5986.0,4.527,0.85
10867062,K01303.01,,CANDIDATE,34.2966363,19.718,696.6,3.29,584.0,27.6,66.7,0.711,5490.0,4.263,1.167
8046659,K01560.01,,CANDIDATE,31.56904354,2.6364,4229.4,11.18,575.0,25.83,113.6,0.985,5654.0,4.387,0.998
7841925,K01499.02,,CANDIDATE,0.840594032,1.404,49.8,0.62,1780.0,2368.31,11.6,0.018,5440.0,4.438,0.885
4276716,K01619.01,,CANDIDATE,20.6654374,3.172,100.4,0.66,487.0,13.35,13.6,0.05,4830.0,4.605,0.676
7287683,K01622.01,,CANDIDATE,69.8347983,8.262,266.6,3.51,765.0,80.97,46.8,0.672,7732.0,4.075,2.022
8266276,K01731.01,,CANDIDATE,2.59488443,1.684,592.2,2.36,1014.0,249.92,14.9,0.885,4748.0,4.526,0.797
8396405,K01733.01,,CANDIDATE,19.18109525,2.424,865.4,1.72,513.0,16.42,17.6,0.007,5214.0,4.673,0.587
9017682,K01630.01,,CANDIDATE,11.30507984,3.989,278.4,1.4,744.0,72.67,19.5,0.195,5705.0,4.556,0.844
10749128,K01639.02,,CANDIDATE,9.9824036,1.09,83.9,1.17,966.0,205.65,5.4,0.8093,6273.0,4.364,1.139
11904734,K01764.01,,CANDIDATE,12.681733929,1.6866,5879.1,7.25,601.0,30.84,102.8,0.929,4976.0,4.577,0.701
10153011,K01773.01,,CANDIDATE,83.09708021,9.2639,15860.2,13.83,329.0,2.78,277.2,0.993,5286.0,4.627,0.636
11870545,K01510.01,,CANDIDATE,0.839961456,1.3008,492.9,1.63,1455.0,1066.37,35.1,0.548,4932.0,4.618,0.718
5031857,K01573.02,,CANDIDATE,7.136922,2.8005,221.6,1.38,956.0,197.05,23.7,0.072,6086.0,4.511,0.921
10028792,K01574.03,,CANDIDATE,5.83393857,4.5813,134.4,1.98,1285.0,642.83,17.6,0.398,5597.0,3.963,1.699
11153121,K01647.03,,CANDIDATE,6.33027476,3.67,89.2,1.02,1046.0,283.31,9.8,0.3288,5900.0,4.363,1.07
6705142,K01758.01,,CANDIDATE,5.59728249,1.795,1407.3,3.28,930.0,176.53,30.8,0.473,5610.0,4.551,0.858
5299459,K01576.03,,CANDIDATE,23.3397956,1.923,125.1,1.23,653.0,43.02,4.5,0.4757,5671.0,4.36,1.084
4471747,K01656.01,,CANDIDATE,51.3901452,5.995,494.0,3.62,570.0,24.98,15.4,0.946,6074.0,4.284,1.292
4918309,K01582.01,,CANDIDATE,186.4361811,5.774,4347.0,11.32,353.0,3.66,66.5,0.921,5393.0,4.132,1.37
4830605,K01660.01,,CANDIDATE,35.6364022,4.888,452.6,1.99,537.0,19.62,15.7,0.654,5926.0,4.532,0.887
12120943,K01458.01,,CANDIDATE,8.98128472,5.0397,4924.0,7.19,898.0,153.36,76.6,0.294,5977.0,4.473,1.022
7768451,K01527.01,,CANDIDATE,192.667139,5.443,1148.3,3.64,283.0,1.52,26.0,0.911,5401.0,4.487,0.878
9932970,K01587.01,,CANDIDATE,52.971584,3.4632,3882.6,29.02,402.0,6.19,51.4,1.259,5204.0,4.55,0.789
4932442,K01665.02,,CANDIDATE,5.91393977,0.562,84.0,1.07,1112.0,361.0,2.8,0.0896,6194.0,4.415,1.129
5360920,K01675.01,,CANDIDATE,14.62399621,2.193,1082.0,21.92,681.0,50.91,25.0,1.209,5753.0,4.57,0.815
11702948,K01465.01,,CANDIDATE,9.771462706,1.767,6933.2,10.15,799.0,96.39,215.0,0.946,5812.0,4.551,0.853
9512981,K01466.01,,CANDIDATE,281.5628889,8.853,21012.0,10.83,214.0,0.49,237.1,0.0,4810.0,4.536,0.776
5531953,K01681.01,,CANDIDATE,6.93910337,2.977,614.7,1.41,445.0,9.28,22.9,0.966,3638.0,4.844,0.42
9872292,K01537.01,,CANDIDATE,10.19154678,6.165,61.3,1.39,1144.0,404.17,27.6,0.659,6212.0,4.049,1.684
5542466,K01590.01,,CANDIDATE,12.89006728,3.555,602.5,1.93,620.0,34.99,23.6,0.082,4915.0,4.512,0.812
4178389,K00185.01,,CANDIDATE,23.210509958,3.09802,28736.9,21.19,595.0,29.69,958.7,0.954,5875.0,4.572,0.809
5542466,K01590.03,,CANDIDATE,4.74666128,2.093,256.8,1.3,865.0,132.4,12.5,0.441,4915.0,4.512,0.812
7499398,K01473.01,,CANDIDATE,23.02028478,3.544,5077.8,7.58,604.0,31.4,97.2,0.794,5613.0,4.496,0.956
5972334,K00191.03,,CANDIDATE,0.708621057,1.5041,187.5,1.2,1846.0,2741.07,30.5,0.033,5422.0,4.484,0.887
7811397,K01477.01,,CANDIDATE,169.4976085,7.77,12192.0,9.06,272.0,1.29,82.8,0.625,5270.0,4.592,0.787
5475431,K01546.01,,CANDIDATE,0.917568975,2.0654,15805.0,11.92,1748.0,2197.57,128.1,0.667,5713.0,4.541,0.893
5039228,K01597.01,,CANDIDATE,7.79668781,4.6699,361.3,2.44,1116.0,366.42,48.5,0.005,6521.0,4.352,1.276
7512982,K01480.02,,CANDIDATE,7.00447892,2.669,231.4,1.19,754.0,76.26,9.9,0.139,4883.0,4.515,0.808
5283458,K01547.01,,CANDIDATE,30.69395532,2.9512,18121.0,13.72,614.0,33.69,196.6,0.001,6137.0,4.46,1.018
8053552,K01549.01,,CANDIDATE,29.481061268,3.6636,11870.9,16.61,571.0,25.1,332.0,0.983,5631.0,4.41,0.901
7750419,K01708.01,,CANDIDATE,32.7737631,3.416,564.5,5.0,686.0,52.22,21.7,0.971,5640.0,4.076,1.534
7984047,K01552.01,,CANDIDATE,77.63424586,4.1002,16612.0,9.4,325.0,2.65,185.5,0.113,4812.0,4.548,0.755
5513648,K01962.01,,CANDIDATE,32.85862571,3.1483,162.8,2.31,691.0,53.85,36.4,0.955,5899.0,4.135,1.414
7887791,K01964.01,,CANDIDATE,2.229326354,1.9946,49.1,0.6,1273.0,621.53,24.6,0.249,5587.0,4.525,0.865
9634821,K02037.03,,CANDIDATE,8.56267266,1.53,608.1,2.26,768.0,82.22,15.2,0.335,5029.0,4.429,0.93
11253711,K01972.01,,CANDIDATE,17.79108667,2.662,414.2,2.88,830.0,112.09,39.8,0.654,5855.0,4.148,1.34
9111849,K02042.01,,CANDIDATE,63.0732241,5.397,671.3,17.8,1077.0,317.78,30.0,0.746,6234.0,3.209,6.354
11773328,K01906.01,,CANDIDATE,8.710442022,0.9425,1196.4,3.61,760.0,78.75,42.6,0.935,5416.0,4.575,0.809
5080636,K01843.02,,CANDIDATE,6.35585682,1.55,176.6,0.86,503.0,15.1,9.2,0.912,3706.0,4.747,0.522
3248501,K02052.01,,CANDIDATE,4.22464216,1.403,987.0,4.31,1279.0,631.55,7.7,0.913,6343.0,4.408,1.14
11570749,K01856.01,,CANDIDATE,46.2991052,5.2481,854.9,4.33,592.0,29.04,55.0,0.025,5396.0,4.035,1.507
2579043,K02064.01,,CANDIDATE,6.31219171,4.9377,403.7,2.17,1096.0,342.04,35.6,0.018,6322.0,4.426,1.075
8160953,K01858.02,,CANDIDATE,86.049055,29.28,429.9,2.06,410.0,6.68,8.0,0.2597,5733.0,4.432,0.997
10158418,K01784.01,,CANDIDATE,5.007414194,1.3584,4413.9,8.8,1114.0,363.75,196.6,0.926,5957.0,4.417,1.042
3648437,K01861.01,,CANDIDATE,17.50441726,4.2585,725.4,3.56,824.0,108.78,47.5,0.006,5815.0,4.16,1.329
2449431,K02009.01,,CANDIDATE,86.7490807,9.179,547.1,2.23,398.0,5.94,35.7,0.003,5579.0,4.419,0.97
5731623,K01793.01,,CANDIDATE,3.261759866,1.7593,3876.1,8.01,1262.0,599.54,190.4,0.949,6131.0,4.497,0.945
10602291,K00210.01,,CANDIDATE,20.92735802,3.4256,8091.0,17.36,735.0,69.08,263.5,0.991,6126.0,4.358,1.109
9883311,K01872.01,,CANDIDATE,30.5231459,2.7286,2212.3,11.26,506.0,15.46,38.7,1.06,5518.0,4.585,0.79
4242147,K01934.01,,CANDIDATE,28.78270955,3.451,864.5,2.11,443.0,9.09,40.1,0.002,4774.0,4.58,0.745
4349442,K01803.01,,CANDIDATE,4.539297295,1.9455,798.1,2.34,830.0,112.09,50.3,0.83,4914.0,4.61,0.724
10656508,K00211.01,,CANDIDATE,124.03589939,4.8472,7690.0,11.13,413.0,6.88,190.1,0.075,5822.0,4.244,1.28
11656918,K01945.02,,CANDIDATE,17.1181036,1.29,167.7,1.22,654.0,43.25,6.1,0.4346,5576.0,4.515,0.929
10844890,K01946.01,,CANDIDATE,8.29482811,2.7437,559.5,2.76,876.0,139.38,38.1,0.932,5773.0,4.478,0.939
8624520,K01816.01,,CANDIDATE,10.240611361,0.9617,2958.0,3.9,656.0,43.85,72.0,0.786,5227.0,4.623,0.64
4851530,K01884.01,,CANDIDATE,23.11707222,3.9948,2407.5,4.37,548.0,21.26,61.2,0.807,5275.0,4.505,0.796
4851530,K01884.02,,CANDIDATE,4.77502117,1.7087,451.4,1.73,926.0,174.23,16.7,0.518,5275.0,4.505,0.796
6300348,K00212.01,,CANDIDATE,5.69590202,3.5661,4921.1,6.61,1043.0,279.61,391.2,0.049,6106.0,4.497,0.94
11030475,K02248.04,,CANDIDATE,2.64622742,1.407,155.5,0.99,1082.0,324.38,8.4,0.478,5167.0,4.555,0.787
8261920,K02174.01,,CANDIDATE,6.69332825,2.311,781.8,2.44,609.0,32.54,23.4,0.952,4245.0,4.641,0.637
6119141,K02343.01,,CANDIDATE,29.0726293,2.516,439.6,2.32,614.0,33.69,20.9,0.682,5799.0,4.37,1.042
3734418,K02261.02,,CANDIDATE,6.6254781,2.358,122.0,0.9,828.0,111.18,2.7,0.2113,5211.0,4.5,0.832
9654875,K02272.01,,CANDIDATE,1.34145255,7.502,26.6,1.31,3015.0,19568.74,31.2,0.68,7495.0,3.926,2.389
3097926,K02186.01,,CANDIDATE,14.97974335,4.126,1211.8,3.79,620.0,34.95,33.2,0.93,5062.0,4.481,0.853
10518424,K02188.02,,CANDIDATE,6.7445683,3.813,86.6,0.86,983.0,220.68,6.8,0.1199,6106.0,4.496,0.923
5730445,K02189.01,,CANDIDATE,33.35859852,2.286,1825.9,4.44,459.0,10.46,32.2,0.937,5009.0,4.515,0.799
5602588,K02369.02,,CANDIDATE,6.3143447,2.796,191.4,1.34,1012.0,247.53,6.4,0.0584,6075.0,4.486,0.969
5385304,K02370.01,,CANDIDATE,78.7327023,5.041,495.8,7.76,761.0,79.13,19.1,0.956,6715.0,3.754,2.763
11462341,K02124.01,,CANDIDATE,42.3375799,4.924,354.8,1.45,311.0,2.21,18.1,0.947,4132.0,4.682,0.581
11073656,K02206.01,,CANDIDATE,1.834277283,1.7499,286.5,1.64,1459.0,1068.36,24.8,0.381,5751.0,4.458,0.958
7215678,K02354.01,,CANDIDATE,1.151244686,1.272,269.6,40.32,1756.0,2253.09,32.6,1.387,6086.0,4.511,0.921
7449554,K02357.01,,CANDIDATE,2.42088277,2.812,223.3,2.27,1616.0,1615.12,20.7,0.227,5583.0,4.077,1.53
3440978,K02288.01,,CANDIDATE,38.103908,3.837,961.1,4.08,456.0,10.22,20.3,0.987,5250.0,4.522,0.771
9532710,K02364.01,,CANDIDATE,5.24242029,6.413,334.9,3.86,1367.0,825.0,20.1,0.863,5383.0,3.824,1.829
9580992,K02217.01,,CANDIDATE,37.8034121,4.641,678.1,2.95,460.0,10.57,20.2,0.968,5329.0,4.572,0.819
6934986,K02294.01,,CANDIDATE,131.485184,5.294,557.8,3.03,400.0,6.08,19.4,0.578,5765.0,4.236,1.242
4049901,K02295.01,,CANDIDATE,16.2908527,3.176,44.1,0.52,622.0,35.48,14.5,0.105,5425.0,4.549,0.797
10798331,K02373.01,,CANDIDATE,147.281212,7.375,452.8,2.28,353.0,3.69,17.3,0.474,5708.0,4.365,1.054
9334893,K02298.01,,CANDIDATE,16.6671415,3.526,175.0,0.7,469.0,11.47,17.9,0.444,4729.0,4.726,0.525
9289704,K02222.01,,CANDIDATE,34.135676,9.12,622.0,13.98,1526.0,1281.86,8.6,0.087,7818.0,3.365,5.555
8892157,K02224.02,,CANDIDATE,86.130534,3.321,285.2,1.47,391.0,5.55,3.7,0.072,5830.0,4.54,0.876
11520459,K02226.01,,CANDIDATE,8.46354384,1.4078,792.2,2.51,805.0,99.37,26.1,0.387,5427.0,4.495,0.887
10026544,K02312.01,,CANDIDATE,176.331289,13.89,109.8,2.38,505.0,15.4,8.4,0.2455,6146.0,3.8,2.251
2853780,K02081.01,,CANDIDATE,6.2141496,10.141,183.4,4.27,1506.0,1216.48,53.4,0.403,5295.0,3.617,3.152
6185476,K00227.01,,CANDIDATE,17.65737838,3.509,2155.7,2.45,350.0,3.55,117.2,0.8277,3745.0,4.784,0.47
8804455,K02159.01,,CANDIDATE,7.5966998,3.667,127.5,1.32,964.0,204.34,24.5,0.725,5716.0,4.343,1.091
7746958,K02324.01,,CANDIDATE,1.204686597,0.823,233.2,1.55,1711.0,2026.81,10.8,0.328,5780.0,4.438,1.0
6525946,K02093.01,,CANDIDATE,6.78341325,3.5437,501.2,20.75,2628.0,11295.61,35.3,0.665,5096.0,2.435,8.769
6041734,K02167.02,,CANDIDATE,6.95787,4.537,182.3,1.39,1047.0,284.4,1.8,0.1686,6240.0,4.406,1.025
11030475,K02248.02,,CANDIDATE,9.4907638,2.713,197.4,1.05,704.0,58.01,7.3,0.3638,5290.0,4.604,0.746
11030475,K02248.03,,CANDIDATE,0.76196247,1.282,190.2,1.08,1638.0,1710.11,18.3,0.322,5167.0,4.555,0.787
9006186,K02169.04,,CANDIDATE,2.19251903,1.845,18.1,0.37,1225.0,533.25,6.6,0.616,5450.0,4.563,0.842
10471621,K02554.01,,CANDIDATE,39.7557642,1.958,621.8,13.72,325.0,2.64,10.2,1.219,4405.0,4.732,0.511
10471621,K02554.02,,CANDIDATE,10.27127527,3.029,343.5,0.94,510.0,16.02,17.5,0.046,4405.0,4.732,0.511
8074328,K02486.01,,CANDIDATE,4.267961416,1.3427,127.4,1.42,1371.0,834.16,24.6,0.255,6395.0,4.275,1.237
4670217,K02560.01,,CANDIDATE,18.1209388,3.781,504.2,1.68,543.0,20.58,15.8,0.108,4905.0,4.536,0.774
9574179,K02637.01,,CANDIDATE,3.98864999,3.516,94.2,1.15,1233.0,547.73,12.4,0.355,5692.0,4.288,1.188
11391755,K02639.01,,CANDIDATE,25.1123362,7.922,398.8,2.22,691.0,53.73,11.8,0.007,6133.0,4.367,1.112
11391755,K02639.02,,CANDIDATE,2.121023807,0.3673,263.9,5.75,1573.0,1446.5,6.4,1.0045,6133.0,4.367,1.112
8894646,K02641.01,,CANDIDATE,3.55557922,3.24,60.4,0.84,1270.0,615.03,15.5,0.269,5839.0,4.337,1.082
8247770,K02569.01,,CANDIDATE,8.28157072,3.1,139.2,1.37,956.0,197.82,12.9,0.042,5640.0,4.288,1.175
6867588,K02571.01,,CANDIDATE,0.82628442,0.9603,134.9,0.96,1629.0,1654.69,25.6,0.28,5218.0,4.548,0.829
7501646,K02572.01,,CANDIDATE,6.37705295,1.949,502.8,2.15,935.0,180.66,17.9,0.234,5672.0,4.503,0.965
8838950,K02421.01,,CANDIDATE,2.27050106,1.903,106.7,0.55,903.0,157.05,15.9,0.473,4671.0,4.721,0.528
12257999,K02577.01,,CANDIDATE,18.55581565,5.372,565.9,20.83,1793.0,2442.24,33.2,0.073,5988.0,2.982,8.841
6922203,K02578.01,,CANDIDATE,13.33094869,1.426,725.6,25.95,815.0,104.37,17.1,1.199,5991.0,4.394,1.039
2437505,K02671.01,,CANDIDATE,21.47642727,5.5498,348130.0,59.5,655.0,43.52,124.8,0.006,5780.0,4.438,1.0
8836888,K02508.01,,CANDIDATE,7.10397925,1.5398,370.5,1.51,818.0,105.84,16.8,0.192,5488.0,4.584,0.789
8636539,K02656.01,,CANDIDATE,6.77367892,3.579,150.7,1.33,1083.0,324.84,15.1,0.228,6392.0,4.425,1.072
9283156,K02657.01,,CANDIDATE,5.22402436,2.608,48.1,0.58,941.0,185.16,15.1,0.12,5487.0,4.512,0.84
9574158,K02512.01,,CANDIDATE,15.92108138,1.5443,716.8,3.14,645.0,40.88,16.1,0.972,5595.0,4.57,0.82
7294743,K02516.01,,CANDIDATE,2.81043228,3.874,47.4,1.43,1701.0,1978.53,17.8,0.351,5415.0,3.868,2.079
6765135,K02592.01,,CANDIDATE,175.603366,9.543,506.8,2.87,348.0,3.46,14.7,0.952,6225.0,4.461,1.009
5342061,K02666.01,,CANDIDATE,64.034363,9.174,758.8,3.47,411.0,6.72,16.9,0.985,5691.0,4.561,0.783
4047631,K02519.01,,CANDIDATE,4.790912471,0.5134,360.7,2.25,717.0,62.51,17.6,0.969,4359.0,4.601,0.676
6516185,K02445.01,,CANDIDATE,47.3659328,7.929,757.0,11.97,481.0,12.62,16.0,1.085,5708.0,4.482,0.902
7446631,K02598.01,,CANDIDATE,29.2254372,5.293,174.1,1.35,614.0,33.69,15.7,0.384,6049.0,4.461,1.008
5906426,K02377.01,,CANDIDATE,13.9034057,3.408,261.4,1.55,646.0,41.08,15.3,0.871,5261.0,4.523,0.819
12208631,K02449.01,,CANDIDATE,53.3580444,6.812,736.1,3.41,474.0,11.94,19.7,0.905,5481.0,4.369,1.036
2443393,K02603.01,,CANDIDATE,73.711039,10.062,136.7,1.77,563.0,23.81,21.1,0.284,6374.0,4.193,1.502
9019191,K02604.01,,CANDIDATE,14.43348326,2.663,526.8,16.25,558.0,22.91,14.8,1.185,4915.0,4.627,0.702
3002478,K02380.01,,CANDIDATE,6.35705314,1.324,272.2,1.59,990.0,227.07,17.3,0.023,5982.0,4.493,0.96
8631751,K02453.01,,CANDIDATE,1.530515205,0.5945,659.7,0.84,608.0,32.46,23.2,0.882,3462.0,5.004,0.259
4172746,K02531.01,,CANDIDATE,17.6997392,2.76,752.7,1.96,523.0,17.73,19.8,0.105,4807.0,4.583,0.742
5095635,K02607.01,,CANDIDATE,0.754457729,0.5891,248.2,2.07,2131.0,4879.62,31.1,0.677,5561.0,4.25,1.193
12254688,K02384.01,,CANDIDATE,62.6825769,2.327,398.9,39.8,916.0,166.36,17.8,1.095,7058.0,3.648,3.101
4172013,K02386.01,,CANDIDATE,16.2707207,5.707,468.0,28.42,827.0,110.79,13.0,1.187,6117.0,4.315,1.244
1996180,K02534.02,,CANDIDATE,5.42204257,2.952,79.1,1.39,1222.0,527.11,10.7,0.94,6123.0,4.263,1.263
2305866,K02610.01,,CANDIDATE,24.1073172,10.465,104.2,2.74,1065.0,304.22,23.6,0.693,6585.0,3.813,2.517
9712350,K02613.01,,CANDIDATE,51.5738653,2.784,900.7,2.41,417.0,7.12,13.2,0.275,5380.0,4.581,0.813
9580167,K02548.01,,CANDIDATE,0.827151296,1.385,272.4,19.1,5171.0,168151.39,8.1,0.281,4452.0,2.28,11.895
7984574,K02400.01,,CANDIDATE,11.6191707,1.819,700.4,2.21,756.0,77.43,18.5,0.059,5870.0,4.56,0.834
10336951,K02401.01,,CANDIDATE,38.2292037,3.893,605.8,1.51,359.0,3.92,21.0,0.571,4544.0,4.656,0.598
8240617,K02474.01,,CANDIDATE,176.845697,3.812,431.6,42.05,291.0,1.69,7.7,1.4653,5592.0,4.541,0.797
11622985,K02550.01,,CANDIDATE,18.0243482,3.575,441.2,1.98,683.0,51.44,17.3,0.57,5955.0,4.52,0.91
11361283,K02551.01,,CANDIDATE,16.4793229,3.312,479.1,1.53,537.0,19.62,13.8,0.263,4908.0,4.618,0.716
6364215,K02404.01,,CANDIDATE,2.10081629,2.8182,169.1,1.65,1378.0,852.78,15.3,0.979,5815.0,4.5,0.918
6467363,K02840.01,,CANDIDATE,3.67936863,3.47,85.9,0.92,1112.0,361.27,18.1,0.885,5676.0,4.474,0.848
6467363,K02840.02,,CANDIDATE,7.4464635,4.084,78.0,0.77,879.0,141.12,12.7,0.531,5676.0,4.474,0.848
10073672,K02764.01,,CANDIDATE,2.252976718,1.7131,467.9,1.19,795.0,94.26,21.7,0.157,4039.0,4.708,0.559
6842807,K02921.01,,CANDIDATE,16.6146221,2.706,361.2,1.49,604.0,31.48,10.6,0.017,5295.0,4.548,0.8
9815053,K02923.01,,CANDIDATE,5.83892993,1.1066,237.4,1.19,835.0,114.94,15.3,0.319,5279.0,4.588,0.769
9697131,K02706.01,,CANDIDATE,3.09756897,4.588,83.3,1.75,1782.0,2380.18,14.6,0.408,6329.0,4.026,1.885
10917043,K02770.01,,CANDIDATE,205.385912,8.681,1248.7,2.11,200.0,0.38,24.3,0.008,4400.0,4.659,0.624
6697605,K02851.02,,CANDIDATE,1.23935745,1.683,150.9,1.5,1583.0,1488.51,9.7,0.932,5370.0,4.411,0.966
12602314,K02853.01,,CANDIDATE,1.407020118,1.3766,181.9,1.12,1350.0,782.45,18.9,0.167,5022.0,4.485,0.849
5787131,K02927.01,,CANDIDATE,24.4359956,6.254,496.6,2.31,674.0,48.81,17.1,0.019,6197.0,4.449,1.035
6346809,K02775.01,,CANDIDATE,17.57704569,2.022,670.0,27.21,673.0,48.33,19.1,1.25,5653.0,4.442,0.901
4547603,K02855.01,,CANDIDATE,1.400755743,1.0562,144.4,1.3,1628.0,1659.74,19.8,0.413,5487.0,4.333,1.072
5716763,K00272.01,,CANDIDATE,1.28132831,0.9157,525.5,4.52,2215.0,5673.71,196.4,0.926,5918.0,3.978,1.596
12416987,K02933.01,,CANDIDATE,119.0833042,2.558,2951.0,22.19,240.0,0.78,18.9,1.257,4412.0,4.662,0.623
8259713,K02935.01,,CANDIDATE,27.8813154,6.346,209.2,1.54,681.0,50.86,15.5,0.168,6434.0,4.414,1.055
11098013,K02712.01,,CANDIDATE,7.50790041,5.646,145.0,1.77,1138.0,396.33,11.9,0.795,6408.0,4.309,1.337
3425851,K00268.01,,CANDIDATE,110.3783828,12.211,489.8,3.02,473.0,11.82,108.9,0.014,6342.0,4.242,1.359
10397751,K02859.03,,CANDIDATE,4.28886792,2.599,59.3,0.57,944.0,187.43,11.1,0.534,5374.0,4.555,0.721
6679295,K02862.01,,CANDIDATE,24.5752524,2.258,1003.4,1.64,316.0,2.35,12.1,0.489,3678.0,4.755,0.512
6026737,K02949.01,,CANDIDATE,10.1747037,5.179,52.4,1.04,985.0,222.53,11.8,0.726,5866.0,4.191,1.339
4935172,K02962.01,,CANDIDATE,2.17291055,2.139,76.4,0.93,1507.0,1220.49,13.6,0.362,6164.0,4.446,1.045
8760040,K02963.02,,CANDIDATE,7.35101287,2.757,115.9,1.42,1064.0,303.08,12.8,0.608,5951.0,4.283,1.262
8176564,K02720.01,,CANDIDATE,6.57159435,3.1044,65.7,1.26,1211.0,507.81,30.7,0.751,6042.0,4.139,1.432
10604521,K02797.01,,CANDIDATE,0.868122253,1.5471,231.3,1.65,2047.0,4163.14,23.2,0.006,6116.0,4.44,1.084
4385148,K02942.01,,CANDIDATE,13.84301228,4.077,567.8,1.98,699.0,56.45,17.5,0.052,5745.0,4.559,0.837
4367854,K02876.01,,CANDIDATE,5.1952021,2.1552,320.8,1.37,836.0,115.35,17.7,0.604,5044.0,4.551,0.738
10597693,K02958.01,,CANDIDATE,31.6084371,3.675,331.6,1.89,634.0,38.1,16.2,0.022,6341.0,4.446,1.033
7466270,K02959.01,,CANDIDATE,16.1558656,3.798,731.3,2.04,455.0,10.1,17.5,0.973,4504.0,4.713,0.53
2985587,K02807.01,,CANDIDATE,3.375716723,1.5436,175.7,2.34,1472.0,1111.66,20.2,0.982,6310.0,4.273,1.282
5642620,K02882.01,,CANDIDATE,75.8580035,5.382,1148.4,2.72,281.0,1.47,16.1,0.935,4474.0,4.67,0.614
8873090,K02968.01,,CANDIDATE,10.16435076,6.017,37.7,1.99,1389.0,879.94,18.4,0.915,6133.0,3.718,2.71
9958387,K02677.01,,CANDIDATE,237.787237,10.509,1627.7,9.91,354.0,3.73,92.3,0.947,5185.0,3.936,1.853
11197853,K02813.01,,CANDIDATE,0.698461304,0.7887,134.4,14.81,5173.0,168689.02,16.1,0.459,4676.0,2.577,12.558
6716021,K02679.01,,CANDIDATE,110.7556272,6.819,8067.0,29.64,651.0,42.53,48.5,0.917,6525.0,3.772,2.668
8326342,K02680.01,,CANDIDATE,14.4079035,2.524,3058.0,23.4,624.0,35.81,7.7,1.226,5440.0,4.617,0.728
4831728,K02739.02,,CANDIDATE,7.0956395,3.465,108.1,1.2,989.0,225.73,10.5,0.06,5480.0,4.26,1.174
4249611,K02821.01,,CANDIDATE,79.2450351,5.382,1347.3,3.33,404.0,6.33,14.4,0.001,5648.0,4.464,0.917
7899070,K02683.01,,CANDIDATE,126.4451275,16.7151,3252.5,4.49,321.0,2.51,110.9,0.046,5613.0,4.581,0.795
4939533,K02899.01,,CANDIDATE,5.77207177,2.605,328.5,1.54,915.0,165.58,13.2,0.018,5591.0,4.559,0.86
4846856,K02900.01,,CANDIDATE,46.151253,5.346,649.0,2.08,423.0,7.59,17.1,0.688,5204.0,4.525,0.769
10265602,K02689.01,,CANDIDATE,165.3447044,3.09,4899.0,6.98,301.0,1.93,48.0,0.917,5594.0,4.52,0.812
4552729,K02691.01,,CANDIDATE,97.4463194,6.765,2141.1,3.05,283.0,1.52,62.8,0.063,4735.0,4.627,0.686
3663173,K02750.01,,CANDIDATE,174.636181,15.679,2500.9,11.12,481.0,12.65,37.1,0.04,5974.0,3.859,2.232
9109857,K02833.01,,CANDIDATE,1.791877025,1.166,46.1,1.48,2223.0,5787.99,12.5,0.403,6002.0,3.841,2.139
6716545,K02906.02,,CANDIDATE,145.881936,11.342,156.9,1.8,424.0,7.63,11.2,0.325,6052.0,4.183,1.424
5196864,K02695.01,,CANDIDATE,2.50343279,1.534,1156.0,20.23,1147.0,408.12,13.2,1.178,5174.0,4.483,0.84
11071200,K02696.01,,CANDIDATE,96.4562198,11.195,950.5,9.1,727.0,65.96,54.6,0.775,7029.0,3.806,2.704
11071200,K02696.02,,CANDIDATE,44.5643831,7.874,360.5,5.8,940.0,184.67,27.0,0.851,7029.0,3.806,2.704
8703129,K02758.01,,CANDIDATE,253.374581,22.889,1104.0,19.25,555.0,22.41,99.9,0.028,5177.0,3.216,5.949
6837283,K02914.01,,CANDIDATE,21.1181653,9.734,112.7,2.89,1110.0,359.11,26.3,0.675,6461.0,3.779,2.566
5613821,K02915.01,,CANDIDATE,5.06092282,2.586,71.6,0.98,998.0,234.93,15.7,0.944,5637.0,4.492,0.911
8639908,K02700.01,,CANDIDATE,0.910020582,1.7956,358.1,1.12,1127.0,380.16,29.9,0.79,4297.0,4.725,0.533
11076400,K02759.01,,CANDIDATE,1.07808492,0.8551,155.6,1.01,1417.0,951.61,22.9,0.287,4906.0,4.511,0.814
10190075,K03007.01,,CANDIDATE,11.1916199,2.1,166.4,1.47,782.0,88.34,11.9,0.895,5646.0,4.464,0.956
10749059,K03086.01,,CANDIDATE,174.731515,8.257,1179.9,3.0,287.0,1.6,16.5,0.021,5201.0,4.447,0.897
7668416,K03089.01,,CANDIDATE,0.858546796,1.1,106.1,0.88,1671.0,1846.35,12.2,0.241,5269.0,4.491,0.864
6029239,K00304.02,,CANDIDATE,5.518195,1.81,27.1,0.46,969.0,208.54,5.2,0.243,5767.0,4.538,0.881
3545478,K00366.01,,CANDIDATE,75.1122132,4.9458,3751.5,23.23,777.0,86.18,384.0,0.838,6201.0,3.616,3.354
11565544,K03013.01,,CANDIDATE,3.76562031,1.288,232.6,19.39,1084.0,326.2,14.6,1.193,5743.0,4.553,0.853
12072872,K03017.01,,CANDIDATE,2.46288834,1.724,47.4,0.67,1391.0,883.43,11.9,0.256,5893.0,4.395,0.967
8241079,K03020.01,,CANDIDATE,10.9192653,4.572,91.1,1.9,1107.0,355.29,15.0,0.434,5745.0,3.939,1.972
12168993,K03105.01,,CANDIDATE,4.21223579,7.898,116.4,1.04,887.0,146.4,12.8,0.97,5116.0,4.591,0.7
7051180,K00064.01,,CANDIDATE,1.951082219,1.6975,1151.8,10.35,2005.0,3822.26,30.1,0.925,5302.0,3.768,2.426
2446113,K00379.02,,CANDIDATE,23.1375919,3.35,114.0,1.83,837.0,115.86,12.9,0.429,6078.0,4.094,1.683
5903749,K03029.01,,CANDIDATE,18.9763286,2.379,329.8,2.24,638.0,39.11,11.0,0.922,5300.0,4.385,0.986
5903749,K03029.02,,CANDIDATE,6.34724702,3.097,159.8,1.35,919.0,168.14,11.1,0.739,5300.0,4.385,0.986
8581240,K03111.01,,CANDIDATE,10.76800074,3.494,65.1,0.92,885.0,144.85,14.2,0.583,5874.0,4.338,1.096
8581240,K03111.02,,CANDIDATE,4.32848303,2.955,35.5,0.66,1199.0,488.23,11.4,0.367,5874.0,4.338,1.096
8554498,K00005.01,,CANDIDATE,4.780327581,2.0253,960.8,7.14,1441.0,1020.05,380.8,0.952,5937.0,4.012,1.787
6949898,K03031.01,,CANDIDATE,7.64809462,2.216,195.9,1.19,840.0,117.65,12.2,0.265,5641.0,4.554,0.85
2973386,K03034.01,,CANDIDATE,31.0209175,2.012,859.5,1.66,291.0,1.7,15.1,0.881,3720.0,4.764,0.48
7022573,K03112.01,,CANDIDATE,2.118893997,0.822,311.4,1.41,1230.0,541.53,11.3,0.019,5504.0,4.583,0.796
9288237,K03114.01,,CANDIDATE,7.49133777,6.315,34.5,1.01,1291.0,656.15,14.4,0.013,6177.0,3.993,1.71
6593150,K03037.01,,CANDIDATE,5.4654174,3.209,219.5,1.23,927.0,174.08,14.2,0.301,5612.0,4.566,0.829
6523351,K03117.01,,CANDIDATE,6.06664931,1.962,65.3,0.87,915.0,165.66,10.9,0.902,5569.0,4.521,0.892
5551672,K03119.01,,CANDIDATE,2.184437698,1.0422,1546.8,0.94,529.0,18.41,19.7,0.035,3421.0,5.014,0.25
8197793,K03123.01,,CANDIDATE,15.2311195,3.91,269.1,1.94,800.0,96.84,13.1,0.192,5836.0,4.316,1.186
6357290,K03040.01,,CANDIDATE,4.8099878,1.97,288.2,1.59,1077.0,317.8,13.6,0.2,5988.0,4.507,0.934
4072955,K03041.01,,CANDIDATE,5.08288076,2.515,108.0,1.15,1183.0,462.96,12.5,0.389,6217.0,4.375,1.083
8695311,K03042.01,,CANDIDATE,31.0259489,5.692,385.4,1.91,595.0,29.67,12.7,0.153,6075.0,4.486,0.969
9834731,K03043.01,,CANDIDATE,3.08942807,3.214,85.3,1.07,1361.0,808.76,13.2,0.65,6137.0,4.418,1.103
7609674,K03128.01,,CANDIDATE,21.2360024,4.019,104.4,2.62,1048.0,285.21,15.7,0.205,6035.0,3.745,2.559
4252322,K00396.01,,CANDIDATE,14.591504451,1.1295,1490.5,36.85,879.0,140.82,68.0,1.21,5940.0,4.199,1.312
5475042,K03050.01,,CANDIDATE,1.242639742,1.763,159.3,1.02,1487.0,1159.26,16.1,0.152,5520.0,4.572,0.818
9541295,K03132.01,,CANDIDATE,0.536650319,2.383,41.9,1.35,3195.0,24688.55,31.0,0.61,6020.0,3.922,2.0
4770174,K02971.01,,CANDIDATE,6.09595681,5.502,65.7,1.26,1259.0,593.42,18.1,0.685,6313.0,4.228,1.467
8949925,K02972.01,,CANDIDATE,13.2511214,4.996,266.5,1.98,850.0,123.32,15.2,0.231,5850.0,4.297,1.217
9959492,K03051.01,,CANDIDATE,11.682369,2.71,234.5,1.45,802.0,97.62,11.2,0.6987,6089.0,4.527,0.889
8827575,K03052.01,,CANDIDATE,10.12956201,3.044,81.3,0.78,736.0,69.43,12.2,0.544,5383.0,4.528,0.842
6438099,K02976.01,,CANDIDATE,21.61313362,1.52,818.1,1.94,503.0,15.14,13.8,0.714,5267.0,4.681,0.632
3752110,K03142.01,,CANDIDATE,27.9430245,6.125,308.6,2.21,718.0,62.74,12.3,0.052,6468.0,4.363,1.25
1717722,K03145.02,,CANDIDATE,0.977311489,1.403,250.7,1.06,1331.0,737.36,14.8,0.01,4805.0,4.633,0.688
5040077,K03065.01,,CANDIDATE,0.896382269,1.113,136.4,1.0,1810.0,2524.81,11.7,0.332,5837.0,4.502,0.843
7918652,K02984.01,,CANDIDATE,11.45541896,4.95,68.6,1.12,975.0,213.86,15.8,0.116,6231.0,4.276,1.356
9230021,K03429.04,,CANDIDATE,44.433726,6.118,239.6,1.85,538.0,19.73,8.0,0.624,5596.0,4.298,1.145
3230805,K03068.01,,CANDIDATE,3.91679553,2.072,161.3,0.85,851.0,123.73,13.2,0.007,4889.0,4.637,0.686
4676964,K03069.01,,CANDIDATE,43.1024434,7.124,299.8,1.88,539.0,19.96,14.3,0.011,5741.0,4.365,1.097
4770617,K02243.03,,CANDIDATE,31.4452709,1.758,531.1,4.55,721.0,63.78,12.7,0.97,6172.0,4.198,1.471
7609553,K02924.02,,CANDIDATE,8.85686712,0.606,319.2,1.88,714.0,61.54,11.9,0.923,5017.0,4.516,0.797
11395587,K00350.01,,CANDIDATE,12.99065074,2.3748,392.3,2.02,790.0,92.12,42.5,0.068,5787.0,4.402,1.027
8509442,K02992.01,,CANDIDATE,82.6595174,3.48,1270.7,2.03,233.0,0.7,17.1,0.579,3952.0,4.716,0.553
3219643,K03072.01,,CANDIDATE,24.3367026,2.539,551.1,1.95,526.0,18.07,13.4,0.577,5141.0,4.505,0.806
8546542,K03073.01,,CANDIDATE,7.40985182,1.131,201.1,1.18,818.0,105.91,13.5,0.234,5462.0,4.56,0.836
8613535,K02263.03,,CANDIDATE,15.5943758,7.367,95.4,1.08,801.0,97.35,11.9,0.5,6249.0,4.428,1.076
10122538,K02926.05,,CANDIDATE,75.731195,4.859,2496.0,3.47,237.0,0.74,16.3,0.9,3891.0,4.718,0.564
11566064,K00353.01,,CANDIDATE,152.1060435,7.4517,3688.3,11.58,458.0,10.36,116.3,0.878,6200.0,4.072,1.64
12256520,K02264.02,,CANDIDATE,7.25101997,2.799,122.8,0.91,807.0,100.18,12.2,0.314,5382.0,4.571,0.827
12785320,K00298.02,,CANDIDATE,57.3840375,4.336,241.7,1.62,397.0,5.85,22.9,0.954,5250.0,4.541,0.79
10000941,K04146.02,,CANDIDATE,2.5738437,1.92,46.6,0.57,1129.0,384.24,10.9,0.044,5115.0,4.477,0.854
7106173,K03083.01,,CANDIDATE,10.18318233,3.137,51.5,0.79,867.0,133.56,11.2,0.449,5843.0,4.421,1.084
7106173,K03083.02,,CANDIDATE,6.2321233,2.85,31.7,0.61,1021.0,256.72,8.5,0.32,5843.0,4.421,1.084
7106173,K03083.03,,CANDIDATE,8.2942929,3.976,36.8,0.65,928.0,175.39,10.1,0.006,5843.0,4.421,1.084
8265218,K00522.01,,CANDIDATE,12.82993461,2.942,1417.4,3.31,734.0,68.41,79.6,0.594,5862.0,4.555,0.844
9214713,K00422.01,,CANDIDATE,809.0141881,8.3017,16311.3,14.38,216.0,0.51,212.9,0.717,6230.0,4.397,1.047
9334893,K02298.03,,CANDIDATE,2.47240869,1.87,47.5,0.36,887.0,145.69,9.0,0.319,4729.0,4.726,0.525
9119458,K00525.01,,CANDIDATE,11.53029332,1.8385,1209.3,3.98,873.0,137.08,57.6,0.027,5770.0,4.289,1.152
12406807,K03091.02,,CANDIDATE,7.9069765,4.634,126.1,1.13,994.0,230.28,8.3,0.038,6347.0,4.464,0.996
4548011,K04288.04,,CANDIDATE,13.9509565,5.231,35.7,0.75,849.0,122.88,11.2,0.467,5888.0,4.275,1.227
10016874,K00426.01,,CANDIDATE,16.30141333,3.5764,942.3,3.84,805.0,99.08,62.4,0.786,6072.0,4.328,1.138
10395543,K00531.01,,CANDIDATE,3.687469832,1.0668,5057.6,5.78,690.0,53.6,363.9,0.919,4004.0,4.659,0.606
7429287,K04260.04,,CANDIDATE,84.799829,15.21,56.1,1.16,491.0,13.79,14.4,0.795,5619.0,4.07,1.406
10717241,K00430.02,,CANDIDATE,9.340538,2.57,200.8,0.84,530.0,18.69,11.1,0.074,4200.0,4.664,0.607
8121310,K00317.02,,CANDIDATE,11.505879,5.583,49.8,0.99,1000.0,236.35,12.5,0.029,6336.0,4.266,1.403
11709124,K00435.02,,CANDIDATE,934.09418462,17.489,8709.6,7.89,177.0,0.23,135.5,0.4948,5937.0,4.559,0.832
11805075,K00436.01,,CANDIDATE,199.83920527,4.378,44490.0,21.48,276.0,1.36,590.6,0.811,5457.0,4.548,0.869
11824222,K00437.01,,CANDIDATE,15.84132627,1.8215,31083.0,16.84,575.0,25.77,135.8,0.891,5119.0,4.575,0.702
6268648,K01613.03,,CANDIDATE,20.605501,3.793,37.1,0.85,806.0,99.53,11.1,0.705,6099.0,4.193,1.308
8212002,K02593.02,,CANDIDATE,9.5539134,5.261,26.8,0.68,1012.0,247.86,13.1,0.142,6175.0,4.299,1.307
7017274,K03209.02,,CANDIDATE,6.77067637,5.982,65.8,1.9,1499.0,1193.45,19.6,0.127,6337.0,3.893,2.335
12366084,K00787.03,,CANDIDATE,0.589376952,1.71,80.7,0.93,2162.0,5161.1,11.4,0.491,5714.0,4.428,1.015
9872283,K01815.02,,CANDIDATE,1.74610057,1.299,54.2,1.24,1689.0,1924.75,9.2,0.032,4854.0,3.939,1.749
4951877,K00501.01,,CANDIDATE,24.7962801,8.33,574.4,2.7,664.0,45.92,43.6,0.01,5770.0,4.333,1.141
5544450,K03226.02,,CANDIDATE,6.93650854,3.674,88.7,1.51,1305.0,687.21,11.3,0.331,6615.0,4.173,1.574
8226050,K01910.02,,CANDIDATE,18.3848331,3.545,151.8,1.15,587.0,27.99,10.3,0.711,5083.0,4.468,0.872
6779260,K02678.02,,CANDIDATE,2.2165905,1.0,28.7,0.48,1215.0,515.27,2.8,0.703,5397.0,4.543,0.831
5443837,K00554.01,,CANDIDATE,3.65849707,2.573,4398.0,14.61,1583.0,1486.35,47.0,0.906,5857.0,3.972,1.822
2832589,K01942.02,,CANDIDATE,2.433703498,0.975,258.3,1.66,1112.0,362.64,10.2,0.952,5251.0,4.592,0.778
10793172,K02871.04,,CANDIDATE,7.9788198,2.874,83.8,0.99,927.0,174.85,8.3,0.05,5553.0,4.33,1.098
10285631,K00331.02,,CANDIDATE,10.52286678,1.911,130.2,23.26,1008.0,243.72,10.1,1.12,5548.0,4.038,1.614
7504328,K00458.01,,CANDIDATE,53.71798494,4.104,3153.5,155.12,1550.0,1363.11,103.0,0.93,4959.0,2.332,21.449
7199397,K00075.01,,CANDIDATE,105.8817667,18.044,1556.3,10.16,595.0,29.64,301.8,0.539,5903.0,3.757,2.499
10157458,K01083.02,,CANDIDATE,4.57797412,2.862,125.4,0.96,1024.0,259.36,9.6,0.343,5795.0,4.554,0.848
8261920,K02174.04,,CANDIDATE,3.01609637,1.57,196.3,0.96,795.0,94.1,8.1,0.7,4245.0,4.641,0.637
6716545,K02906.03,,CANDIDATE,21.9424316,7.447,72.7,1.23,797.0,95.46,10.7,0.413,6052.0,4.183,1.424
1723078,K07624.01,,CANDIDATE,330.025002,6.659,259.2,5.92,478.0,12.36,12.2,0.68,6126.0,3.578,3.466
9008220,K00466.01,,CANDIDATE,9.391039263,2.8386,2895.6,11.73,1068.0,308.13,141.0,0.964,5944.0,4.132,1.498
9955262,K00076.01,,CANDIDATE,77.4794704,10.1151,1237.0,10.33,778.0,86.59,72.6,0.019,6711.0,3.73,2.909
7906892,K04773.02,,CANDIDATE,11.1438086,7.905,41.7,0.75,906.0,159.1,10.9,0.629,6095.0,4.349,1.11
8320630,K04846.02,,CANDIDATE,32.526674,6.842,204.9,1.26,525.0,17.91,9.7,0.472,5668.0,4.545,0.868
9703198,K00469.01,,CANDIDATE,10.32906563,1.44,2309.8,6.17,908.0,160.44,114.8,0.923,6228.0,4.441,1.049
6289650,K00415.01,,CANDIDATE,166.7876551,5.8676,4764.2,7.03,334.0,2.93,183.8,0.041,5663.0,4.377,1.031
11135694,K04896.02,,CANDIDATE,49.537365,9.862,201.7,1.48,532.0,18.87,10.1,0.435,6118.0,4.416,1.023
8216763,K04838.03,,CANDIDATE,24.0721647,3.171,177.3,1.1,400.0,6.08,6.7,0.949,4352.0,4.671,0.613
6879865,K00417.01,,CANDIDATE,19.193103549,2.5425,6807.3,12.23,656.0,43.77,258.5,0.98,5883.0,4.53,0.892
3758499,K05007.02,,CANDIDATE,80.881757,12.568,142.7,2.27,581.0,26.91,12.2,0.335,5934.0,3.945,1.885
9552608,K00080.01,,CANDIDATE,9.250572762,3.6373,1039.5,96.08,1966.0,3530.57,351.4,1.234,8133.0,3.715,3.294
10221013,K00728.01,,CANDIDATE,7.189379172,2.0351,8126.4,11.94,1026.0,261.94,288.5,0.908,6214.0,4.442,1.076
2299738,K07628.01,,CANDIDATE,1.8134378,7.776,97.4,0.69,1158.0,423.67,19.1,0.418,5094.0,4.618,0.7
7619236,K00682.01,,CANDIDATE,562.1725914,9.8841,5877.8,10.9,241.0,0.8,208.4,0.7801,5589.0,4.229,1.289
7630229,K00683.01,,CANDIDATE,278.1243979,3.978,2297.8,5.86,286.0,1.57,58.5,0.871,5799.0,4.408,1.05
7730747,K00684.01,,CANDIDATE,4.034914368,1.7874,800.1,6.95,1452.0,1052.15,92.6,0.965,5548.0,3.964,1.793
7906882,K00686.01,,CANDIDATE,52.513548727,3.2743,14252.3,12.43,472.0,11.73,825.0,0.679,5589.0,4.421,0.98
7976520,K00687.01,,CANDIDATE,4.17838675,2.123,316.0,3.13,1430.0,988.44,15.1,0.617,5746.0,4.039,1.687
2302997,K07630.01,,CANDIDATE,16.2982201,2.558,199.0,0.78,388.0,5.38,7.9,0.698,3905.0,4.736,0.521
8505215,K00099.01,,CANDIDATE,2190.7010353,19.891,1874.2,3.12,109.0,0.03,94.8,0.2597,4965.0,4.555,0.736
10265898,K00732.02,,CANDIDATE,3.29534567,1.902,141.9,1.23,1139.0,397.37,10.4,0.729,5550.0,4.5,0.954
12600735,K00548.02,,CANDIDATE,6.0799457,2.706,55.1,0.86,1101.0,348.11,7.3,0.097,6008.0,4.35,1.168
10272442,K00734.02,,CANDIDATE,70.2780911,2.466,781.6,2.54,434.0,8.38,14.9,0.07,5955.0,4.52,0.91
4055765,K00100.01,,CANDIDATE,9.9664004,5.0127,1619.0,16.89,1578.0,1466.1,125.9,0.966,6638.0,3.664,3.079
5131180,K00641.01,,CANDIDATE,14.85185526,3.5263,1341.0,2.73,457.0,10.3,58.3,0.815,4129.0,4.636,0.652
10843431,K07378.02,,CANDIDATE,56.391062,5.7,2042.0,3.58,310.0,2.18,11.4,0.92,4406.0,4.643,0.628
10287242,K00735.01,,CANDIDATE,22.34213536,6.461,2264.4,5.19,526.0,18.14,51.9,0.973,5237.0,4.568,0.707
5596440,K00648.01,,CANDIDATE,10.47490332,33.7939,1170.2,15.45,1567.0,1427.2,150.5,0.972,6526.0,3.616,3.232
9588822,K04388.02,,CANDIDATE,61.858947,21.32,70.8,2.47,699.0,56.48,9.1,0.621,5529.0,3.685,2.817
10610039,K04577.02,,CANDIDATE,3.07365139,2.102,90.5,0.79,1215.0,515.92,9.6,0.034,6068.0,4.565,0.831
1025986,K07621.01,,CANDIDATE,275.07365,3.37,228.9,1.86,303.0,2.0,7.5,0.595,5604.0,4.226,1.187
11284772,K04622.02,,CANDIDATE,4.50158249,1.855,175.7,0.73,676.0,49.21,9.7,0.016,4339.0,4.711,0.553
4832837,K00605.02,,CANDIDATE,5.06546874,2.203,121.1,0.62,592.0,29.01,10.4,0.477,3939.0,4.705,0.557
5441980,K00607.01,,CANDIDATE,5.89399142,1.2737,10993.0,11.16,940.0,185.03,252.5,0.867,5713.0,4.541,0.893
10972902,K04692.02,,CANDIDATE,7.6720844,3.451,75.1,0.72,875.0,138.74,8.4,0.523,5972.0,4.57,0.807
6309763,K00611.01,,CANDIDATE,3.251659087,1.5286,4747.9,9.83,1384.0,865.87,466.2,0.938,6367.0,4.419,1.087
9413156,K04700.02,,CANDIDATE,66.47762,4.487,553.5,1.83,388.0,5.34,9.1,0.384,5515.0,4.592,0.775
9846348,K00716.01,,CANDIDATE,26.89316101,2.3266,2193.2,6.78,614.0,33.54,119.6,0.98,6096.0,4.511,0.908
2696205,K07636.01,,CANDIDATE,0.702739679,1.379,65.1,0.73,1765.0,2292.96,9.5,0.742,5269.0,4.508,0.836
12251650,K00621.01,,CANDIDATE,17.761998411,2.4644,24176.9,14.25,538.0,19.78,731.7,0.907,5088.0,4.612,0.669
12417486,K00622.01,,CANDIDATE,155.042265,9.848,4880.9,26.44,511.0,16.15,117.9,0.824,4994.0,3.509,3.322
2834805,K07638.01,,CANDIDATE,25.0032023,5.498,64.1,1.47,837.0,116.27,12.6,0.756,6148.0,4.055,1.685
2569995,K07634.01,,CANDIDATE,80.84069,8.567,9326.0,15.11,500.0,14.83,21.6,0.003,5511.0,4.069,1.597
2577353,K07635.01,,CANDIDATE,60.458443,8.43,175.2,1.59,511.0,16.14,9.7,0.451,5865.0,4.297,1.181
4478168,K00626.02,,CANDIDATE,8.0292018,3.462,65.6,0.99,1040.0,276.27,11.7,0.51,6063.0,4.29,1.191
7256914,K04136.01,,CANDIDATE,2.41750021,4.33,58.2,1.19,1507.0,1221.36,15.2,0.895,5575.0,4.189,1.308
7256914,K04136.02,,CANDIDATE,4.03357434,5.886,66.2,1.23,1270.0,616.04,15.5,0.855,5575.0,4.189,1.308
6871071,K02220.04,,CANDIDATE,7.66462913,3.614,114.1,1.6,1106.0,353.31,13.2,0.216,5640.0,4.087,1.515
3112129,K04144.01,,CANDIDATE,0.487656278,1.0129,109.8,0.99,2299.0,6647.8,25.1,0.037,5957.0,4.506,0.937
3103212,K04145.01,,CANDIDATE,3.25424652,5.378,82.1,0.96,1220.0,521.81,18.3,0.665,5692.0,4.421,1.004
6871071,K02220.05,,CANDIDATE,11.9294568,3.193,132.3,1.05,797.0,95.42,11.7,0.3789,5975.0,4.48,0.9
10875007,K04149.01,,CANDIDATE,9.54699216,5.063,143.0,1.71,996.0,232.24,17.4,0.879,6274.0,4.357,1.232
10875007,K04149.02,,CANDIDATE,14.708641,5.394,130.6,1.82,862.0,130.5,12.8,0.96,6274.0,4.357,1.232
7021681,K00255.02,,CANDIDATE,13.6032081,2.592,180.5,0.75,397.0,5.85,9.4,0.777,3780.0,4.746,0.511
11967788,K04021.01,,CANDIDATE,7.23531329,3.338,112.2,1.53,1207.0,501.36,14.0,0.326,6422.0,4.219,1.421
7199060,K04152.01,,CANDIDATE,64.1862264,8.485,507.3,8.0,839.0,116.97,18.6,0.968,6951.0,3.766,2.758
11967788,K04021.02,,CANDIDATE,4.93211932,3.144,50.5,1.02,1372.0,837.01,7.5,0.034,6422.0,4.219,1.421
7733731,K04022.01,,CANDIDATE,4.85819429,5.356,76.3,2.04,1685.0,1904.91,25.2,0.086,6109.0,3.78,2.326
3110177,K07644.01,,CANDIDATE,3.39904814,2.922,69.6,0.81,1191.0,477.15,8.1,0.596,5766.0,4.444,0.929
3232249,K07648.01,,CANDIDATE,1.183505016,1.275,116.6,0.8,1293.0,658.87,10.0,0.403,4832.0,4.592,0.746
7449554,K02357.02,,CANDIDATE,15.9042402,2.093,444.8,3.79,863.0,131.11,13.3,0.876,5583.0,4.077,1.53
8282651,K02193.02,,CANDIDATE,4.16288745,0.678,391.7,1.32,763.0,80.23,12.0,0.4265,4478.0,4.615,0.651
5688683,K04097.02,,CANDIDATE,4.44902309,1.373,88.9,0.55,699.0,56.19,10.4,0.034,4353.0,4.681,0.603
8222627,K04098.01,,CANDIDATE,1.121733366,1.032,84.3,2.39,2384.0,7641.15,13.6,0.464,5023.0,3.682,2.571
2984990,K07641.01,,CANDIDATE,3.79437277,2.289,83.2,1.36,1383.0,865.53,7.7,0.05,5455.0,4.025,1.507
7758018,K04105.01,,CANDIDATE,363.41165,14.79,961.7,3.14,263.0,1.12,17.4,0.3923,6025.0,4.472,0.999
8264402,K04037.01,,CANDIDATE,215.956008,10.425,392.7,3.36,361.0,4.03,23.3,0.959,6163.0,4.27,1.313
3129238,K07645.01,,CANDIDATE,2.00870696,4.87,53.5,0.55,1232.0,542.87,12.2,0.194,5341.0,4.526,0.759
7907808,K04109.01,,CANDIDATE,0.655939788,1.318,73.0,1.48,2411.0,7986.43,18.7,0.301,4968.0,3.924,1.755
9700449,K04120.01,,CANDIDATE,110.461746,12.46,331.2,1.93,420.0,7.34,15.8,0.036,6321.0,4.434,1.058
6140059,K04123.01,,CANDIDATE,44.6226725,12.974,131.9,1.73,613.0,33.39,20.6,0.931,6198.0,4.252,1.239
3852872,K07673.01,,CANDIDATE,80.769893,4.2,128.5,1.87,475.0,12.07,6.7,0.158,4965.0,3.961,1.708
9086154,K04060.01,,CANDIDATE,225.26213,14.459,389.2,2.36,329.0,2.77,24.6,0.349,5799.0,4.276,1.191
11970988,K04129.01,,CANDIDATE,2.31482311,2.127,58.6,0.69,1237.0,554.4,14.2,0.067,5240.0,4.428,0.923
6792908,K04341.01,,CANDIDATE,10.778313,5.256,90.7,1.25,1067.0,306.18,12.5,0.591,6726.0,4.262,1.258
10534155,K04345.01,,CANDIDATE,4.32710895,1.387,108.9,26.6,1397.0,900.23,12.9,1.158,5776.0,4.018,1.455
10397751,K02859.04,,CANDIDATE,2.90512019,2.293,61.2,0.57,1075.0,314.96,13.2,0.417,5374.0,4.555,0.721
6350882,K04410.01,,CANDIDATE,5.04404366,1.682,236.5,1.47,1078.0,318.92,11.6,0.08,6039.0,4.493,0.951
3450040,K04205.01,,CANDIDATE,1.166960319,1.6823,97.8,0.88,1596.0,1534.29,17.9,0.033,5632.0,4.537,0.904
9456281,K04207.01,,CANDIDATE,0.701944362,0.641,210.8,0.8,1227.0,535.78,17.1,0.07,4236.0,4.698,0.539
5129453,K04208.01,,CANDIDATE,3.05772668,1.819,311.0,1.23,878.0,141.1,13.7,0.007,4483.0,4.57,0.731
7918478,K04209.01,,CANDIDATE,9.9092109,2.552,942.0,2.35,693.0,54.54,6.4,0.755,5396.0,4.632,0.702
9509343,K04346.01,,CANDIDATE,6.39269778,2.138,174.3,1.21,890.0,148.31,11.3,0.011,5248.0,4.416,0.943
7673841,K02585.03,,CANDIDATE,7.87845756,3.912,44.1,0.78,989.0,226.11,10.5,0.562,5767.0,4.287,1.135
11968463,K02433.04,,CANDIDATE,27.9040511,5.346,300.2,2.19,677.0,49.53,12.8,0.854,6325.0,4.409,1.112
5436161,K04351.01,,CANDIDATE,0.644322147,0.893,1076.6,24.39,1592.0,1516.94,79.6,1.3275,5136.0,4.648,0.612
4571844,K04353.01,,CANDIDATE,17.8075656,1.643,1511.0,3.92,742.0,71.56,11.8,0.474,6194.0,4.45,0.981
2859893,K04418.01,,CANDIDATE,333.03842,5.948,1260.0,3.19,247.0,0.89,7.0,0.2184,5743.0,4.534,0.903
6026737,K02949.02,,CANDIDATE,3.75030469,3.246,35.5,0.87,1374.0,842.07,10.3,0.77,5866.0,4.191,1.339
7582691,K04419.01,,CANDIDATE,0.259819659,0.6513,231.5,1.22,1559.0,1410.9,24.1,0.972,3939.0,4.736,0.526
9836563,K04421.01,,CANDIDATE,4.72693131,4.036,26.2,0.61,1203.0,495.58,11.5,0.065,5950.0,4.323,1.196
1724719,K04212.02,,CANDIDATE,10.0989634,6.428,57.0,1.03,1016.0,251.36,8.9,0.529,6174.0,4.244,1.318
11081504,K04287.01,,CANDIDATE,13.12297275,2.234,43.7,1.29,1030.0,266.05,12.9,0.885,6134.0,4.065,1.665
12016267,K02590.02,,CANDIDATE,22.7909233,9.565,53.6,1.38,862.0,130.75,19.4,0.871,6311.0,4.116,1.642
3550372,K04357.01,,CANDIDATE,0.681180633,0.8844,156.4,2.97,2782.0,14116.16,16.6,0.31,4939.0,3.635,2.377
8240790,K04426.01,,CANDIDATE,369.13236,10.34,215.9,2.14,328.0,2.73,11.9,0.0824,6282.0,4.151,1.449
4548011,K04288.02,,CANDIDATE,9.08745206,3.786,35.1,0.73,980.0,217.95,11.7,0.341,5888.0,4.275,1.227
7191646,K04358.01,,CANDIDATE,106.957467,7.006,539.6,2.4,394.0,5.7,11.7,0.705,6075.0,4.486,0.969
7801070,K04361.01,,CANDIDATE,75.8781344,1.383,1054.0,3.39,417.0,7.18,11.9,0.705,5579.0,4.413,0.972
4172805,K04427.01,,CANDIDATE,147.661729,6.207,1087.8,1.59,176.0,0.23,13.2,0.002,3788.0,4.774,0.49
5126182,K04428.01,,CANDIDATE,13.00291716,3.058,225.3,1.28,710.0,60.11,14.0,0.701,5796.0,4.575,0.8
8949925,K02972.02,,CANDIDATE,42.0292298,8.499,373.7,2.33,578.0,26.46,14.5,0.015,5850.0,4.297,1.217
9642018,K04430.01,,CANDIDATE,0.505111993,0.4053,212.8,1.58,1886.0,2970.58,18.7,0.841,5262.0,4.59,0.783
7661893,K04296.01,,CANDIDATE,2.49385348,1.414,46.9,0.59,1251.0,579.64,12.3,0.331,5615.0,4.477,0.85
9776794,K04363.01,,CANDIDATE,18.22211768,2.044,2318.0,7.45,620.0,34.99,15.2,0.973,5162.0,4.411,0.958
7673192,K02722.05,,CANDIDATE,16.5340022,4.063,89.2,1.17,819.0,106.21,9.3,0.525,6052.0,4.285,1.202
11124436,K04442.01,,CANDIDATE,13.9482197,7.686,119.4,2.53,1063.0,301.8,14.5,0.197,5529.0,3.808,2.346
5780855,K04443.01,,CANDIDATE,5.67577999,3.554,51.2,1.22,1357.0,802.11,11.2,0.91,6681.0,4.233,1.438
9491832,K04226.01,,CANDIDATE,49.564693,8.54,113.5,1.63,588.0,28.19,15.0,0.685,5907.0,4.212,1.442
2852941,K04298.01,,CANDIDATE,2.89494709,3.254,45.8,1.16,1919.0,3204.25,14.3,0.191,7087.0,4.137,1.684
10647452,K04366.01,,CANDIDATE,0.762950224,1.133,187.3,1.0,1651.0,1763.73,15.8,0.197,5385.0,4.61,0.731
4773392,K04367.01,,CANDIDATE,170.995748,3.88,477.1,4.9,463.0,10.86,15.5,0.839,6127.0,3.991,1.983
9936080,K04431.01,,CANDIDATE,19.5650801,4.242,61.7,0.97,791.0,92.77,13.8,0.025,6180.0,4.294,1.235
6290935,K04302.01,,CANDIDATE,5.53312006,3.486,53.1,1.05,1303.0,680.77,13.4,0.299,6170.0,4.15,1.425
12734396,K04303.01,,CANDIDATE,200.721168,9.91,822.5,3.32,327.0,2.72,13.1,0.234,5566.0,4.275,1.17
8278685,K04435.01,,CANDIDATE,10.8614163,6.02,64.8,1.01,899.0,154.68,12.9,0.939,6339.0,4.454,1.017
6103377,K03004.02,,CANDIDATE,7.03965141,3.141,268.7,2.72,1171.0,445.49,9.8,0.778,5902.0,4.128,1.513
3660581,K07662.01,,CANDIDATE,4.72519164,3.751,98.8,3.98,2250.0,6060.79,10.0,0.6,6655.0,3.49,3.831
10794974,K04235.01,,CANDIDATE,66.6434565,2.385,277.3,2.99,476.0,12.17,14.8,0.985,5751.0,4.339,1.164
3558849,K04307.01,,CANDIDATE,160.850075,9.427,428.1,3.41,413.0,6.87,16.1,0.769,5999.0,4.168,1.507
5175024,K02563.02,,CANDIDATE,6.2614227,4.779,51.4,0.81,1146.0,407.58,10.6,0.069,6384.0,4.361,1.121
10991114,K04374.01,,CANDIDATE,3.70386741,1.41,125.7,0.86,1012.0,247.2,13.1,0.033,5496.0,4.592,0.776
4945764,K04377.01,,CANDIDATE,19.8751355,8.041,109.0,2.49,1061.0,299.47,15.2,0.919,6918.0,4.021,2.004
9834731,K03043.02,,CANDIDATE,7.2929891,4.053,72.5,0.73,904.0,158.19,7.1,0.022,5959.0,4.549,0.856
9514372,K04242.01,,CANDIDATE,145.786556,4.891,378.0,1.82,331.0,2.84,13.9,0.133,5578.0,4.44,0.95
3762750,K07668.01,,CANDIDATE,2.5093344,1.833,184.3,1.47,1483.0,1143.04,8.4,0.019,6278.0,4.425,1.081
9886361,K02732.04,,CANDIDATE,24.5607107,8.679,55.2,1.13,787.0,90.55,14.9,0.374,6170.0,4.192,1.499
12737015,K04245.01,,CANDIDATE,24.6683831,8.556,109.2,1.76,788.0,91.32,15.3,0.751,6059.0,4.151,1.554
8482059,K04247.01,,CANDIDATE,349.41047,15.02,652.8,2.41,253.0,0.97,17.7,0.2791,5878.0,4.512,0.945
9286088,K04318.01,,CANDIDATE,14.8162925,4.973,108.2,1.57,912.0,163.33,12.5,0.857,6356.0,4.27,1.325
6937529,K04382.02,,CANDIDATE,3.98167088,3.609,44.7,0.79,1356.0,798.79,10.3,0.2076,6484.0,4.377,1.173
5197233,K04178.01,,CANDIDATE,7.016016,3.8,169.0,1.72,1138.0,396.43,6.3,0.89,6642.0,4.39,1.136
7119481,K00566.03,,CANDIDATE,42.068554,5.723,186.3,1.32,541.0,20.28,9.8,0.022,6122.0,4.487,0.964
8741470,K04251.01,,CANDIDATE,6.23968392,0.668,155.9,1.55,1060.0,299.03,9.0,0.679,5751.0,4.303,1.143
2997459,K04389.01,,CANDIDATE,16.3368863,3.597,225.9,1.27,642.0,40.22,12.1,0.066,5410.0,4.49,0.859
8330207,K04390.01,,CANDIDATE,1.63668262,1.907,921.7,103.99,2562.0,10160.3,12.9,1.22,5234.0,3.436,3.739
5881813,K02744.02,,CANDIDATE,11.615625,2.233,191.2,2.84,905.0,158.69,8.8,0.977,5332.0,4.083,1.453
9202434,K04253.01,,CANDIDATE,173.2578372,2.027,687.0,117.29,376.0,4.73,13.5,1.9038,6392.0,4.399,1.162
7901016,K04257.01,,CANDIDATE,41.6757509,10.848,142.0,2.1,690.0,53.72,22.6,0.256,5745.0,3.957,1.763
5385410,K04323.01,,CANDIDATE,11.49589567,2.256,108.3,1.59,1057.0,295.46,13.2,0.295,6290.0,4.133,1.506
7749002,K04325.01,,CANDIDATE,0.609926502,1.2529,133.8,1.12,2141.0,4990.14,15.3,0.24,5936.0,4.501,0.965
3848083,K07670.01,,CANDIDATE,8.4795266,6.052,163.3,1.18,865.0,132.02,8.0,0.136,5841.0,4.52,0.931
6359926,K04391.01,,CANDIDATE,49.4746966,10.46,291.0,1.62,498.0,14.5,17.2,0.491,5952.0,4.475,0.928
8324518,K04393.01,,CANDIDATE,1.62888267,1.72,130.9,0.92,1327.0,733.67,12.5,0.147,5398.0,4.571,0.811
3103473,K04395.01,,CANDIDATE,1.920062587,1.437,226.8,1.12,1189.0,471.84,12.6,0.387,5266.0,4.611,0.741
5785279,K04259.01,,CANDIDATE,0.909127736,1.431,98.7,0.98,1818.0,2566.87,13.9,0.098,5486.0,4.389,0.996
9896018,K02579.03,,CANDIDATE,10.30148508,3.903,162.7,1.6,934.0,180.14,12.6,0.445,5887.0,4.292,1.235
12456063,K04329.01,,CANDIDATE,17.8007815,6.547,44.5,1.02,816.0,105.04,14.2,0.928,6240.0,4.326,1.252
5096053,K04331.01,,CANDIDATE,1.717859841,0.908,66.3,1.45,2212.0,5645.85,9.5,0.35,6694.0,4.084,1.732
5802637,K04398.01,,CANDIDATE,7.3422467,2.029,366.8,1.6,837.0,115.93,11.8,0.253,5573.0,4.562,0.839
5531694,K00647.02,,CANDIDATE,8.1134681,4.961,40.5,0.92,1127.0,381.27,10.5,0.454,6011.0,4.123,1.409
7107802,K02420.02,,CANDIDATE,5.4675514,3.283,87.2,1.07,1078.0,319.36,10.4,0.27,5557.0,4.288,1.151
12509829,K04264.01,,CANDIDATE,0.888478095,1.5312,340.4,1.51,1665.0,1825.96,24.6,0.452,5553.0,4.577,0.806
2576962,K04333.01,,CANDIDATE,309.25581,10.72,421.4,2.18,287.0,1.61,9.9,0.2875,6060.0,4.419,1.057
10140274,K04334.01,,CANDIDATE,2.44232399,1.921,229.0,1.1,1029.0,264.82,14.1,0.303,4849.0,4.561,0.738
8345384,K04399.01,,CANDIDATE,42.1003351,1.0834,214.0,1.42,466.0,11.17,13.9,0.88,5595.0,4.57,0.82
9072639,K04198.01,,CANDIDATE,1.182862515,2.928,22.3,1.26,2800.0,14544.87,16.5,0.284,6017.0,3.699,2.639
8890924,K04269.02,,CANDIDATE,4.4408541,8.083,33.9,1.74,1642.0,1719.2,12.0,0.005,5159.0,3.604,3.062
4054784,K07679.01,,CANDIDATE,1.8679943,1.087,73.4,0.7,1291.0,658.77,10.0,0.173,5487.0,4.568,0.815
10745365,K04405.01,,CANDIDATE,8.9172863,4.468,196.3,1.39,931.0,177.84,7.2,0.062,6210.0,4.467,0.986
8396660,K04407.01,,CANDIDATE,1.33807075,1.425,20.2,0.6,2008.0,3844.97,8.5,0.003,6355.0,4.299,1.319
9716028,K04273.01,,CANDIDATE,17.3731821,3.36,71.7,1.31,901.0,155.73,14.0,0.227,6180.0,4.155,1.54
6223324,K04274.01,,CANDIDATE,1.97507424,2.61,130.5,1.08,1477.0,1122.82,15.0,0.152,6065.0,4.495,0.947
9773980,K04691.01,,CANDIDATE,3.3879165,1.818,78.6,1.09,1336.0,750.6,10.4,0.117,5702.0,4.247,1.245
10467714,K04480.01,,CANDIDATE,58.7488629,3.191,473.6,1.75,425.0,7.7,13.6,0.186,5574.0,4.505,0.805
4141593,K07685.01,,CANDIDATE,64.740274,15.082,113.1,1.35,518.0,16.96,16.4,0.74,5999.0,4.263,1.177
7778427,K04482.01,,CANDIDATE,5.38299284,3.336,35.1,0.78,1253.0,582.98,10.7,0.417,6256.0,4.27,1.293
6523058,K04549.01,,CANDIDATE,2.0481582,1.899,183.3,1.16,1346.0,773.92,11.7,0.179,5799.0,4.548,0.86
11769689,K04551.01,,CANDIDATE,14.7179342,5.844,132.3,1.25,784.0,89.3,12.7,0.704,6102.0,4.449,1.018
9457948,K04694.01,,CANDIDATE,19.2527652,4.862,138.5,1.24,740.0,71.04,10.8,0.028,6258.0,4.442,1.046
4072271,K07680.01,,CANDIDATE,219.20579,14.5,207.8,2.66,456.0,10.18,15.2,0.517,6990.0,4.115,1.785
8098212,K04487.01,,CANDIDATE,3.48754109,1.811,85.1,0.72,988.0,224.74,7.3,0.32,5252.0,4.593,0.783
6369131,K04554.01,,CANDIDATE,8.0772455,7.272,79.2,2.61,1228.0,537.66,12.5,0.984,5684.0,3.915,2.032
7820699,K04555.01,,CANDIDATE,364.08733,14.09,372.0,1.39,211.0,0.47,8.8,0.1702,5376.0,4.601,0.727
10257229,K04557.01,,CANDIDATE,5.75651958,2.309,65.3,0.83,1089.0,332.97,11.2,0.247,6208.0,4.454,1.024
3539231,K04626.01,,CANDIDATE,91.95723,10.471,308.4,2.66,497.0,14.41,12.3,0.015,5854.0,4.114,1.528
6311891,K04627.01,,CANDIDATE,7.51731745,2.484,170.7,1.19,861.0,129.74,10.7,0.256,5525.0,4.488,0.923
7834045,K04630.01,,CANDIDATE,44.6966177,10.532,257.3,2.46,637.0,38.95,15.3,0.373,5929.0,4.123,1.518
10663738,K04698.01,,CANDIDATE,8.5275894,2.959,112.5,1.28,1049.0,286.1,10.4,0.311,6469.0,4.385,1.193
7891294,K04699.01,,CANDIDATE,3.07714195,3.571,34.2,1.08,1493.0,1175.0,9.9,0.983,6108.0,4.251,1.336
9413156,K04700.01,,CANDIDATE,3.83488354,2.026,243.0,1.2,1003.0,239.15,10.9,0.242,5515.0,4.592,0.775
5431027,K04558.01,,CANDIDATE,8.8233996,6.735,104.6,1.13,929.0,176.13,13.3,0.022,5602.0,4.269,1.121
6070337,K04632.01,,CANDIDATE,40.0691482,2.928,784.1,13.25,458.0,10.42,10.5,1.125,5485.0,4.575,0.762
5954001,K04633.01,,CANDIDATE,11.6933447,6.551,66.9,1.12,950.0,192.95,12.7,0.353,6049.0,4.248,1.354
8196226,K04634.01,,CANDIDATE,4.02745396,1.33,85.2,0.98,1250.0,577.46,10.8,0.304,6174.0,4.398,1.041
9002538,K03196.01,,CANDIDATE,4.96061094,2.864,20.4,0.59,1272.0,618.99,12.5,0.058,6117.0,4.244,1.298
5642688,K04705.01,,CANDIDATE,1.4733245,1.406,124.0,1.03,1576.0,1453.8,11.9,0.197,5751.0,4.431,0.921
5552562,K04495.01,,CANDIDATE,5.93218209,4.507,205.3,1.39,1000.0,235.68,14.9,0.097,5843.0,4.474,0.977
6186182,K04496.01,,CANDIDATE,96.384483,5.253,591.0,2.41,400.0,6.03,10.4,0.095,5919.0,4.485,1.0
4073017,K07681.01,,CANDIDATE,6.05552018,2.818,134.6,0.92,844.0,119.89,9.8,0.19,5352.0,4.585,0.805
10585749,K04563.01,,CANDIDATE,54.333582,10.545,152.0,1.7,513.0,16.37,10.5,0.823,5500.0,4.228,1.221
9579208,K03165.01,,CANDIDATE,4.11754421,4.362,34.3,1.02,1581.0,1477.06,22.1,0.312,6263.0,4.024,1.726
9773270,K04636.01,,CANDIDATE,122.749053,8.342,1041.2,6.13,348.0,3.48,15.0,0.997,5619.0,4.488,0.976
9457728,K04637.01,,CANDIDATE,4.37992345,4.949,15.5,0.81,1608.0,1579.65,13.9,0.728,6311.0,3.993,1.918
2303903,K04709.01,,CANDIDATE,3.70858595,1.94,305.4,1.33,995.0,231.84,11.3,0.115,5420.0,4.596,0.771
9278216,K04710.01,,CANDIDATE,9.4527721,3.817,197.3,1.3,832.0,113.38,11.3,0.746,5973.0,4.547,0.857
8355131,K04711.01,,CANDIDATE,4.3638313,1.457,194.1,1.08,976.0,214.31,10.3,0.39,5623.0,4.596,0.763
12645057,K04497.01,,CANDIDATE,6.83006228,3.315,187.4,1.09,882.0,142.95,12.1,0.006,5807.0,4.576,0.8
4844367,K04498.01,,CANDIDATE,17.1622587,4.668,312.2,22.42,674.0,48.86,11.7,1.201,5729.0,4.509,0.939
10937749,K04499.01,,CANDIDATE,5.19898615,2.359,136.8,1.04,1035.0,271.21,11.5,0.428,6058.0,4.54,0.867
8332521,K04567.01,,CANDIDATE,14.74426,8.168,113.6,8.1,784.0,89.04,11.9,1.063,6146.0,4.454,0.987
4060229,K04570.01,,CANDIDATE,35.0175053,3.608,292.0,2.13,617.0,34.32,12.8,0.809,5944.0,4.293,1.123
8443527,K03197.01,,CANDIDATE,22.599501,4.38,76.9,0.96,734.0,68.48,2.9,0.12,6335.0,4.375,1.087
10907132,K04503.01,,CANDIDATE,5.89089509,2.402,267.7,1.54,985.0,223.02,11.7,0.282,5869.0,4.513,0.942
6520753,K04504.01,,CANDIDATE,4.13029832,2.461,325.3,1.44,995.0,231.52,8.7,0.041,5490.0,4.557,0.81
9893468,K04575.01,,CANDIDATE,201.325036,14.4,125.4,1.98,410.0,6.71,14.2,0.597,6120.0,4.093,1.699
11655826,K04643.01,,CANDIDATE,5.59346375,1.668,236.5,1.43,1008.0,243.63,9.5,0.079,5874.0,4.498,0.933
1721157,K04644.01,,CANDIDATE,3.44928111,1.424,237.0,1.23,966.0,206.55,9.7,0.534,5119.0,4.591,0.781
9947653,K04647.01,,CANDIDATE,37.9043889,11.638,98.2,1.97,693.0,54.36,13.9,0.473,5303.0,3.87,1.964
9002538,K03196.02,,CANDIDATE,6.88297756,2.065,30.4,0.77,1141.0,400.53,13.2,0.707,6117.0,4.244,1.298
5253802,K04713.01,,CANDIDATE,8.7963166,4.696,96.5,1.36,882.0,142.92,11.9,0.979,5780.0,4.438,1.0
12554634,K04714.01,,CANDIDATE,2.049602348,1.061,186.1,1.08,1203.0,494.57,11.3,0.435,5356.0,4.589,0.78
6264750,K04715.01,,CANDIDATE,53.285584,6.492,158.6,1.44,537.0,19.63,11.0,0.754,6015.0,4.297,1.057
11290515,K04716.01,,CANDIDATE,5.8943338,3.475,28.9,0.61,1092.0,335.9,10.7,0.003,5929.0,4.357,1.145
6520753,K04504.02,,CANDIDATE,8.119343,3.558,350.4,1.5,794.0,94.08,8.2,0.032,5490.0,4.557,0.81
8493354,K04505.01,,CANDIDATE,18.0071438,5.401,80.8,1.05,799.0,96.25,13.1,0.081,6173.0,4.314,1.167
5457326,K04508.01,,CANDIDATE,2.49915311,1.803,179.2,1.02,983.0,220.65,13.4,0.666,4705.0,4.572,0.72
10610039,K04577.01,,CANDIDATE,105.997107,3.751,430.8,1.83,373.0,4.59,10.9,0.667,6068.0,4.565,0.831
8628761,K04580.01,,CANDIDATE,6.30432354,2.508,40.0,1.23,1510.0,1229.72,10.7,0.665,6728.0,3.987,1.836
4750669,K04649.01,,CANDIDATE,3.38419892,1.485,228.2,1.2,1074.0,313.79,11.5,0.176,5613.0,4.581,0.795
6717252,K04651.01,,CANDIDATE,1.19260017,1.502,58.0,0.77,1726.0,2107.84,11.7,0.015,5600.0,4.349,1.013
4902202,K04717.01,,CANDIDATE,216.456055,11.067,1002.8,3.61,320.0,2.48,14.2,0.033,5645.0,4.299,1.155
11350118,K04509.01,,CANDIDATE,12.003678,2.799,281.7,0.97,503.0,15.12,12.0,0.076,4328.0,4.654,0.594
2572029,K04581.01,,CANDIDATE,6.0059966,3.096,39.2,0.73,1130.0,385.87,7.8,0.135,6103.0,4.331,1.16
7905106,K04582.01,,CANDIDATE,4.22426989,4.22,13.6,0.35,1069.0,309.32,11.0,0.716,5735.0,4.501,0.883
9007151,K04583.01,,CANDIDATE,330.906041,3.846,740.0,2.05,225.0,0.6,7.3,0.005,5461.0,4.589,0.769
4450844,K03168.01,,CANDIDATE,56.3479517,8.789,43.6,1.06,586.0,27.97,15.1,0.768,5843.0,4.086,1.471
11181260,K04653.01,,CANDIDATE,19.9778599,5.96,83.4,1.07,773.0,84.29,12.8,0.172,6392.0,4.399,1.162
2558163,K04655.01,,CANDIDATE,17.543847,5.948,196.3,1.15,658.0,44.42,9.9,0.579,5957.0,4.579,0.791
8107611,K04656.01,,CANDIDATE,3.8183717,2.687,50.8,1.39,1683.0,1894.37,11.8,0.878,6738.0,4.109,1.692
8752940,K04730.01,,CANDIDATE,9.07829171,0.783,530.9,3.69,984.0,221.32,7.0,0.164,5086.0,4.002,1.611
4384909,K07693.01,,CANDIDATE,6.41097179,2.582,233.5,1.4,886.0,146.16,8.5,0.261,5383.0,4.486,0.933
11506654,K04586.01,,CANDIDATE,75.2116373,3.203,362.6,2.83,516.0,16.78,13.1,0.058,5818.0,4.165,1.5
5687700,K04587.01,,CANDIDATE,6.36283414,3.752,159.4,1.12,956.0,197.84,9.9,0.141,5955.0,4.534,0.883
8806985,K04588.01,,CANDIDATE,7.53737498,3.966,41.1,0.93,1210.0,506.84,11.3,0.225,6483.0,4.206,1.436
6527078,K04657.01,,CANDIDATE,7.57600886,3.361,49.0,0.54,778.0,86.87,12.5,0.267,5361.0,4.588,0.774
10120548,K04451.01,,CANDIDATE,8.8303681,3.426,296.2,1.32,676.0,49.36,10.9,0.746,5051.0,4.628,0.706
4474462,K04452.01,,CANDIDATE,12.85755895,4.831,106.5,1.23,860.0,129.15,14.2,0.55,5860.0,4.276,1.156
4141593,K07685.02,,CANDIDATE,33.502923,11.947,70.9,1.08,645.0,40.79,12.5,0.756,5999.0,4.263,1.177
10003058,K04519.01,,CANDIDATE,148.568877,4.399,404.4,5.97,555.0,22.49,11.6,0.243,5814.0,3.68,2.985
9031703,K04520.01,,CANDIDATE,9.3335486,6.643,71.2,1.69,1082.0,323.68,11.7,0.725,5354.0,3.927,1.863
12204137,K04590.01,,CANDIDATE,9.54060855,1.869,462.0,1.75,735.0,69.25,11.2,0.031,5271.0,4.522,0.831
5389956,K04591.01,,CANDIDATE,1.80926734,2.469,98.0,0.89,1444.0,1028.71,10.9,0.385,5897.0,4.531,0.891
10662202,K00750.02,,CANDIDATE,5.04413987,1.623,172.0,1.18,862.0,130.09,10.2,0.727,4954.0,4.5,0.828
3934657,K07676.01,,CANDIDATE,5.3694084,3.949,40.0,0.62,974.0,212.68,8.0,0.837,5753.0,4.538,0.869
7515336,K04663.01,,CANDIDATE,5.65690281,3.583,32.2,0.74,1159.0,425.7,10.4,0.014,5687.0,4.191,1.32
3557560,K04456.01,,CANDIDATE,7.4299322,4.013,164.9,1.81,1024.0,259.7,9.8,0.826,5635.0,4.23,1.252
12109267,K04457.01,,CANDIDATE,79.334347,10.886,164.9,1.56,500.0,14.73,14.6,0.652,6384.0,4.33,1.15
8700895,K04523.01,,CANDIDATE,5.68251605,3.479,81.2,1.03,1090.0,333.82,9.4,0.0,5753.0,4.319,1.157
5003670,K04524.02,,CANDIDATE,4.52628739,3.736,99.6,1.02,1089.0,332.79,12.5,0.5,5700.0,4.434,1.006
12265786,K04595.01,,CANDIDATE,0.597018404,0.4778,245.4,1.09,1578.0,1473.77,16.5,0.44,4985.0,4.675,0.63
10873178,K04597.01,,CANDIDATE,4.82025124,2.129,94.1,0.78,1018.0,254.2,8.5,0.538,6035.0,4.591,0.777
11337012,K04666.01,,CANDIDATE,12.4019263,4.043,211.1,1.49,713.0,60.93,9.5,0.924,5555.0,4.514,0.832
8359569,K04667.01,,CANDIDATE,152.823896,7.734,456.2,2.45,395.0,5.77,9.9,0.119,6452.0,4.394,1.137
9837828,K04670.01,,CANDIDATE,6.80899076,2.077,1192.0,89.29,795.0,94.48,11.5,1.9253,4992.0,4.483,0.854
4857058,K03061.02,,CANDIDATE,77.915425,8.274,178.8,1.17,367.0,4.28,9.2,0.448,5135.0,4.464,0.874
9947389,K04460.01,,CANDIDATE,284.727213,10.299,355.3,2.02,278.0,1.41,12.7,0.316,5497.0,4.332,1.08
3765917,K04526.01,,CANDIDATE,30.5392931,6.887,428.2,2.72,669.0,47.46,15.0,0.045,5803.0,4.211,1.328
7833305,K04528.01,,CANDIDATE,8.31224474,2.663,70.8,10.63,801.0,97.64,12.2,1.111,5421.0,4.483,0.816
12647577,K04530.01,,CANDIDATE,12.6362048,3.961,124.0,1.1,774.0,85.06,11.5,0.174,5772.0,4.457,0.992
4252671,K07687.01,,CANDIDATE,23.266633,8.315,49.9,2.66,1156.0,422.77,11.4,0.092,5758.0,3.456,3.775
11153476,K04601.01,,CANDIDATE,7.94004281,3.282,81.9,0.98,1010.0,245.79,10.7,0.004,6278.0,4.425,1.081
6144039,K04602.01,,CANDIDATE,2.85855049,2.341,85.4,1.23,1212.0,510.14,11.4,0.972,5441.0,4.415,0.964
5985713,K03190.01,,CANDIDATE,8.95294046,2.995,44.0,0.86,1012.0,247.66,13.0,0.718,6047.0,4.266,1.207
6839010,K04674.01,,CANDIDATE,4.84350003,3.045,50.2,0.9,1121.0,373.1,10.4,0.906,5762.0,4.348,1.056
9775385,K04462.01,,CANDIDATE,45.163025,7.03,130.3,2.35,886.0,145.48,8.7,0.2057,7675.0,4.051,2.015
6197344,K04463.01,,CANDIDATE,36.7614011,15.982,160.9,1.52,475.0,12.0,16.2,0.984,5305.0,4.504,0.823
11357664,K04464.01,,CANDIDATE,4.373570433,0.623,366.0,1.23,727.0,66.12,14.5,0.1,4362.0,4.623,0.64
7272132,K04466.01,,CANDIDATE,154.674369,9.35,435.8,2.29,371.0,4.47,13.5,0.777,6338.0,4.449,1.002
8430053,K04603.01,,CANDIDATE,15.9513866,2.285,99.2,1.17,849.0,123.03,9.2,0.197,6451.0,4.375,1.168
12458605,K04605.01,,CANDIDATE,7.7859111,7.788,45.5,0.68,939.0,183.92,12.0,0.675,6045.0,4.479,0.954
4953173,K04676.01,,CANDIDATE,31.183688,6.14,139.8,3.21,876.0,139.27,7.9,0.8319,5947.0,3.814,2.407
5352640,K04467.01,,CANDIDATE,2.94242323,1.519,293.3,1.42,1098.0,344.64,14.7,0.447,5436.0,4.573,0.819
4048898,K07678.01,,CANDIDATE,13.0914878,2.037,37.5,0.79,892.0,149.52,8.0,0.145,5919.0,4.238,1.288
4587135,K04680.01,,CANDIDATE,54.0812235,6.279,411.1,1.54,431.0,8.19,11.6,0.182,5757.0,4.597,0.762
5511659,K04541.01,,CANDIDATE,8.5291223,3.241,325.4,2.08,911.0,162.94,12.8,0.606,5543.0,4.318,1.111
7583650,K04614.01,,CANDIDATE,6.4546845,3.071,69.9,1.38,1244.0,565.72,10.8,0.93,6474.0,4.243,1.362
3867794,K04685.01,,CANDIDATE,0.494247662,1.2443,224.9,1.51,2257.0,6096.15,18.1,0.366,5763.0,4.484,0.998
5819801,K04686.01,,CANDIDATE,11.8299383,5.168,41.4,1.6,1177.0,453.44,11.7,0.502,5747.0,3.802,2.431
6276791,K04477.01,,CANDIDATE,5.30179786,2.24,197.2,1.22,973.0,211.8,11.5,0.357,5749.0,4.547,0.864
10140122,K04545.01,,CANDIDATE,0.849362238,1.36,114.9,0.85,1498.0,1190.04,11.9,0.453,4973.0,4.595,0.788
5033823,K04546.01,,CANDIDATE,0.741768294,0.4164,60.3,72.36,3380.0,30981.32,14.0,1.201,5897.0,3.637,3.147
3223433,K04548.01,,CANDIDATE,61.083322,10.396,227.5,1.61,465.0,11.01,11.5,0.649,5803.0,4.444,1.015
8803757,K04904.01,,CANDIDATE,3.5944891,2.557,89.9,0.98,1178.0,455.99,10.4,0.041,5523.0,4.364,1.046
9479306,K04906.01,,CANDIDATE,4.8608059,1.966,252.1,1.21,925.0,172.76,8.9,0.374,5541.0,4.6,0.757
5437762,K04907.01,,CANDIDATE,4.04481159,2.479,33.0,0.67,1325.0,729.15,7.5,0.393,6358.0,4.359,1.141
4996057,K07712.01,,CANDIDATE,4.8302364,7.983,22.5,1.06,1453.0,1052.42,11.6,0.316,5086.0,3.678,2.247
8349399,K04763.01,,CANDIDATE,56.446465,7.371,147.9,1.57,522.0,17.5,12.4,0.874,5995.0,4.337,1.117
6043562,K04764.01,,CANDIDATE,31.4202111,4.021,390.5,1.45,471.0,11.6,10.6,0.075,5269.0,4.603,0.748
4919550,K04766.01,,CANDIDATE,5.56676609,1.812,173.8,1.12,859.0,128.51,12.0,0.392,5032.0,4.479,0.859
5645170,K04837.01,,CANDIDATE,5.38613715,1.943,169.3,0.86,846.0,121.37,8.9,0.197,5516.0,4.669,0.656
8216763,K04838.01,,CANDIDATE,13.2965044,5.68,133.4,0.88,488.0,13.42,9.1,0.902,4352.0,4.671,0.613
9110610,K04839.01,,CANDIDATE,21.8420304,3.843,79.5,2.01,1016.0,251.46,9.5,0.208,6194.0,3.813,2.241
5208962,K04912.01,,CANDIDATE,0.876850385,1.534,59.2,1.35,2543.0,9858.55,9.7,0.049,6102.0,4.069,1.756
4742188,K07703.01,,CANDIDATE,413.51856,10.395,391.1,1.96,254.0,0.98,7.9,0.019,6031.0,4.45,0.992
8301878,K03301.01,,CANDIDATE,20.7106368,2.693,142.5,1.12,626.0,36.18,11.0,0.604,5631.0,4.478,0.901
10221505,K04768.01,,CANDIDATE,3.43633133,0.675,473.5,1.44,945.0,188.22,14.5,0.114,5201.0,4.616,0.651
11658036,K04771.01,,CANDIDATE,142.703888,5.808,225.5,1.95,440.0,8.88,11.0,0.062,6701.0,4.326,1.289
8397947,K04772.01,,CANDIDATE,3.38080537,3.275,200.9,1.69,1362.0,814.73,11.6,0.067,6072.0,4.343,1.193
6665860,K04840.01,,CANDIDATE,10.4716194,4.512,123.9,1.74,1035.0,271.12,11.7,0.184,5812.0,4.083,1.574
5769810,K04913.01,,CANDIDATE,6.78788113,2.26,73.1,2.44,1679.0,1875.92,7.8,0.022,6537.0,3.76,2.829
12071754,K04914.01,,CANDIDATE,5.47455167,3.71,73.2,1.4,1155.0,419.95,10.8,0.931,5611.0,4.19,1.312
10384298,K03224.01,,CANDIDATE,3.43861067,1.264,46.8,1.01,1348.0,779.48,9.5,0.629,5383.0,4.112,1.401
3109550,K03225.01,,CANDIDATE,4.8754765,1.902,39.6,0.8,1180.0,458.62,8.8,0.084,5513.0,4.179,1.286
6131130,K03307.01,,CANDIDATE,10.5071781,2.68,271.8,1.41,737.0,69.76,11.1,0.232,5290.0,4.46,0.865
4742452,K07704.01,,CANDIDATE,5.4398033,3.256,85.5,1.0,1112.0,361.47,8.4,0.136,6108.0,4.43,1.08
7906892,K04773.01,,CANDIDATE,8.8493948,6.928,43.8,0.82,978.0,216.18,12.1,0.819,6095.0,4.349,1.11
4277304,K04774.01,,CANDIDATE,51.567801,5.514,210.1,1.3,433.0,8.3,13.5,0.554,5285.0,4.467,0.876
8626325,K04775.01,,CANDIDATE,16.4491515,6.696,70.9,2.75,1036.0,272.9,11.0,0.866,5334.0,3.712,2.789
3098605,K04844.01,,CANDIDATE,0.428046051,0.776,126.0,0.87,2017.0,3877.26,14.1,0.041,5285.0,4.566,0.775
8320630,K04846.01,,CANDIDATE,19.254536,4.754,186.0,1.32,625.0,36.02,9.2,0.806,5668.0,4.545,0.868
9005321,K04848.01,,CANDIDATE,384.6961,6.167,787.0,1.78,157.0,0.14,8.2,0.5221,4228.0,4.64,0.623
5563300,K03309.01,,CANDIDATE,71.05457555,1.9162,4853.2,5.91,390.0,5.45,95.9,0.061,5290.0,4.46,0.865
12253769,K03310.01,,CANDIDATE,20.5512722,4.639,191.2,1.64,607.0,32.01,20.0,0.946,5401.0,4.464,0.918
8054719,K04776.01,,CANDIDATE,7.5861587,4.32,116.8,1.07,928.0,175.29,10.8,0.858,5934.0,4.444,0.871
4762283,K07706.01,,CANDIDATE,42.049523793,2.1372,607.9,1.19,303.0,2.0,5.1,0.23,4281.0,4.761,0.48
3849187,K04780.01,,CANDIDATE,6.60180003,2.624,213.4,1.25,875.0,138.25,8.1,0.204,5591.0,4.559,0.86
2976017,K04849.01,,CANDIDATE,3.19938075,1.761,76.1,0.62,1026.0,262.08,9.8,0.268,5483.0,4.632,0.702
6786224,K04850.01,,CANDIDATE,3.04185157,1.434,69.0,0.71,1184.0,465.54,11.1,0.176,5802.0,4.537,0.857
11072016,K04852.01,,CANDIDATE,1.89873195,1.382,78.0,0.93,1524.0,1279.95,10.2,0.197,5942.0,4.439,1.05
3245969,K01101.02,,CANDIDATE,11.39110963,2.749,593.4,1.9,632.0,37.65,12.1,0.569,4999.0,4.587,0.76
7902003,K03236.01,,CANDIDATE,7.13044117,2.566,31.9,1.18,1400.0,908.79,10.5,0.068,6312.0,3.964,2.074
11905409,K03312.01,,CANDIDATE,18.0939004,3.294,467.3,1.91,665.0,46.21,11.6,0.445,5904.0,4.543,0.867
9571186,K03313.01,,CANDIDATE,34.9524256,1.717,677.0,21.74,429.0,8.02,15.8,1.225,4921.0,4.591,0.779
5612697,K03206.01,,CANDIDATE,15.1516409,5.105,191.5,1.38,736.0,69.25,11.4,0.173,5780.0,4.438,1.0
8973285,K04782.01,,CANDIDATE,7.4213444,2.361,315.9,1.73,953.0,195.23,8.7,0.1732,6032.0,4.485,0.973
3758922,K04853.01,,CANDIDATE,17.7412303,4.816,144.7,1.14,684.0,51.69,9.2,0.065,5817.0,4.491,0.956
8360041,K04854.01,,CANDIDATE,2.63527677,1.997,70.4,0.76,1136.0,394.32,10.7,0.646,5215.0,4.496,0.864
9782748,K04856.01,,CANDIDATE,147.388124,8.781,909.2,3.03,356.0,3.78,15.8,0.005,6046.0,4.478,1.007
2860656,K04857.01,,CANDIDATE,4.11497357,3.025,154.1,1.17,1137.0,395.27,9.7,0.396,6011.0,4.507,0.927
7094944,K04859.01,,CANDIDATE,7.5019743,2.582,248.0,1.19,709.0,59.73,9.1,0.442,4807.0,4.546,0.758
6425597,K04861.01,,CANDIDATE,29.1206519,2.89,415.5,1.6,528.0,18.43,9.7,0.195,5671.0,4.582,0.788
10917433,K03248.01,,CANDIDATE,6.91261536,2.359,34.4,0.64,981.0,218.66,12.0,0.656,5761.0,4.383,1.044
5091479,K07715.01,,CANDIDATE,25.8616058,7.78,123.0,1.12,613.0,33.37,8.5,0.855,6067.0,4.524,0.884
8874090,K01404.02,,CANDIDATE,18.9060921,4.125,375.6,0.87,336.0,3.03,11.9,0.004,3751.0,4.813,0.45
8331612,K03318.02,,CANDIDATE,25.6970688,3.739,835.0,3.83,658.0,44.24,6.4,0.943,6020.0,4.403,1.057
8328916,K04790.01,,CANDIDATE,6.07855,3.408,102.7,1.14,1115.0,365.15,10.4,0.3408,6119.0,4.346,1.114
10155029,K03208.01,,CANDIDATE,2.131660527,1.8585,32.2,0.56,1438.0,1010.45,15.7,0.036,5849.0,4.426,0.997
11618569,K04792.01,,CANDIDATE,5.75902182,2.687,70.8,0.91,1112.0,362.12,9.9,0.329,6247.0,4.433,1.066
11973517,K04862.01,,CANDIDATE,0.903763067,0.562,267.5,1.08,1254.0,585.15,12.6,0.0938,4430.0,4.616,0.651
7345248,K04864.01,,CANDIDATE,5.66494448,4.173,46.0,0.78,1134.0,390.59,11.4,0.4638,5888.0,4.269,1.13
6690171,K03320.01,,CANDIDATE,85.0624157,4.6964,41901.0,21.26,355.0,3.74,495.3,0.819,5223.0,4.52,0.875
5193659,K03323.01,,CANDIDATE,14.3196417,3.781,215.5,2.06,850.0,123.37,12.5,0.533,5562.0,4.151,1.373
6220312,K04793.01,,CANDIDATE,5.2736268,5.291,86.1,0.89,1014.0,249.68,8.7,0.595,5851.0,4.515,0.918
6358937,K04794.01,,CANDIDATE,24.5041103,6.065,119.5,1.03,574.0,25.59,11.3,0.178,5250.0,4.404,0.962
7771181,K04797.01,,CANDIDATE,9.97202023,1.425,329.7,1.26,627.0,36.53,8.6,0.401,4810.0,4.584,0.696
4366323,K03258.01,,CANDIDATE,40.3511707,3.97,533.5,1.88,479.0,12.46,11.3,0.079,5665.0,4.568,0.82
2853029,K03259.01,,CANDIDATE,72.9332762,3.829,770.4,2.45,389.0,5.44,11.3,0.106,5316.0,4.47,0.902
6955671,K03329.01,,CANDIDATE,12.6878176,4.262,293.0,2.16,851.0,123.89,13.5,0.921,6258.0,4.442,1.046
5097856,K07716.01,,CANDIDATE,483.36405,15.61,285.4,1.27,202.0,0.39,8.3,0.614,5700.0,4.626,0.718
8278073,K04799.01,,CANDIDATE,12.0729757,3.783,99.5,1.69,969.0,208.13,9.7,0.312,5436.0,3.993,1.707
10810859,K04801.01,,CANDIDATE,82.401274,6.48,430.7,2.21,421.0,7.42,10.1,0.703,5886.0,4.472,1.0
7017274,K03209.01,,CANDIDATE,11.91256675,6.126,123.1,2.61,1242.0,562.27,27.8,0.174,6337.0,3.893,2.335
6767227,K04871.01,,CANDIDATE,4.08197713,2.943,26.2,0.6,1372.0,836.88,9.3,0.328,6538.0,4.339,1.156
2986833,K04875.01,,CANDIDATE,0.912179022,1.332,144.6,0.65,1025.0,260.05,10.3,0.038,3880.0,4.722,0.555
11853130,K03263.01,,CANDIDATE,76.87935893,2.3819,21272.0,7.71,202.0,0.4,131.0,0.864,3638.0,4.828,0.436
9345933,K03264.01,,CANDIDATE,13.0151826,3.613,331.6,1.36,556.0,22.6,11.9,0.852,4794.0,4.622,0.643
11338056,K04735.01,,CANDIDATE,2.87998334,1.658,116.5,0.85,1024.0,260.79,9.9,0.22,4951.0,4.523,0.806
10676750,K04804.01,,CANDIDATE,21.08678557,0.978,499.6,2.08,651.0,42.44,11.0,0.702,6084.0,4.542,0.863
9581589,K04877.01,,CANDIDATE,5.19206571,3.716,66.6,0.99,1170.0,442.55,10.5,0.847,6322.0,4.426,1.075
11804437,K04878.01,,CANDIDATE,449.01499,12.58,94.2,1.04,258.0,1.04,8.5,0.2182,6031.0,4.368,1.068
8280511,K01151.04,,CANDIDATE,17.4532945,4.027,79.3,0.76,639.0,39.42,12.0,0.357,5528.0,4.499,0.853
4813793,K07708.01,,CANDIDATE,6.70242786,1.221,65.3,1.82,1367.0,827.56,8.8,0.369,5466.0,3.735,2.224
7266212,K04737.01,,CANDIDATE,7.79534033,3.406,102.1,1.07,985.0,222.52,10.2,0.282,6156.0,4.443,1.05
9419020,K04808.01,,CANDIDATE,2.40174996,1.413,254.4,0.65,621.0,35.1,13.2,0.47,3606.0,4.855,0.399
4270799,K04810.01,,CANDIDATE,115.238544,7.653,516.7,3.17,372.0,4.52,10.6,0.965,5589.0,4.384,1.037
8811490,K04811.01,,CANDIDATE,21.7434141,8.143,154.8,2.23,799.0,96.15,15.8,0.906,5767.0,4.082,1.497
8094120,K04881.01,,CANDIDATE,5.6795377,3.757,52.0,1.16,1420.0,961.1,12.5,0.196,6514.0,4.09,1.585
9935642,K04885.01,,CANDIDATE,9.33955596,2.058,245.1,2.67,882.0,143.02,10.1,0.985,5516.0,4.308,1.101
7285757,K03271.02,,CANDIDATE,7.41834569,2.462,234.0,1.12,800.0,96.9,11.2,0.049,5549.0,4.6,0.732
4262040,K03202.01,,CANDIDATE,92.461135,14.344,122.4,2.86,564.0,23.91,20.7,0.083,5132.0,3.675,2.648
4840672,K04813.01,,CANDIDATE,9.2294726,2.446,199.3,0.82,601.0,30.83,7.5,0.076,4781.0,4.679,0.596
7287677,K04815.01,,CANDIDATE,18.3721835,3.738,152.5,1.12,657.0,43.96,9.5,0.78,5937.0,4.558,0.83
7692248,K04886.01,,CANDIDATE,17.99562529,0.871,1068.0,28.98,701.0,57.21,12.1,1.2379,5999.0,4.494,0.959
6691169,K04890.01,,CANDIDATE,63.095068,9.485,496.8,11.67,573.0,25.4,11.4,1.05,6622.0,4.331,1.325
8280511,K01151.05,,CANDIDATE,21.7203362,4.252,87.8,0.8,594.0,29.45,12.0,0.311,5528.0,4.499,0.853
6520519,K04749.01,,CANDIDATE,1.97650073,1.788,112.5,0.97,1394.0,892.9,10.4,0.055,5792.0,4.514,0.923
9459162,K04818.01,,CANDIDATE,3.79892774,4.112,47.0,1.46,1869.0,2888.6,8.3,0.13,6831.0,3.971,2.106
9969287,K04820.01,,CANDIDATE,14.7401061,5.637,238.0,1.48,750.0,74.65,10.3,0.116,5999.0,4.494,0.959
10747501,K04891.01,,CANDIDATE,4.7309013,2.889,228.5,1.39,1065.0,303.67,11.6,0.362,5941.0,4.519,0.911
10586744,K04892.01,,CANDIDATE,21.3761817,8.543,104.0,1.08,717.0,62.37,12.1,0.017,5984.0,4.322,1.052
11970050,K04893.01,,CANDIDATE,6.58753699,2.043,232.1,1.51,992.0,228.36,8.2,0.132,6014.0,4.486,0.993
5308296,K04750.01,,CANDIDATE,36.721576,7.758,538.2,1.93,498.0,14.51,10.2,0.097,5662.0,4.56,0.84
3122872,K03203.01,,CANDIDATE,96.81647,10.227,164.7,3.19,655.0,43.39,25.9,0.034,6404.0,3.793,2.467
9702945,K04822.01,,CANDIDATE,3.51413723,3.919,32.7,0.69,1267.0,609.04,11.2,0.9353,6201.0,4.472,0.989
11401253,K04823.01,,CANDIDATE,4.96504981,2.212,50.7,1.51,1403.0,917.99,8.7,0.655,5339.0,3.823,2.011
10549902,K04826.01,,CANDIDATE,1.141148847,1.629,73.1,1.67,2248.0,6008.73,12.7,0.062,5438.0,3.916,1.989
12416597,K04895.01,,CANDIDATE,12.460565,3.903,143.9,1.1,726.0,65.72,10.2,0.015,5435.0,4.453,0.933
11135694,K04896.01,,CANDIDATE,19.5945772,6.77,129.3,1.18,724.0,64.98,8.8,0.389,6118.0,4.416,1.023
10065053,K04898.01,,CANDIDATE,409.87844,10.58,647.1,2.72,264.0,1.15,8.7,0.177,6167.0,4.444,1.064
10291589,K04754.01,,CANDIDATE,7.08757462,3.342,187.0,1.28,955.0,197.02,11.0,0.371,6060.0,4.509,0.925
10118266,K04755.01,,CANDIDATE,3.74318005,1.111,237.5,1.75,999.0,235.28,10.5,0.952,5207.0,4.516,0.851
5695615,K04756.01,,CANDIDATE,5.4169303,7.512,109.5,8.17,1173.0,447.24,11.3,1.055,6355.0,4.41,1.108
5651846,K04827.01,,CANDIDATE,31.1920226,2.849,447.8,1.65,521.0,17.43,11.6,0.11,5675.0,4.554,0.777
12401132,K04829.01,,CANDIDATE,7.630545,3.63,364.9,2.26,1087.0,330.02,11.3,0.021,6407.0,4.358,1.179
6424561,K04900.01,,CANDIDATE,6.6716723,2.693,154.4,1.27,1024.0,259.72,10.3,0.167,6086.0,4.435,1.021
10000162,K04902.01,,CANDIDATE,409.38645,13.78,531.5,1.78,197.0,0.35,10.3,0.0706,4955.0,4.517,0.799
7949593,K04759.01,,CANDIDATE,17.7662938,3.079,181.1,1.54,670.0,47.74,10.1,0.909,5724.0,4.495,0.946
7098255,K04762.01,,CANDIDATE,11.56722589,2.507,373.7,1.29,568.0,24.64,11.5,0.242,4597.0,4.59,0.691
4670361,K07700.01,,CANDIDATE,631.56889,14.37,789.0,3.13,237.0,0.75,20.7,0.636,6382.0,4.432,1.059
10584140,K04833.01,,CANDIDATE,4.31724247,4.126,59.0,1.01,1332.0,743.6,11.3,0.252,5992.0,4.195,1.31
8233326,K04834.01,,CANDIDATE,3.74099144,5.428,34.3,1.85,1733.0,2129.07,12.3,0.222,5110.0,3.611,3.231
4940203,K07711.01,,CANDIDATE,302.779824,16.847,270.9,1.31,246.0,0.87,12.3,0.001,5734.0,4.572,0.797
6268648,K01613.02,,CANDIDATE,94.094392,10.833,46.6,0.9,486.0,13.14,10.6,0.32,6099.0,4.193,1.308
10935993,K03367.01,,CANDIDATE,25.3736543,2.619,372.9,1.88,653.0,42.92,10.6,0.265,6195.0,4.47,0.966
5257082,K03368.01,,CANDIDATE,10.08535311,1.75,222.5,1.45,843.0,119.67,10.7,0.532,5947.0,4.487,0.945
8628665,K03434.01,,CANDIDATE,10.2856373,3.043,134.9,1.24,864.0,131.91,10.4,0.378,5841.0,4.409,1.06
5881307,K07746.01,,CANDIDATE,393.95608,13.89,482.2,2.27,263.0,1.14,10.3,0.614,6217.0,4.472,0.989
4645174,K03437.02,,CANDIDATE,34.7496038,4.548,227.1,3.51,702.0,57.44,11.4,0.984,5849.0,4.076,1.601
6124137,K07764.01,,CANDIDATE,227.83457,21.59,155.3,2.83,449.0,9.59,13.1,0.56,6004.0,3.814,2.193
11657614,K03370.01,,CANDIDATE,24.352541,2.782,349.1,1.52,498.0,14.52,5.8,0.505,4891.0,4.516,0.805
5687986,K07735.01,,CANDIDATE,382.30306,8.83,225.6,4.05,400.0,6.04,9.6,0.597,5993.0,3.733,2.59
11125797,K03371.01,,CANDIDATE,58.1263775,4.018,271.5,1.32,404.0,6.28,13.8,0.016,5413.0,4.579,0.82
6543893,K01627.03,,CANDIDATE,3.80675878,2.092,231.9,2.75,1574.0,1449.04,10.4,0.26,6068.0,4.04,1.797
6705026,K03374.02,,CANDIDATE,34.1086562,6.405,133.8,1.95,739.0,70.4,11.7,0.318,6144.0,4.106,1.668
5553959,K03377.01,,CANDIDATE,10.0100312,1.35,375.8,0.99,506.0,15.56,12.4,0.07,4338.0,4.731,0.508
5384713,K03444.01,,CANDIDATE,12.67143692,2.498,215.8,0.76,404.0,6.31,13.7,0.047,3705.0,4.721,0.529
5384713,K03444.02,,CANDIDATE,60.32668824,1.6864,3146.7,4.98,240.0,0.79,57.0,0.974,3705.0,4.721,0.529
5384713,K03444.03,,CANDIDATE,2.63595435,1.309,93.7,0.5,682.0,51.07,9.2,0.005,3705.0,4.721,0.529
6451368,K07780.01,,CANDIDATE,5.3360574,3.877,54.7,1.52,1667.0,1823.9,7.0,0.006,6742.0,3.925,2.032
8644365,K03384.01,,CANDIDATE,10.54841329,1.872,102.9,3.89,899.0,154.84,11.7,1.017,6047.0,4.387,1.092
5888187,K07749.01,,CANDIDATE,133.6348207,1.584,420.9,1.89,317.0,2.38,10.8,0.438,5202.0,4.434,0.918
3348216,K03448.01,,CANDIDATE,32.510844,3.254,361.9,2.62,680.0,50.56,12.6,0.421,6074.0,4.244,1.358
10793576,K03451.01,,CANDIDATE,10.90752977,2.764,186.0,1.58,955.0,196.51,11.8,0.147,6414.0,4.377,1.147
7047922,K01899.02,,CANDIDATE,10.5226374,3.864,68.9,1.08,976.0,213.96,8.9,0.806,6327.0,4.327,1.175
5894182,K07750.01,,CANDIDATE,494.485085,3.905,385.3,5.03,379.0,4.88,13.9,0.017,6303.0,3.774,2.553
6947668,K03455.01,,CANDIDATE,14.0545718,4.066,274.3,1.45,711.0,60.49,11.6,0.121,5783.0,4.539,0.88
10290666,K00332.02,,CANDIDATE,6.86674226,4.216,47.2,0.79,1018.0,254.1,12.3,0.405,5914.0,4.396,1.135
3848966,K03389.01,,CANDIDATE,29.7681831,9.425,159.9,3.98,917.0,167.51,13.2,0.739,5640.0,3.679,2.916
9452897,K03391.01,,CANDIDATE,36.7662364,3.305,579.5,1.28,336.0,3.02,12.6,0.164,4342.0,4.699,0.54
6209677,K01750.02,,CANDIDATE,2.53742164,1.563,104.5,0.93,1220.0,525.68,12.8,0.285,5447.0,4.481,0.917
9664276,K03460.01,,CANDIDATE,62.596544,11.477,223.1,2.25,559.0,23.01,15.5,0.246,5934.0,4.173,1.509
7748487,K03394.01,,CANDIDATE,15.5764061,5.382,257.1,1.79,793.0,93.42,14.1,0.565,6214.0,4.442,1.076
3219037,K03395.01,,CANDIDATE,10.00506974,3.481,143.3,1.11,849.0,122.48,11.4,0.148,5912.0,4.453,0.924
5710069,K03396.01,,CANDIDATE,36.2580749,5.917,380.3,1.82,516.0,16.7,12.5,0.786,5818.0,4.554,0.848
9967009,K03462.01,,CANDIDATE,12.4326997,7.81,240.3,1.88,839.0,117.17,11.5,0.212,5480.0,4.22,1.229
9967009,K03462.02,,CANDIDATE,30.9902997,9.454,321.5,2.21,619.0,34.68,10.7,0.397,5480.0,4.22,1.229
6200810,K03397.01,,CANDIDATE,35.8754482,3.972,366.7,2.35,668.0,47.15,12.6,0.026,6559.0,4.357,1.218
3561464,K03398.03,,CANDIDATE,4.32710579,3.872,84.1,3.58,2004.0,3805.87,9.5,0.025,5745.0,3.499,3.955
4844470,K03469.01,,CANDIDATE,60.532988,7.086,467.5,1.91,420.0,7.36,23.8,0.618,5631.0,4.557,0.847
9995771,K03470.01,,CANDIDATE,15.0617835,6.31,196.6,1.61,794.0,94.08,12.1,0.114,5806.0,4.321,1.158
9966219,K03401.01,,CANDIDATE,17.9559673,6.237,137.0,1.96,750.0,74.61,11.9,0.979,5641.0,4.258,1.195
6231721,K07773.01,,CANDIDATE,2.69339974,1.936,147.5,1.04,1151.0,415.96,8.7,0.279,5355.0,4.511,0.863
9536108,K03472.01,,CANDIDATE,10.43003118,2.029,120.0,1.14,906.0,159.58,10.6,0.283,6277.0,4.449,1.031
8905246,K03473.01,,CANDIDATE,27.63714708,1.7277,735.5,6.96,816.0,104.6,27.4,0.669,5214.0,3.766,2.427
5460434,K07729.01,,CANDIDATE,50.563697,5.381,50.5,1.57,761.0,79.36,6.8,0.779,6759.0,4.018,2.022
11922778,K03408.01,,CANDIDATE,65.427645,9.404,319.0,1.65,453.0,9.94,15.6,0.004,6014.0,4.504,0.926
2975770,K01788.02,,CANDIDATE,369.069345,5.832,945.9,3.07,197.0,0.35,11.7,0.929,4855.0,4.542,0.778
7692093,K03337.01,,CANDIDATE,11.16622885,3.389,353.9,1.56,725.0,65.16,13.6,0.176,5552.0,4.562,0.836
7772914,K03339.01,,CANDIDATE,23.1334494,3.602,456.3,2.55,638.0,39.2,21.6,0.954,5712.0,4.382,0.932
3529290,K03340.01,,CANDIDATE,8.9539656,4.898,70.4,0.84,923.0,171.51,12.2,0.656,6168.0,4.452,0.947
3529290,K03340.02,,CANDIDATE,13.7281373,5.304,106.6,1.06,800.0,97.06,15.4,0.748,6168.0,4.452,0.947
6025124,K03411.01,,CANDIDATE,26.83771808,1.6162,8512.0,12.68,658.0,44.22,101.4,0.917,6194.0,4.445,1.069
5531953,K01681.03,,CANDIDATE,3.53105835,1.778,310.8,10.61,558.0,22.83,11.7,1.213,3638.0,4.844,0.42
6277410,K07774.01,,CANDIDATE,6.32589574,1.383,192.5,1.14,901.0,156.27,8.8,0.181,5749.0,4.568,0.818
9843517,K03480.01,,CANDIDATE,11.9378354,4.652,246.0,1.15,671.0,47.91,9.6,0.036,5469.0,4.611,0.738
8812045,K03481.01,,CANDIDATE,32.715906,10.79,135.7,3.68,902.0,156.74,13.1,0.25,5527.0,3.627,3.192
3101923,K03483.01,,CANDIDATE,82.331756,8.664,283.2,2.08,474.0,11.96,11.9,0.027,5997.0,4.304,1.242
5621333,K03341.01,,CANDIDATE,27.0965146,8.42,208.4,2.13,700.0,56.79,16.4,0.769,5775.0,4.193,1.352
5621333,K03341.02,,CANDIDATE,11.5474983,6.684,115.5,1.48,930.0,176.97,12.3,0.495,5775.0,4.193,1.352
3236705,K03343.01,,CANDIDATE,83.2664103,2.813,620.0,2.89,439.0,8.78,10.9,0.029,5538.0,4.266,1.18
2849140,K03416.01,,CANDIDATE,11.8237228,8.518,212.7,1.25,703.0,57.62,14.2,0.698,5559.0,4.578,0.803
8121328,K03486.01,,CANDIDATE,19.0689513,12.462,169.3,1.63,627.0,36.63,19.1,0.98,5418.0,4.436,0.889
6043538,K07759.01,,CANDIDATE,6.2253374,4.388,108.6,1.92,1378.0,851.73,11.8,0.692,6263.0,4.024,1.726
7289338,K03420.02,,CANDIDATE,12.5014905,3.882,220.1,2.24,952.0,194.3,10.8,0.43,5821.0,4.127,1.492
5004909,K03421.01,,CANDIDATE,40.6511021,11.282,136.4,1.7,651.0,42.54,17.3,0.682,6297.0,4.26,1.369
6278670,K07775.01,,CANDIDATE,89.945828,2.286,335.6,3.46,509.0,15.86,6.6,0.171,5115.0,3.819,1.924
5898983,K03422.01,,CANDIDATE,40.1454757,5.2,310.8,13.01,1640.0,1708.38,5.2,0.491,7852.0,3.159,7.162
5617259,K07733.01,,CANDIDATE,1.048130894,5.6707,191.8,4.52,3871.0,52952.95,5.2,0.216,7673.0,3.679,3.214
9474756,K03495.01,,CANDIDATE,17.6062701,6.134,146.2,1.72,753.0,75.96,10.4,0.923,5808.0,4.326,1.159
5308663,K01562.02,,CANDIDATE,20.0679247,5.236,482.2,2.25,662.0,45.49,13.8,0.849,5997.0,4.522,0.904
6356400,K07776.01,,CANDIDATE,541.92452,21.4,1504.2,3.15,144.0,0.1,18.1,0.95,4378.0,4.64,0.614
5900235,K03426.01,,CANDIDATE,58.7701045,6.995,224.4,1.57,508.0,15.78,13.2,0.551,6158.0,4.397,1.013
9474756,K03495.02,,CANDIDATE,6.685438,5.09,89.2,1.25,1040.0,276.02,9.7,0.853,5808.0,4.326,1.159
7517261,K03496.02,,CANDIDATE,8.5433774,6.149,75.1,1.58,1260.0,595.97,10.3,0.748,6602.0,4.108,1.685
5877292,K07744.01,,CANDIDATE,11.7201693,2.399,154.4,1.34,870.0,135.43,7.5,0.292,6193.0,4.434,1.067
9845909,K03354.01,,CANDIDATE,11.5706005,3.073,211.9,1.33,771.0,83.39,9.6,0.416,5718.0,4.479,0.9
9221528,K03355.01,,CANDIDATE,16.2953228,4.882,229.1,1.6,773.0,84.23,12.9,0.587,6187.0,4.432,1.013
6106046,K07762.01,,CANDIDATE,8.5073512,2.266,209.5,1.38,891.0,148.86,8.9,0.223,5914.0,4.483,0.955
9230021,K03429.01,,CANDIDATE,15.8283833,3.643,227.5,1.8,758.0,78.2,9.8,0.623,5596.0,4.298,1.145
6058816,K03500.02,,CANDIDATE,4.7482669,4.947,35.6,1.57,1690.0,1927.62,12.1,0.673,6056.0,3.797,2.481
4263529,K03358.01,,CANDIDATE,10.10404351,1.0022,1322.4,4.05,752.0,75.32,39.5,0.951,5530.0,4.541,0.831
7697103,K03430.01,,CANDIDATE,13.9248005,5.016,195.2,0.9,588.0,28.27,11.2,0.021,5271.0,4.669,0.648
9267996,K03431.01,,CANDIDATE,19.6001405,8.613,282.0,2.08,676.0,49.23,19.7,0.971,6003.0,4.507,0.932
7093401,K03433.01,,CANDIDATE,34.08429351,1.3521,3746.0,36.05,506.0,15.46,28.7,1.28,5252.0,4.428,0.922
4820550,K03823.01,,CANDIDATE,202.1168173,4.683,2701.2,5.8,286.0,1.59,56.3,0.906,5536.0,4.498,0.917
11547869,K03749.01,,CANDIDATE,10.72725536,1.7541,56197.0,12.85,307.0,2.1,160.5,1.056,3324.0,5.006,0.268
6525946,K02093.02,,CANDIDATE,2.508116,2.504,188.1,12.28,3662.0,42618.46,18.3,0.472,5096.0,2.435,8.769
9973109,K02018.02,,CANDIDATE,16.0988294,5.686,160.2,1.14,705.0,58.53,10.9,0.017,5657.0,4.401,0.911
5966810,K03909.01,,CANDIDATE,247.891041,18.363,956.6,4.74,367.0,4.27,34.6,0.002,6121.0,4.163,1.536
6863158,K07793.01,,CANDIDATE,1.99469354,5.297,75.1,0.46,758.0,78.2,8.9,0.643,3799.0,4.738,0.51
8308347,K03761.01,,CANDIDATE,164.950399,30.86,24493.0,11.23,252.0,0.95,65.7,0.724,5001.0,4.603,0.664
10281221,K03913.01,,CANDIDATE,0.582895412,1.0528,587.5,5.87,2347.0,7152.6,87.0,1.011,6263.0,4.46,1.009
6525946,K02093.03,,CANDIDATE,0.496069986,1.5568,128.8,10.0,6285.0,369989.68,22.1,0.269,5096.0,2.435,8.769
7017372,K03689.01,,CANDIDATE,5.24088367,3.3656,8531.2,12.74,1320.0,716.85,385.7,0.65,6452.0,4.241,1.305
3128552,K02055.04,,CANDIDATE,6.13074243,2.84,146.1,1.26,916.0,166.78,9.9,0.9407,5741.0,4.556,0.833
6887030,K07795.01,,CANDIDATE,5.44085762,2.119,137.5,0.97,892.0,149.44,9.3,0.735,5519.0,4.59,0.762
8323764,K03767.01,,CANDIDATE,6.714247798,3.3304,32213.0,14.78,809.0,100.94,145.9,0.557,5159.0,4.508,0.8
5008245,K03770.01,,CANDIDATE,2.60720833,2.6452,3149.7,7.31,1561.0,1403.43,185.3,0.644,6366.0,4.352,1.236
4075067,K03777.01,,CANDIDATE,17.7476059,5.066,877.0,146.63,1998.0,3768.37,7.6,1.25,8992.0,3.535,4.832
12301181,K02059.02,,CANDIDATE,2.18565886,1.966,35.6,0.44,1087.0,329.49,11.1,0.394,4997.0,4.598,0.746
6891124,K07796.01,,CANDIDATE,3.52364689,3.439,74.2,0.94,1330.0,739.8,8.5,0.004,6269.0,4.412,1.085
9489524,K02029.04,,CANDIDATE,4.78850084,2.099,66.5,0.63,889.0,147.95,7.2,0.343,5208.0,4.563,0.772
7813039,K03787.01,,CANDIDATE,141.73403059,1.5851,7736.4,10.3,329.0,2.77,157.4,0.912,5606.0,4.478,0.918
6531617,K07785.01,,CANDIDATE,433.220461,2.725,725.1,2.07,203.0,0.4,9.5,0.178,5232.0,4.519,0.777
4164922,K03864.02,,CANDIDATE,18.2572722,3.434,157.5,0.94,547.0,21.16,17.3,0.412,5014.0,4.559,0.756
8827930,K03801.01,,CANDIDATE,288.3128666,5.419,11181.0,13.21,300.0,1.93,96.8,0.525,5672.0,4.252,1.22
6790592,K07791.01,,CANDIDATE,106.18732,10.29,266.1,231.85,2660.0,11829.18,8.6,0.027,3287.0,0.114,152.969
6508221,K00416.03,,CANDIDATE,9.74765878,2.62,102.0,0.78,679.0,50.3,11.6,0.658,5176.0,4.612,0.738
6952971,K07798.01,,CANDIDATE,309.89103,16.4,321.3,2.15,314.0,2.3,10.7,0.569,6450.0,4.386,1.155
4147444,K03880.01,,CANDIDATE,1.803697292,1.5922,69.7,1.0,1783.0,2385.75,25.8,0.405,6438.0,4.33,1.166
5769943,K03810.01,,CANDIDATE,1.013774136,1.2774,33878.0,18.59,827.0,110.51,166.8,1.161,3644.0,4.871,0.389
4638237,K03811.01,,CANDIDATE,290.1401717,2.1583,4836.0,11.58,304.0,2.02,69.1,0.935,5631.0,4.212,1.263
12154526,K02004.03,,CANDIDATE,1.72110057,1.922,29.7,0.7,1607.0,1575.2,9.3,0.767,5700.0,4.327,1.176
6507433,K03815.01,,CANDIDATE,4.7425521,1.11,3583.0,7.27,1159.0,426.49,10.9,0.851,6161.0,4.454,1.053
8765560,K03891.01,,CANDIDATE,47.1096306,5.741,752.2,78.98,751.0,75.4,35.1,1.23,5258.0,3.597,2.78
8780959,K03741.02,,CANDIDATE,18.577903,20.11,99.8,1.36,879.0,140.97,6.6,0.105,6432.0,4.207,1.345
5008501,K01666.01,,CANDIDATE,0.968026356,0.7143,212.7,1.78,2167.0,5205.91,32.6,0.055,6469.0,4.385,1.193
5184709,K01670.01,,CANDIDATE,10.57910009,1.4553,329.3,2.03,929.0,175.79,17.9,0.404,6323.0,4.418,1.093
7778664,K07849.01,,CANDIDATE,5.0263815,4.384,77.2,0.84,1065.0,305.12,8.5,0.185,5783.0,4.418,0.962
5211199,K02158.02,,CANDIDATE,6.68231249,3.251,48.7,2.09,1350.0,784.74,12.3,0.892,5343.0,3.764,2.506
7834712,K07850.01,,CANDIDATE,66.119119,3.086,862.0,3.0,452.0,9.89,9.8,0.256,5828.0,4.462,1.028
9574614,K01745.01,,CANDIDATE,0.982090079,1.44892,5396.7,29.95,1568.0,1426.18,304.1,1.278,5472.0,4.573,0.742
8189801,K02480.01,,CANDIDATE,0.66682654,0.7847,511.6,1.49,1183.0,461.55,33.4,0.856,3993.0,4.696,0.554
10028352,K01957.01,,CANDIDATE,1.38680229,1.7065,242.3,29.33,2530.0,9703.01,84.4,1.115,6823.0,4.04,2.037
10917681,K01963.01,,CANDIDATE,12.89623554,2.625,426.6,2.55,783.0,89.02,32.9,0.973,6072.0,4.51,0.923
7134626,K07818.01,,CANDIDATE,2.52443998,2.369,45.8,1.53,2145.0,4998.98,10.6,0.232,6461.0,3.846,2.225
11246161,K02796.01,,CANDIDATE,0.5374094,1.2039,94.2,0.96,2208.0,5646.82,21.9,0.17,5749.0,4.457,0.988
10352333,K03991.01,,CANDIDATE,1.570592397,0.623,214.4,1.37,1480.0,1135.98,29.7,0.031,5519.0,4.431,0.921
12253474,K01947.01,,CANDIDATE,6.422943288,1.0815,261.4,1.66,1034.0,269.8,30.6,0.198,6102.0,4.447,1.016
3764879,K02141.01,,CANDIDATE,1.306984786,1.194,302.1,18.33,1754.0,2230.29,38.4,1.144,6102.0,4.457,1.026
7601665,K07842.01,,CANDIDATE,3.11141514,3.074,28.4,0.7,1530.0,1296.58,8.3,0.46,6450.0,4.297,1.273
9149789,K02874.01,,CANDIDATE,0.352515897,1.0525,168.2,1.0,2194.0,5534.14,38.0,0.26,5465.0,4.598,0.766
7051984,K02879.01,,CANDIDATE,0.339069751,1.1516,53.2,2.09,3653.0,41863.05,38.2,0.958,5653.0,3.846,2.183
7613620,K07843.01,,CANDIDATE,0.619023176,1.496,77.9,0.79,1885.0,2985.06,8.9,0.387,5395.0,4.536,0.891
3345675,K01772.01,,CANDIDATE,120.00336404,3.3803,39596.0,15.08,240.0,0.78,131.1,0.78,4315.0,4.627,0.668
4947556,K03936.01,,CANDIDATE,141.608555,7.685,1263.1,2.98,290.0,1.68,43.3,0.399,5083.0,4.512,0.844
7287028,K07832.01,,CANDIDATE,3.6092231,2.8,52.4,0.68,1192.0,477.0,4.4,0.364,6032.0,4.508,0.929
8376848,K04007.01,,CANDIDATE,11.4927112,7.764,291.5,25.01,858.0,127.97,18.7,1.212,6198.0,4.464,1.005
7300182,K07833.01,,CANDIDATE,172.820248,7.343,549.3,2.22,338.0,3.08,10.6,0.249,6174.0,4.499,0.939
9904006,K02135.02,,CANDIDATE,20.1890396,6.251,112.1,1.39,794.0,93.89,15.0,0.541,6178.0,4.269,1.267
7366501,K07834.01,,CANDIDATE,7.3812344,2.802,104.5,1.0,944.0,187.24,8.6,0.687,6072.0,4.51,0.923
9425139,K01411.01,,CANDIDATE,305.0762469,6.255,4042.8,7.82,284.0,1.53,113.4,0.695,5716.0,4.348,1.155
7367164,K07835.01,,CANDIDATE,3.76565247,1.557,92.4,0.87,1108.0,356.3,9.1,0.535,5815.0,4.54,0.877
7671950,K07846.01,,CANDIDATE,10.5994606,9.484,128.8,1.28,896.0,152.67,11.2,0.671,6194.0,4.445,1.069
9084778,K01631.01,,CANDIDATE,0.592243731,1.386,3992.4,6.77,1551.0,1361.22,303.8,0.986,4920.0,4.664,0.591
7747103,K07847.01,,CANDIDATE,399.37587,21.25,552.2,3.93,326.0,2.66,11.9,0.556,6098.0,4.069,1.618
10674871,K02068.01,,CANDIDATE,41.88970036,1.35,1304.4,32.16,515.0,16.66,20.9,1.285,5952.0,4.519,0.907
11518201,K03104.01,,CANDIDATE,1.236866732,1.242,187.2,1.75,1569.0,1439.3,14.2,0.982,5621.0,4.514,0.879
9758032,K03137.01,,CANDIDATE,1.332035996,1.391,136.8,0.85,1365.0,823.09,12.6,0.137,5376.0,4.616,0.73
6974658,K02925.01,,CANDIDATE,0.716531851,0.655,78.9,1.11,2034.0,4063.57,17.9,0.887,5552.0,4.349,1.03
9634821,K02037.02,,CANDIDATE,5.47715718,1.3849,568.4,2.17,892.0,149.23,16.7,0.244,5029.0,4.429,0.93
9602613,K02612.02,,CANDIDATE,7.57299816,2.645,30.2,0.53,875.0,138.36,10.9,0.411,5495.0,4.442,0.961
10904004,K02957.01,,CANDIDATE,4.64490141,2.456,106.4,0.76,832.0,113.62,11.7,0.058,4786.0,4.54,0.77
9605552,K03102.01,,CANDIDATE,9.3210841,1.81,294.2,0.61,394.0,5.67,6.1,0.0815,3773.0,4.925,0.35
2715695,K03077.02,,CANDIDATE,7.55842923,2.91,361.1,1.46,694.0,54.85,10.3,0.619,4791.0,4.577,0.742
5283728,K05149.01,,CANDIDATE,43.681309,12.37,258.0,1.33,473.0,11.86,9.8,0.257,5726.0,4.564,0.829
5374838,K05155.01,,CANDIDATE,230.180357,13.436,3689.3,7.57,347.0,3.41,64.0,0.102,6313.0,4.364,1.246
6366559,K05274.01,,CANDIDATE,55.7583803,2.497,132.7,1.59,537.0,19.6,9.0,0.01,5413.0,4.107,1.403
6367663,K05275.01,,CANDIDATE,3.781123,8.15,90.4,1.16,1421.0,962.72,9.0,0.004,6318.0,4.247,1.216
6368905,K05276.01,,CANDIDATE,220.720142,8.186,862.5,2.0,235.0,0.72,12.0,0.113,5150.0,4.634,0.696
6372194,K05278.01,,CANDIDATE,281.5921577,5.673,9312.0,7.22,225.0,0.61,76.0,0.641,5330.0,4.627,0.713
6387557,K05279.01,,CANDIDATE,103.722152,6.061,296.9,1.95,414.0,6.92,9.4,0.017,5784.0,4.33,1.143
5294945,K03463.01,,CANDIDATE,32.5474295,6.945,157.1,1.42,618.0,34.42,11.3,0.709,6068.0,4.384,1.061
3968809,K05030.01,,CANDIDATE,411.8969,6.203,502.8,2.61,279.0,1.43,8.5,0.4026,6362.0,4.408,1.144
3974928,K05033.01,,CANDIDATE,127.671711,2.637,450.1,5.52,519.0,17.13,8.0,0.2999,4985.0,3.534,2.633
4071638,K05037.01,,CANDIDATE,349.58811,5.052,373.3,134.79,1351.0,787.87,11.6,0.1899,3860.0,0.949,74.32
5390913,K05156.01,,CANDIDATE,1.680254289,12.585,51633.0,30.88,1996.0,3753.6,178.7,0.7314,6423.0,4.121,1.246
5394585,K05158.01,,CANDIDATE,151.13008,3.49,358.0,4.41,578.0,26.4,4.6,0.0529,6768.0,3.844,2.302
5428199,K05162.01,,CANDIDATE,628.15844,12.144,502.3,0.95,101.0,0.03,14.7,0.2733,3697.0,4.829,0.423
6425377,K05281.01,,CANDIDATE,263.90141,4.303,807.1,23.91,562.0,23.6,11.0,0.9585,5094.0,3.126,6.247
6442735,K05283.01,,CANDIDATE,18.7821603,5.573,77.2,0.83,681.0,50.97,9.8,0.1986,5919.0,4.488,0.94
6443093,K05284.01,,CANDIDATE,389.316341,5.49,2599.8,27.61,245.0,0.86,34.7,1.202,5731.0,4.44,0.958
6509282,K05287.01,,CANDIDATE,3.98916186,1.913,318.0,28.1,3293.0,27838.74,16.3,0.08,4998.0,2.524,16.187
6697817,K03508.01,,CANDIDATE,190.800788,8.082,287.6,1.67,321.0,2.51,13.0,0.066,5993.0,4.489,0.986
4135912,K05040.01,,CANDIDATE,29.6094263,2.71,224.9,2.87,789.0,91.56,10.8,0.719,6079.0,4.059,1.783
4150972,K05044.01,,CANDIDATE,161.537665,2.65,101.8,1.37,400.0,6.04,5.9,0.2175,6033.0,4.218,1.358
5436455,K05164.01,,CANDIDATE,209.967521,2.585,120.0,1.16,344.0,3.29,7.1,0.2723,6437.0,4.439,1.042
5439000,K05165.01,,CANDIDATE,369.73011,14.27,274.8,1.66,274.0,1.34,9.6,0.1236,6283.0,4.453,0.999
5443320,K05169.01,,CANDIDATE,21.3684341,1.18,492.8,1.72,551.0,21.86,9.7,0.063,5204.0,4.515,0.786
6511182,K05288.01,,CANDIDATE,29.5632952,1.562,532.8,1.9,527.0,18.23,10.4,0.154,5595.0,4.562,0.828
6517064,K05289.01,,CANDIDATE,181.81214,16.164,474.6,2.04,324.0,2.6,21.3,0.3694,6060.0,4.509,0.925
6517200,K05290.01,,CANDIDATE,435.50635,34.16,553.8,2.06,225.0,0.61,8.2,0.1452,5750.0,4.538,0.882
6517255,K05291.01,,CANDIDATE,525.560452,2.327,1196.0,12.74,359.0,3.92,10.9,0.0878,4954.0,3.408,3.796
1164301,K04921.01,,CANDIDATE,95.688682,6.465,453.8,28.41,1046.0,283.07,9.8,0.5497,5040.0,2.681,13.056
1429589,K04923.01,,CANDIDATE,38.168652,5.086,90.6,1.4,696.0,55.36,8.3,0.0283,6164.0,4.117,1.465
1865864,K04926.01,,CANDIDATE,69.089357,6.207,475.1,1.47,332.0,2.87,8.6,0.051,4848.0,4.581,0.698
4164511,K05046.01,,CANDIDATE,40.9882124,3.599,145.8,1.44,657.0,43.98,11.3,0.2697,6705.0,4.328,1.174
4241238,K05048.01,,CANDIDATE,138.333748,2.391,603.6,6.28,488.0,13.45,8.4,0.4579,4948.0,3.588,2.547
5524229,K05174.01,,CANDIDATE,22.4932751,3.172,152.0,6.04,1183.0,463.56,11.2,0.1313,5186.0,3.273,4.98
5529385,K05176.01,,CANDIDATE,215.732414,1.915,208.2,1.26,292.0,1.72,7.3,0.4046,5790.0,4.479,0.856
6543192,K05297.01,,CANDIDATE,8.0906952,2.648,82.4,0.8,811.0,102.43,8.1,0.151,5374.0,4.495,0.902
6594945,K05300.01,,CANDIDATE,188.954072,14.17,166.5,2.46,468.0,11.36,10.9,0.014,6392.0,3.967,1.899
2019199,K04931.01,,CANDIDATE,579.81521,5.43,607.0,2.71,218.0,0.53,7.9,0.8425,5822.0,4.449,0.969
4346339,K05057.01,,CANDIDATE,493.74242,5.685,506.1,7.15,358.0,3.9,12.4,0.2377,5015.0,3.429,3.243
6634112,K05308.01,,CANDIDATE,9.942228056,2.45451,31067.9,22.15,740.0,70.93,1073.3,0.93,5268.0,4.475,0.843
6675757,K05310.01,,CANDIDATE,22.2903562,1.623,130.4,1.13,632.0,37.67,8.1,0.028,5597.0,4.418,1.0
2310993,K04938.01,,CANDIDATE,55.180772,9.791,474.6,2.37,531.0,18.79,11.5,0.306,6306.0,4.426,1.076
2437653,K04940.01,,CANDIDATE,84.6405853,2.657,784.0,1.72,271.0,1.27,8.2,0.2541,4386.0,4.629,0.63
2555080,K04943.01,,CANDIDATE,15.2024426,8.11,834.0,113.97,2955.0,18026.22,4.0,0.324,3984.0,1.461,41.367
4471313,K05066.01,,CANDIDATE,110.089267,1.575,1018.0,2.4,322.0,2.54,5.6,0.2852,5465.0,4.6,0.75
4478142,K05067.01,,CANDIDATE,219.931324,4.818,641.0,2.3,279.0,1.43,7.1,0.307,5557.0,4.5,0.912
4484179,K05068.01,,CANDIDATE,385.29212,19.417,218.5,1.57,290.0,1.68,15.1,0.0118,6440.0,4.355,1.053
5650930,K05188.01,,CANDIDATE,455.195496,3.565,293.6,2.09,290.0,1.67,8.0,0.054,6478.0,4.29,1.209
5697395,K05192.01,,CANDIDATE,50.55398,6.159,199.7,0.94,367.0,4.29,7.9,0.1379,4895.0,4.609,0.687
6805414,K05329.01,,CANDIDATE,200.2350497,23.612,10812.1,10.99,325.0,2.63,220.6,0.674,6108.0,4.471,0.997
6869373,K05331.01,,CANDIDATE,31.5034587,3.315,210.6,1.17,484.0,13.02,8.6,0.053,5269.0,4.567,0.823
6875342,K05332.01,,CANDIDATE,22.2381062,2.68,104.2,1.09,702.0,57.27,7.1,0.288,6192.0,4.433,1.055
6879183,K05333.01,,CANDIDATE,20.5477769,4.634,253.8,1.67,690.0,53.65,12.1,0.028,5922.0,4.429,1.057
4566848,K05071.01,,CANDIDATE,180.4118581,3.29,4268.0,8.86,329.0,2.77,33.2,0.953,6032.0,4.485,0.973
5734702,K05196.01,,CANDIDATE,392.47291,7.867,345.6,5.46,442.0,9.04,12.2,0.761,6626.0,3.728,2.704
2861298,K04958.01,,CANDIDATE,581.729006,6.647,186.7,2.74,308.0,2.12,8.6,0.2236,5765.0,3.837,2.005
4737848,K05079.01,,CANDIDATE,56.001782,1.706,125.2,1.54,584.0,27.51,7.2,0.5045,6116.0,4.178,1.332
4750962,K05083.01,,CANDIDATE,69.932459,2.03,264.4,8.25,812.0,102.62,8.4,0.0356,5207.0,3.298,5.183
5793275,K05202.01,,CANDIDATE,535.93723,11.85,337.2,1.83,227.0,0.63,8.8,0.5968,6014.0,4.494,0.958
5857656,K05205.01,,CANDIDATE,313.051405,10.969,594.9,2.91,310.0,2.2,39.5,0.2093,6218.0,4.322,1.185
5859725,K05207.01,,CANDIDATE,18.9828305,6.303,49.1,0.72,707.0,59.15,9.6,0.021,5962.0,4.443,1.035
6719052,K05320.01,,CANDIDATE,357.437578,15.903,272.3,3.13,422.0,7.53,13.6,0.1427,7610.0,4.127,1.862
6721603,K05321.01,,CANDIDATE,215.634356,15.097,148.0,1.92,404.0,6.28,12.3,0.002,6163.0,4.06,1.568
6756369,K05322.01,,CANDIDATE,30.928898,3.436,203.3,8.1,1051.0,288.95,8.5,0.7846,5029.0,3.237,5.127
6765563,K05324.01,,CANDIDATE,293.392635,3.661,518.8,6.84,428.0,7.93,9.9,0.1322,5203.0,3.489,3.055
6776555,K05327.01,,CANDIDATE,5.43361347,1.0338,1421.0,2.09,548.0,21.27,17.9,0.234,3694.0,4.686,0.566
3001955,K04961.01,,CANDIDATE,348.96347,13.84,585.2,2.04,198.0,0.36,11.8,0.6924,4823.0,4.564,0.792
3101178,K04963.01,,CANDIDATE,59.4037839,10.041,123.5,1.65,570.0,24.93,17.0,0.94,6373.0,4.256,1.209
3239171,K04967.01,,CANDIDATE,43.581043,6.883,348.7,1.94,558.0,22.89,8.7,0.277,6225.0,4.45,1.031
4761427,K05085.01,,CANDIDATE,327.063,8.06,1006.0,2.82,248.0,0.89,8.8,0.3983,5750.0,4.538,0.882
4770798,K05087.01,,CANDIDATE,651.07431,5.603,153.7,1.55,234.0,0.71,7.1,0.0343,5696.0,4.218,1.261
4813750,K05088.01,,CANDIDATE,49.1782244,5.8,449.0,1.79,468.0,11.32,9.4,0.315,5674.0,4.473,0.839
4833409,K05092.01,,CANDIDATE,271.790292,2.944,318.4,2.38,354.0,3.72,8.1,0.0142,6484.0,4.258,1.32
5946568,K05211.01,,CANDIDATE,3.5645249,2.062,53.9,0.6,1029.0,265.37,8.0,0.188,5435.0,4.578,0.824
5954894,K05213.01,,CANDIDATE,48.2455501,1.375,60.5,0.64,449.0,9.61,5.0,0.3106,5441.0,4.481,0.827
5965629,K05216.01,,CANDIDATE,377.311149,3.33,804.0,2.56,243.0,0.83,8.3,0.3818,5897.0,4.531,0.891
6934045,K05336.01,,CANDIDATE,265.741374,18.078,273.4,3.24,413.0,6.9,21.6,0.652,6537.0,4.044,1.859
6939913,K05337.01,,CANDIDATE,470.65357,3.458,985.0,2.99,238.0,0.75,8.3,0.1585,6039.0,4.493,0.951
7009548,K05341.01,,CANDIDATE,15.18575582,0.633,256.7,2.26,922.0,170.46,11.8,0.474,6311.0,4.207,1.339
3340165,K04972.01,,CANDIDATE,26.092284,6.623,122.4,1.35,717.0,62.57,12.2,0.068,6346.0,4.362,1.214
3355104,K04975.01,,CANDIDATE,47.0628978,1.545,1647.0,4.1,483.0,12.9,14.5,0.819,5838.0,4.529,0.897
4912650,K05098.01,,CANDIDATE,100.345648,7.939,372.3,1.57,325.0,2.62,15.2,0.54,5180.0,4.548,0.8
4914221,K05099.01,,CANDIDATE,111.187116,3.569,110.8,1.51,440.0,8.86,7.3,0.8164,5806.0,4.168,1.281
5981058,K05219.01,,CANDIDATE,27.765596,19.49,147.6,1.2,605.0,31.66,14.2,0.069,5897.0,4.476,0.999
6021840,K05222.01,,CANDIDATE,367.6758,23.5,699.5,2.77,271.0,1.27,14.0,0.0213,6140.0,4.455,1.048
6023571,K05223.01,,CANDIDATE,354.21154,18.594,821.3,8.41,363.0,4.12,22.0,0.2007,4842.0,3.562,3.035
6025174,K05224.01,,CANDIDATE,171.028691,11.784,394.2,2.49,376.0,4.72,13.1,0.26,6123.0,4.332,1.252
3356156,K04976.01,,CANDIDATE,624.90338,12.169,249.0,2.77,320.0,2.48,10.6,0.0703,7089.0,4.148,1.729
3425363,K04977.01,,CANDIDATE,25.5338535,2.076,368.0,1.18,410.0,6.66,8.3,0.1577,4445.0,4.63,0.635
3428127,K04978.01,,CANDIDATE,339.18998,5.117,822.0,2.75,253.0,0.96,7.6,0.2222,5544.0,4.402,0.966
3441795,K04981.01,,CANDIDATE,349.73652,3.428,886.0,2.32,216.0,0.52,6.0,0.0074,5310.0,4.582,0.796
4915582,K05101.01,,CANDIDATE,436.18813,11.35,118.0,1.64,331.0,2.84,8.7,0.0998,6499.0,4.084,1.497
4918303,K05104.01,,CANDIDATE,21.1579573,4.706,215.9,1.63,682.0,51.22,10.2,0.775,6063.0,4.476,1.012
4940376,K05107.01,,CANDIDATE,169.330666,2.6,532.7,16.68,698.0,56.11,9.7,0.5518,5106.0,3.006,7.052
6034379,K05226.01,,CANDIDATE,249.35154,13.76,1637.0,4.42,289.0,1.65,8.2,0.2745,5780.0,4.438,1.0
6034834,K05227.01,,CANDIDATE,371.56492,14.736,375.5,1.89,259.0,1.06,16.2,0.2626,5735.0,4.351,0.972
6036286,K05228.01,,CANDIDATE,546.53309,16.04,758.0,1.03,94.0,0.02,12.3,0.6074,3434.0,4.892,0.36
6038152,K05229.01,,CANDIDATE,364.63189,22.93,302.8,2.06,298.0,1.86,13.3,0.4524,6446.0,4.381,1.155
6043490,K05230.01,,CANDIDATE,330.738115,4.998,333.3,4.42,375.0,4.7,8.7,0.154,5458.0,3.755,2.453
6045404,K05231.01,,CANDIDATE,78.876125,4.912,472.3,2.03,427.0,7.86,8.1,0.2209,6046.0,4.509,0.927
3540873,K04986.01,,CANDIDATE,444.04257,10.9,417.4,1.48,211.0,0.47,7.4,0.062,5776.0,4.622,0.726
3548645,K04991.01,,CANDIDATE,211.330867,4.66,531.0,2.09,300.0,1.92,7.5,0.055,5941.0,4.519,0.911
4953262,K05110.01,,CANDIDATE,105.5904748,2.188,292.4,8.16,670.0,47.59,9.5,0.743,4869.0,3.193,4.383
6067545,K05236.01,,CANDIDATE,550.86514,14.548,346.5,2.06,238.0,0.76,20.8,0.027,5912.0,4.367,1.115
6115356,K05237.01,,CANDIDATE,380.39474,10.775,603.0,1.84,224.0,0.6,8.6,0.1094,5772.0,4.608,0.745
3553900,K04992.01,,CANDIDATE,12.5747207,2.896,323.3,1.45,693.0,54.46,10.5,0.588,5654.0,4.59,0.774
5027859,K05117.01,,CANDIDATE,33.3726538,3.663,618.4,1.95,491.0,13.7,10.1,0.038,5504.0,4.583,0.796
5036052,K05119.01,,CANDIDATE,143.163697,4.854,390.3,20.03,741.0,71.41,12.9,0.9527,5145.0,3.05,7.653
6197658,K05247.01,,CANDIDATE,282.0309,14.69,782.0,3.22,315.0,2.32,11.8,0.3315,6343.0,4.411,1.137
6198670,K05248.01,,CANDIDATE,179.25465,22.35,272.4,1.35,301.0,1.94,9.9,0.1755,5692.0,4.496,0.82
3646449,K04999.01,,CANDIDATE,65.752109,6.854,382.5,2.0,458.0,10.36,9.9,0.109,5816.0,4.432,1.03
3647097,K05001.01,,CANDIDATE,59.9655175,1.89,310.1,1.92,481.0,12.67,5.5,0.0853,5729.0,4.372,1.105
3748239,K05003.01,,CANDIDATE,112.951287,4.284,555.6,15.19,783.0,88.86,7.3,0.3936,5215.0,3.073,6.428
3751118,K05004.01,,CANDIDATE,103.363691,6.012,359.1,2.0,385.0,5.19,9.4,0.5904,5762.0,4.461,1.022
5094412,K05124.01,,CANDIDATE,276.879492,3.779,1762.0,11.67,260.0,1.08,10.4,1.045,5324.0,4.396,0.966
5110453,K05126.01,,CANDIDATE,418.04355,10.777,481.6,13.73,463.0,10.83,10.8,0.8391,5110.0,3.184,5.469
5166811,K05130.01,,CANDIDATE,370.05918,11.86,669.8,1.9,206.0,0.43,8.6,0.0166,5228.0,4.592,0.751
6203955,K05249.01,,CANDIDATE,19.4534296,4.873,149.0,1.25,744.0,72.59,9.8,0.046,6372.0,4.453,1.015
6266866,K05254.01,,CANDIDATE,232.916142,7.037,64.8,1.2,361.0,4.02,8.5,0.2313,5807.0,4.108,1.496
3229150,K02150.02,,CANDIDATE,44.7055876,6.262,471.8,72.59,509.0,15.83,12.0,1.692,5942.0,4.506,0.938
11360805,K02422.02,,CANDIDATE,57.3888262,3.543,344.4,1.88,406.0,6.41,11.9,0.876,5242.0,4.512,0.856
3758499,K05007.01,,CANDIDATE,14.5168151,5.796,86.0,1.82,1030.0,265.78,11.7,0.607,5934.0,3.945,1.885
3834728,K05009.01,,CANDIDATE,359.98653,3.866,671.0,1.76,200.0,0.38,5.6,0.3719,5171.0,4.626,0.677
5181299,K05134.01,,CANDIDATE,573.23826,2.641,470.1,6.93,338.0,3.09,6.8,0.0078,5172.0,3.534,3.264
5184144,K05135.01,,CANDIDATE,314.765374,3.325,732.0,2.0,217.0,0.53,7.5,0.158,5228.0,4.6,0.755
6309307,K05262.01,,CANDIDATE,438.98396,9.62,745.2,32.58,599.0,30.43,14.0,0.546,5053.0,2.77,11.706
3863877,K05021.01,,CANDIDATE,288.07937,3.161,991.0,3.01,269.0,1.25,7.6,0.0483,5825.0,4.504,0.965
5255259,K05142.01,,CANDIDATE,198.895864,4.193,1779.0,3.33,264.0,1.14,13.0,0.0543,5184.0,4.502,0.808
6350031,K05267.01,,CANDIDATE,5.1779065,5.366,129.5,2.93,1636.0,1692.64,9.5,0.073,5921.0,3.766,2.589
6359881,K05268.01,,CANDIDATE,474.22897,13.05,475.2,2.0,225.0,0.6,7.2,0.1936,5818.0,4.523,0.925
6359929,K05269.01,,CANDIDATE,371.50631,8.854,992.0,2.88,242.0,0.8,14.1,0.0156,5696.0,4.491,0.924
3955444,K05027.01,,CANDIDATE,62.312419,5.561,123.0,6.15,838.0,116.69,9.1,0.3683,4999.0,3.243,5.615
9274092,K05649.01,,CANDIDATE,426.942225,3.965,1209.0,2.32,187.0,0.29,11.8,0.2981,5126.0,4.623,0.669
9282853,K05651.01,,CANDIDATE,83.499618,16.03,501.0,1.72,343.0,3.29,16.1,0.341,5141.0,4.526,0.773
9292100,K05652.01,,CANDIDATE,91.507044,5.019,539.0,1.43,302.0,1.97,12.4,0.1665,5040.0,4.635,0.626
9300066,K05653.01,,CANDIDATE,188.664098,5.179,960.0,2.02,232.0,0.68,9.4,0.2033,4788.0,4.599,0.672
10186761,K05772.01,,CANDIDATE,75.636309,2.588,174.6,1.32,447.0,9.45,6.0,0.2749,6072.0,4.467,0.994
10191449,K05775.01,,CANDIDATE,492.23808,12.53,676.8,2.19,209.0,0.45,13.2,0.0198,5609.0,4.546,0.854
10199984,K05776.01,,CANDIDATE,198.6004,3.53,300.8,4.6,458.0,10.45,9.8,0.648,5357.0,3.641,2.522
7625138,K05406.01,,CANDIDATE,5.71966537,3.938,19.1,0.82,1479.0,1131.75,11.3,0.1103,6356.0,3.985,1.865
8507586,K05528.01,,CANDIDATE,201.621794,3.172,480.0,2.02,309.0,2.14,6.8,0.1779,5919.0,4.483,0.923
8525101,K05532.01,,CANDIDATE,24.6777128,5.088,131.3,6.04,1176.0,451.88,9.0,0.6305,4995.0,3.118,5.058
9304976,K05654.01,,CANDIDATE,54.6957124,6.89,1096.0,3.28,405.0,6.34,12.4,0.954,5299.0,4.535,0.757
9334027,K05657.01,,CANDIDATE,284.699924,3.709,371.1,2.0,293.0,1.74,7.6,0.3145,6054.0,4.425,1.028
9363944,K05660.01,,CANDIDATE,402.20969,5.298,472.5,10.03,452.0,9.86,9.5,0.3779,4961.0,3.131,4.649
10272858,K05782.01,,CANDIDATE,584.55603,3.671,346.7,6.69,354.0,3.73,10.0,0.3282,5208.0,3.458,3.62
10339000,K05787.01,,CANDIDATE,69.775633,9.205,140.9,1.19,480.0,12.52,9.7,0.3519,6224.0,4.413,0.983
7625143,K05407.01,,CANDIDATE,58.5029431,1.633,117.0,1.54,611.0,33.01,7.0,0.0062,6525.0,4.215,1.412
7631138,K05408.01,,CANDIDATE,415.748785,3.313,463.7,3.24,283.0,1.51,9.2,0.1124,5324.0,4.027,1.534
7662502,K05410.01,,CANDIDATE,24.1527864,4.451,78.1,0.97,701.0,57.15,9.3,0.175,6223.0,4.392,1.095
7672215,K05411.01,,CANDIDATE,11.1734401,4.545,61.3,1.4,1279.0,632.06,9.0,0.268,7372.0,4.142,1.752
7690782,K05413.01,,CANDIDATE,428.379308,4.066,386.6,2.0,236.0,0.74,7.4,0.7102,5574.0,4.381,0.953
8547213,K05536.01,,CANDIDATE,392.72811,12.48,499.7,1.85,226.0,0.62,12.0,0.4505,5701.0,4.558,0.815
8547537,K05539.01,,CANDIDATE,374.05697,22.53,961.1,2.34,209.0,0.45,20.6,0.1026,5302.0,4.595,0.771
8548454,K05541.01,,CANDIDATE,339.633833,8.859,517.8,2.04,250.0,0.93,12.0,0.111,5823.0,4.522,0.901
9391817,K05663.01,,CANDIDATE,140.884533,10.245,158.0,1.52,392.0,5.6,16.4,0.013,5960.0,4.306,1.213
9394953,K05665.01,,CANDIDATE,100.494129,2.679,57.6,1.33,523.0,17.64,6.9,0.0813,6018.0,4.036,1.75
9397862,K05666.01,,CANDIDATE,182.453195,2.721,184.0,1.26,332.0,2.89,5.2,0.0792,6164.0,4.483,0.927
10387792,K05789.01,,CANDIDATE,383.26217,4.84,448.4,1.57,203.0,0.4,11.0,0.1407,5074.0,4.536,0.761
10394802,K05790.01,,CANDIDATE,178.266978,5.276,1857.0,3.71,241.0,0.8,12.5,0.886,4899.0,4.624,0.713
10453009,K05794.01,,CANDIDATE,30.9771151,3.188,125.0,4.3,950.0,192.79,6.8,0.5092,5197.0,3.453,3.784
7747091,K05418.01,,CANDIDATE,14.2673439,3.171,217.5,1.21,657.0,44.12,9.0,0.042,5475.0,4.567,0.837
8570210,K05545.01,,CANDIDATE,541.04472,12.47,181.5,1.08,206.0,0.43,8.8,0.2387,5829.0,4.575,0.802
8571421,K05546.01,,CANDIDATE,514.271499,3.46,688.9,3.01,258.0,1.04,9.0,0.2032,6343.0,4.411,1.137
8574794,K05547.01,,CANDIDATE,571.14302,10.06,531.3,2.22,210.0,0.46,8.5,0.5041,5751.0,4.514,0.943
8613769,K05550.01,,CANDIDATE,540.39267,9.233,1780.0,3.63,206.0,0.42,15.1,0.3683,5693.0,4.551,0.856
9417931,K05671.01,,CANDIDATE,190.905243,2.529,227.1,1.73,356.0,3.81,7.4,0.3708,6098.0,4.321,1.131
9456887,K05677.01,,CANDIDATE,20.5142642,3.524,153.2,1.14,598.0,30.28,9.0,0.256,5221.0,4.422,0.936
10470779,K05796.01,,CANDIDATE,495.854189,8.65,548.6,2.41,230.0,0.67,10.9,0.031,5613.0,4.378,1.044
10487228,K05798.01,,CANDIDATE,318.25858,4.39,756.0,2.03,212.0,0.48,6.0,0.0281,5108.0,4.596,0.759
10519727,K05799.01,,CANDIDATE,184.883155,3.025,304.1,2.82,393.0,5.65,9.9,0.3074,5620.0,4.036,1.621
10525077,K05800.01,,CANDIDATE,11.006795,5.112,146.4,1.34,874.0,138.34,10.9,0.66,6091.0,4.424,1.047
10535708,K05801.01,,CANDIDATE,177.37583,21.14,459.7,1.96,314.0,2.29,12.4,0.0539,5849.0,4.517,0.919
7762153,K05423.01,,CANDIDATE,366.55705,11.62,582.5,2.63,266.0,1.18,10.2,0.1247,5857.0,4.403,1.1
7770901,K05426.01,,CANDIDATE,124.887214,8.599,176.5,1.78,435.0,8.48,13.3,0.752,6103.0,4.209,1.234
8644545,K05552.01,,CANDIDATE,295.958914,4.244,464.1,2.1,265.0,1.17,17.5,0.024,5505.0,4.386,0.992
8644911,K05553.01,,CANDIDATE,120.938669,8.818,782.1,2.32,333.0,2.91,15.0,0.011,5456.0,4.477,0.843
8652997,K05554.01,,CANDIDATE,362.22202,14.29,52.5,0.96,312.0,2.25,14.6,0.5664,6113.0,4.168,1.277
8656535,K05556.01,,CANDIDATE,631.99116,2.99,345.6,1.86,210.0,0.46,7.2,0.2397,5594.0,4.387,1.006
9466486,K05680.01,,CANDIDATE,557.92882,4.788,262.2,2.97,300.0,1.92,8.1,0.1034,5553.0,3.805,1.844
9472328,K05681.01,,CANDIDATE,77.51257,3.15,1510.0,28199.3,702.0,57.44,5.8,72.1108,5261.0,3.459,3.63
9472341,K05682.01,,CANDIDATE,46.969389,1.944,1875.0,7.45,638.0,39.27,7.1,0.3246,5401.0,3.885,1.717
9475697,K05684.01,,CANDIDATE,206.801125,6.6,716.0,24.34,675.0,48.97,16.7,0.6772,5048.0,2.978,8.611
9481235,K05685.01,,CANDIDATE,14.0019064,4.257,376.1,17.96,1646.0,1736.43,11.6,0.9747,4883.0,2.783,6.502
10552151,K05805.01,,CANDIDATE,525.757041,4.995,830.2,11.07,372.0,4.52,14.4,0.11,5277.0,3.495,3.931
10552263,K05806.01,,CANDIDATE,313.82752,4.187,168.0,1.26,272.0,1.28,8.7,0.1103,5914.0,4.453,0.973
10581308,K05810.01,,CANDIDATE,425.593391,3.815,237.6,2.25,278.0,1.41,6.5,0.4892,5458.0,4.09,1.441
7829836,K05433.01,,CANDIDATE,237.819002,11.324,614.2,2.55,302.0,1.98,15.4,0.018,5878.0,4.424,1.035
7830953,K05434.01,,CANDIDATE,581.87357,14.64,905.6,2.96,218.0,0.53,12.5,0.1603,5897.0,4.489,0.992
7836096,K05435.01,,CANDIDATE,15.9961296,1.656,500.7,1.71,560.0,23.32,10.7,0.297,4949.0,4.588,0.777
8715589,K05563.01,,CANDIDATE,7.62210397,1.902,146.1,3.8,1422.0,965.88,9.2,0.323,5222.0,3.556,3.162
8741367,K05566.01,,CANDIDATE,0.9886684,2.023,126.6,3.18,3183.0,24258.04,8.7,0.372,6456.0,3.725,2.773
9532603,K05688.01,,CANDIDATE,14.5555096,2.07,725.0,2.03,594.0,29.45,8.1,0.528,5176.0,4.612,0.738
9534832,K05689.01,,CANDIDATE,114.12716,1.719,974.0,2.76,295.0,1.79,6.3,0.7092,4816.0,4.508,0.823
9536727,K05690.01,,CANDIDATE,17.0497376,3.271,478.6,45.89,1971.0,3566.8,6.4,0.9703,5039.0,2.587,14.954
9575728,K05692.01,,CANDIDATE,2.64181261,2.127,70.0,0.59,834.0,114.08,12.7,0.608,4147.0,4.601,0.683
10802364,K05829.01,,CANDIDATE,583.8531,5.09,491.0,1.97,196.0,0.35,5.4,0.5925,5591.0,4.559,0.86
10809888,K05830.01,,CANDIDATE,72.782432,3.726,245.8,11.19,924.0,172.28,8.5,0.1157,5099.0,3.021,7.317
10813078,K05831.01,,CANDIDATE,10.552241908,2.7355,954.0,1.75,485.0,13.12,12.3,0.025,4031.0,4.666,0.585
10850327,K05833.01,,CANDIDATE,440.171272,12.217,783.5,5.97,334.0,2.96,38.0,0.956,6261.0,4.001,1.679
10855545,K05834.01,,CANDIDATE,37.537859,6.513,269.0,1.77,583.0,27.38,8.2,0.058,6095.0,4.429,1.082
10858504,K05835.01,,CANDIDATE,474.96952,4.58,595.0,2.44,249.0,0.91,6.4,0.5688,6287.0,4.473,0.962
7888863,K05440.01,,CANDIDATE,74.624063,8.881,346.9,1.75,448.0,9.49,11.0,0.019,6187.0,4.499,0.937
7917068,K05446.01,,CANDIDATE,416.9504,4.026,479.8,7.35,377.0,4.77,6.9,0.9542,5751.0,3.708,2.611
8747910,K05570.01,,CANDIDATE,574.65297,4.37,725.0,2.28,196.0,0.35,7.4,0.5663,5596.0,4.553,0.821
8807988,K05572.01,,CANDIDATE,21.9578446,1.038,96.6,0.78,533.0,19.05,6.7,0.1492,5192.0,4.583,0.802
8814872,K05574.01,,CANDIDATE,373.41509,6.617,1806.0,2.55,158.0,0.15,10.0,0.0532,4236.0,4.642,0.612
9579606,K05694.01,,CANDIDATE,107.904526,2.053,249.4,1.26,337.0,3.05,6.1,0.2415,5565.0,4.574,0.802
9596820,K05698.01,,CANDIDATE,282.029084,4.686,312.8,2.33,363.0,4.12,8.1,0.4082,6886.0,4.305,1.287
10601163,K05812.01,,CANDIDATE,3.1318392,1.632,159.9,1.5,1443.0,1025.14,6.0,0.3864,6070.0,4.246,1.159
10618044,K05815.01,,CANDIDATE,207.767894,5.21,320.6,3.52,379.0,4.85,7.7,0.6973,5210.0,3.894,1.849
10656842,K05816.01,,CANDIDATE,82.508054,3.806,351.9,14.04,878.0,140.61,11.4,0.0379,4986.0,3.01,7.733
10658177,K05817.01,,CANDIDATE,113.083522,10.315,130.7,1.59,450.0,9.65,13.0,0.039,5903.0,4.179,1.4
10663976,K05819.01,,CANDIDATE,381.37504,16.57,286.5,1.24,212.0,0.48,11.8,0.3515,5513.0,4.614,0.729
7950158,K05451.01,,CANDIDATE,529.39169,10.869,319.9,4.4,319.0,2.43,12.1,0.037,5283.0,3.699,2.504
8841297,K05577.01,,CANDIDATE,495.51899,3.592,297.6,2.94,305.0,2.03,6.6,0.6052,6043.0,4.038,1.634
8868481,K05578.01,,CANDIDATE,388.048463,3.456,149.6,3.0,376.0,4.71,8.3,0.1973,5779.0,3.765,2.46
8888745,K05579.01,,CANDIDATE,34.0269868,1.586,361.7,1.57,455.0,10.15,6.2,0.5682,4999.0,4.514,0.801
8890417,K05580.01,,CANDIDATE,173.219879,1.875,239.5,2.41,405.0,6.39,5.7,0.5113,6007.0,4.158,1.518
9659022,K05702.01,,CANDIDATE,511.882,4.822,610.0,2.56,241.0,0.79,6.5,0.5102,6141.0,4.454,1.007
9674789,K05704.01,,CANDIDATE,96.16705,2.775,270.7,1.15,313.0,2.26,7.2,0.1194,5147.0,4.617,0.716
9723746,K05707.01,,CANDIDATE,208.800733,1.964,594.0,2.88,347.0,3.43,4.9,0.3095,6208.0,4.372,1.168
10685764,K05822.01,,CANDIDATE,17.634272,1.387,76.7,1.69,842.0,118.84,9.7,0.1876,4885.0,3.815,1.979
10737437,K05825.01,,CANDIDATE,208.047137,3.22,287.5,2.05,363.0,4.12,6.9,0.1884,5991.0,4.175,1.2
10747162,K05826.01,,CANDIDATE,30.561533,2.227,585.7,1.53,379.0,4.86,6.9,0.0124,4294.0,4.609,0.664
7979297,K05455.01,,CANDIDATE,292.09809,14.43,528.8,2.09,267.0,1.2,11.4,0.5155,5955.0,4.534,0.883
8005002,K05457.01,,CANDIDATE,578.21623,2.707,120.6,3.54,328.0,2.74,3.5,0.3763,5166.0,3.6,3.244
8007174,K05458.01,,CANDIDATE,56.648588,4.534,648.9,2.19,377.0,4.77,11.8,0.769,5023.0,4.565,0.782
8009811,K05459.01,,CANDIDATE,53.554546,5.533,127.6,3.1,769.0,82.79,8.9,0.62,6039.0,3.76,2.622
8016650,K05461.01,,CANDIDATE,119.079642,16.268,422.5,17.89,795.0,94.61,18.0,0.2275,4849.0,2.942,8.984
8915379,K05583.01,,CANDIDATE,20.5858591,3.069,260.2,1.31,586.0,27.85,6.6,0.7233,5523.0,4.526,0.753
8937555,K05585.01,,CANDIDATE,113.573945,3.007,249.6,3.45,496.0,14.32,7.8,0.1359,5155.0,3.768,2.233
8946267,K05588.01,,CANDIDATE,542.91133,15.9,750.1,2.27,199.0,0.37,13.1,0.3766,5583.0,4.559,0.824
9776907,K05712.01,,CANDIDATE,287.75613,5.487,1987.0,3.4,215.0,0.5,6.6,0.2794,4965.0,4.586,0.781
9832379,K05715.01,,CANDIDATE,189.961729,12.46,699.9,1.93,260.0,1.08,11.9,0.1845,5335.0,4.613,0.742
10879899,K05839.01,,CANDIDATE,169.415073,3.884,239.9,2.32,413.0,6.87,9.8,0.7546,6362.0,4.238,1.378
10933306,K05842.01,,CANDIDATE,57.7749373,4.731,283.6,1.85,524.0,17.82,10.4,0.044,6277.0,4.417,1.097
8040457,K05468.01,,CANDIDATE,81.704814,1.468,297.0,1.65,442.0,9.04,5.8,0.0021,6099.0,4.421,0.95
8044083,K05470.01,,CANDIDATE,578.21805,4.18,637.0,2.44,223.0,0.59,5.3,0.3937,6089.0,4.495,0.95
8959240,K05591.01,,CANDIDATE,317.009388,3.013,326.9,4.03,345.0,3.34,7.5,0.2991,5066.0,3.787,2.27
8971044,K05592.01,,CANDIDATE,482.51701,14.791,573.0,2.3,242.0,0.8,10.3,0.0846,6168.0,4.488,0.96
9011877,K05597.01,,CANDIDATE,7.77710639,3.418,77.4,0.73,773.0,84.44,10.6,0.196,5073.0,4.481,0.851
9838582,K05718.01,,CANDIDATE,233.64574,10.05,2268.0,5.2,296.0,1.8,7.6,0.0691,5780.0,4.438,1.0
9839030,K05719.01,,CANDIDATE,27.285315,7.47,396.5,2.19,678.0,49.97,9.6,0.213,6304.0,4.407,1.094
7018210,K05344.01,,CANDIDATE,445.351255,6.516,420.4,3.66,370.0,4.43,10.6,0.1716,7202.0,4.112,1.755
8076215,K05472.01,,CANDIDATE,97.5137491,2.655,279.8,5.27,630.0,37.25,9.1,0.0922,5437.0,3.57,3.18
8094942,K05473.01,,CANDIDATE,549.42772,6.09,719.1,2.64,223.0,0.58,12.1,0.4315,5957.0,4.498,0.971
8099517,K05474.01,,CANDIDATE,284.666844,2.752,418.0,8.98,486.0,13.14,5.6,0.3413,5248.0,3.368,4.413
8105719,K05476.01,,CANDIDATE,148.179343,12.733,466.6,2.52,367.0,4.29,12.5,0.102,5635.0,4.278,1.183
9012244,K05598.01,,CANDIDATE,376.934014,4.28,382.4,2.13,274.0,1.33,6.1,0.6546,6074.0,4.369,1.034
9018021,K05600.01,,CANDIDATE,17.168095,13.04,143.1,4.81,603.0,31.34,8.1,0.999,5053.0,3.824,1.907
9026007,K05602.01,,CANDIDATE,403.163148,5.735,681.1,2.49,240.0,0.79,12.1,0.02,5812.0,4.504,0.963
9026248,K05603.01,,CANDIDATE,341.557931,3.365,433.0,6.81,393.0,5.65,9.6,0.6746,5138.0,3.551,3.098
9044060,K05604.01,,CANDIDATE,476.91977,5.07,193.6,2.49,321.0,2.49,7.4,0.5589,6282.0,4.063,1.725
9047416,K05605.01,,CANDIDATE,9.011888,4.167,987.6,7.04,1105.0,351.97,15.5,0.948,5627.0,4.002,1.735
9851638,K05725.01,,CANDIDATE,351.25069,3.648,1324.0,2.23,186.0,0.28,6.5,0.1777,4828.0,4.63,0.63
9881660,K05727.01,,CANDIDATE,65.3558881,2.165,1158.0,2.61,337.0,3.05,9.6,0.4827,4703.0,4.55,0.764
9910043,K05732.01,,CANDIDATE,39.399926,5.729,341.4,1.52,499.0,14.66,9.4,0.544,5913.0,4.581,0.795
7125794,K05358.01,,CANDIDATE,126.586058,5.41,124.9,1.54,460.0,10.54,10.5,0.799,6611.0,4.269,1.249
7130612,K05359.01,,CANDIDATE,2.7200197,1.874,869.0,1.53,713.0,61.08,8.5,0.0078,3939.0,4.735,0.527
8125917,K05479.01,,CANDIDATE,18.347081,2.825,1126.6,5.65,855.0,126.14,11.6,0.1988,5465.0,3.968,1.702
8129333,K05480.01,,CANDIDATE,57.140035,5.684,1567.0,5.78,588.0,28.34,7.2,0.0783,5936.0,4.103,1.46
8158429,K05482.01,,CANDIDATE,31.707574649,7.6771,787.3,2.96,547.0,21.1,5.5,0.923,5861.0,4.546,0.865
8197176,K05485.01,,CANDIDATE,9.3589254,3.169,1527.0,17.37,1528.0,1288.85,8.9,0.184,5188.0,3.327,4.521
8197406,K05486.01,,CANDIDATE,4.15472242,1.791,2243.0,23.47,2292.0,6522.18,19.7,0.971,6996.0,3.627,3.359
9073549,K05608.01,,CANDIDATE,87.565484,2.527,396.0,2.12,437.0,8.6,6.7,0.0563,6064.0,4.429,1.069
9079671,K05609.01,,CANDIDATE,535.1515,2.826,362.3,2.7,258.0,1.04,8.6,0.3162,5468.0,4.085,1.423
9079767,K05610.01,,CANDIDATE,495.40462,0.63,904.0,152.21,248.0,0.9,5.5,2.3238,6225.0,4.45,1.031
9087853,K05612.01,,CANDIDATE,353.65927,4.543,1018.0,2.58,223.0,0.58,7.5,0.247,5438.0,4.574,0.82
9097470,K05613.01,,CANDIDATE,346.4174,9.23,662.0,2.41,251.0,0.94,7.9,0.1572,5754.0,4.49,0.946
9935983,K05736.01,,CANDIDATE,161.651504,2.509,253.6,2.22,377.0,4.77,8.4,0.736,5725.0,4.212,1.289
9941136,K05737.01,,CANDIDATE,376.24253,4.064,185.7,1.32,254.0,0.99,6.3,0.328,5916.0,4.463,0.96
9942658,K05740.01,,CANDIDATE,21.7997515,4.756,109.5,1.01,674.0,48.75,8.7,0.1657,6122.0,4.487,0.964
7132462,K05360.01,,CANDIDATE,54.595746,2.21,135.8,2.0,649.0,41.81,8.7,0.332,6014.0,3.989,1.699
7186436,K05365.01,,CANDIDATE,585.64118,13.97,565.2,2.2,207.0,0.43,12.5,0.5274,5779.0,4.526,0.901
8223445,K05487.01,,CANDIDATE,48.8130123,1.538,702.0,2.95,553.0,22.17,8.8,0.0608,6202.0,4.395,1.11
9114614,K05616.01,,CANDIDATE,441.61919,5.372,820.0,1.71,152.0,0.12,7.8,0.5027,4351.0,4.659,0.592
9116510,K05618.01,,CANDIDATE,318.49078,3.012,630.0,3.01,301.0,1.94,6.3,0.4328,6026.0,4.302,1.176
9953491,K05741.01,,CANDIDATE,362.0619,14.02,886.2,2.12,203.0,0.41,13.5,0.524,5271.0,4.636,0.698
9962595,K05745.01,,CANDIDATE,11.374442708,2.30694,27904.9,22.86,687.0,52.84,643.6,0.978,5297.0,4.546,0.808
9968924,K05747.01,,CANDIDATE,411.447056,3.481,285.2,2.86,342.0,3.22,7.3,0.287,6519.0,4.108,1.672
9993683,K05748.01,,CANDIDATE,29.9371143,4.435,194.3,1.19,501.0,14.87,11.6,0.321,5115.0,4.47,0.866
7198587,K05369.01,,CANDIDATE,651.358046,4.384,570.8,14.58,411.0,6.75,11.0,0.0946,5122.0,3.172,6.261
7204233,K05371.01,,CANDIDATE,33.3037881,3.003,272.4,1.14,422.0,7.53,8.1,0.072,4899.0,4.624,0.713
7205717,K05372.01,,CANDIDATE,212.60398,5.74,188.5,1.64,337.0,3.06,7.1,0.0513,5834.0,4.284,1.207
7206422,K05373.01,,CANDIDATE,50.550788,2.353,154.5,5.0,790.0,92.03,7.9,0.632,5031.0,3.433,3.859
7213311,K05375.01,,CANDIDATE,285.374561,4.865,482.3,5.94,423.0,7.54,13.7,0.018,5142.0,3.47,2.756
8279146,K05497.01,,CANDIDATE,93.359737,5.397,38.3,1.05,592.0,29.01,8.1,0.0547,6809.0,4.078,1.673
8294683,K05499.01,,CANDIDATE,122.58481,22.37,318.9,1.19,279.0,1.43,7.6,0.3468,5003.0,4.602,0.669
8295087,K05500.01,,CANDIDATE,84.934357,3.169,129.7,1.6,531.0,18.83,5.9,0.1612,6290.0,4.156,1.395
8307489,K05502.01,,CANDIDATE,421.98194,13.799,173.1,2.02,334.0,2.96,15.0,0.1494,6760.0,4.193,1.515
9147012,K05625.01,,CANDIDATE,116.454312,15.826,2125.3,3.33,306.0,2.06,30.0,0.006,5197.0,4.548,0.736
9147029,K05626.01,,CANDIDATE,397.499229,8.019,2629.7,6.57,293.0,1.73,34.8,0.5839,6423.0,4.37,1.231
9157030,K05628.01,,CANDIDATE,24.9093027,3.8,332.6,1.32,452.0,9.9,10.4,0.679,4810.0,4.633,0.685
9157523,K05629.01,,CANDIDATE,192.138741,3.218,151.4,1.93,407.0,6.48,8.2,0.0503,6065.0,4.098,1.569
9994381,K05749.01,,CANDIDATE,281.95332,2.756,1039.0,2.31,204.0,0.41,7.6,0.6164,4864.0,4.628,0.692
10007916,K05755.01,,CANDIDATE,388.67155,11.701,371.3,1.49,210.0,0.46,10.1,0.0576,5354.0,4.587,0.788
7282470,K05379.01,,CANDIDATE,520.655224,12.94,314.9,7.58,401.0,6.12,14.4,0.2674,5227.0,3.321,4.313
7289139,K05380.01,,CANDIDATE,369.93355,7.6,995.0,3.24,270.0,1.25,15.8,0.149,6158.0,4.453,1.024
8352009,K05506.01,,CANDIDATE,641.60204,16.762,237.3,1.61,230.0,0.66,10.6,0.3218,6277.0,4.449,1.031
8378278,K05509.01,,CANDIDATE,28.406342,2.598,223.6,1.41,613.0,33.44,5.4,0.2208,6085.0,4.474,0.936
9166700,K05632.01,,CANDIDATE,264.466625,6.371,437.3,2.61,346.0,3.41,27.0,0.129,6551.0,4.337,1.236
9173014,K05633.01,,CANDIDATE,151.77884,2.615,189.7,4.35,616.0,34.01,8.2,0.159,6328.0,3.634,3.134
9178894,K05635.01,,CANDIDATE,113.993156,7.721,69.7,2.23,729.0,66.64,15.6,0.7026,7892.0,3.921,2.496
10027861,K05758.01,,CANDIDATE,102.493119,2.814,636.1,2.7,317.0,2.37,8.3,0.9591,5166.0,4.583,0.791
10083325,K05761.01,,CANDIDATE,6.13292733,1.561,58.7,1.56,1379.0,854.43,10.0,0.225,5877.0,3.941,2.034
10090854,K05762.01,,CANDIDATE,12.63063129,2.212,300.8,1.37,689.0,53.17,9.5,0.017,5579.0,4.58,0.798
10098540,K05764.01,,CANDIDATE,286.02266,10.43,1036.0,2.03,180.0,0.25,9.8,0.3591,4368.0,4.624,0.637
7377343,K05384.01,,CANDIDATE,7.95445779,4.6012,6269.4,9.5,1064.0,303.36,228.4,0.021,6217.0,4.306,1.196
7383840,K05385.01,,CANDIDATE,331.70918,7.44,3463.0,6815.75,221.0,0.56,9.5,78.4871,5282.0,4.565,0.805
7416016,K05387.01,,CANDIDATE,297.78282,18.38,392.4,1.17,167.0,0.18,10.8,0.2697,4192.0,4.657,0.59
7416306,K05388.01,,CANDIDATE,137.396194,17.61,155.4,3.38,517.0,16.87,13.2,0.525,5425.0,3.704,2.655
7416646,K05389.01,,CANDIDATE,365.739893,1.218,300.7,1.73,241.0,0.8,4.7,0.6206,5420.0,4.396,0.953
7440715,K05390.01,,CANDIDATE,104.198102,3.2,652.2,5.13,497.0,14.46,8.9,0.3437,5087.0,3.759,2.024
8395870,K05511.01,,CANDIDATE,74.833577,3.247,86.4,1.68,590.0,28.65,6.4,0.1101,5933.0,3.953,1.807
8396288,K05512.01,,CANDIDATE,8.5852872,2.834,1406.0,3.02,777.0,85.95,11.0,0.029,5488.0,4.57,0.818
8415353,K05514.01,,CANDIDATE,102.100752,2.009,194.2,2.63,551.0,21.84,5.2,0.492,6359.0,4.046,1.83
8429817,K05515.01,,CANDIDATE,6.263491873,0.8513,2829.0,6.46,1180.0,458.5,35.1,0.048,6247.0,4.255,1.194
8432249,K05517.01,,CANDIDATE,335.43143,10.3,228.1,7.12,468.0,11.31,6.8,0.4062,5172.0,3.315,4.721
8439618,K05518.01,,CANDIDATE,558.21886,13.556,1539.4,3.1,198.0,0.36,19.1,0.022,5679.0,4.581,0.794
9209981,K05638.01,,CANDIDATE,290.02002,23.87,172.5,1.56,321.0,2.51,7.6,0.5367,6452.0,4.384,1.148
9210738,K05639.01,,CANDIDATE,279.21957,10.015,333.5,4.92,395.0,5.77,10.5,0.6009,5159.0,3.648,2.604
9214176,K05640.01,,CANDIDATE,348.665961,3.849,391.2,9.56,493.0,13.93,10.8,0.0873,5183.0,3.166,4.89
9217583,K05642.01,,CANDIDATE,222.28056,3.035,271.9,2.56,405.0,6.37,8.0,0.2151,6543.0,4.17,1.531
9220614,K05643.01,,CANDIDATE,570.01886,3.52,428.5,1.62,190.0,0.31,6.8,0.1946,5496.0,4.579,0.79
10146103,K05769.01,,CANDIDATE,7.58062893,3.484,86.1,0.97,937.0,182.01,10.9,0.382,5753.0,4.417,1.041
7458743,K05393.01,,CANDIDATE,248.421771,4.187,704.0,18.92,579.0,26.64,8.8,0.7838,4895.0,3.008,6.428
7539277,K05398.01,,CANDIDATE,551.22396,5.896,570.7,2.1,206.0,0.42,17.2,0.2134,5691.0,4.544,0.887
11444772,K05897.01,,CANDIDATE,395.94327,16.09,1506.0,2.53,172.0,0.21,14.5,0.1116,4596.0,4.63,0.678
11444974,K05898.01,,CANDIDATE,76.37924,0.645,276.3,1.73,406.0,6.41,5.7,0.7333,5451.0,4.404,0.936
11446961,K05899.01,,CANDIDATE,58.669218,3.712,169.4,1.28,450.0,9.68,10.0,0.332,5548.0,4.433,0.986
11453930,K05900.01,,CANDIDATE,355.84731,16.68,123.9,1.68,354.0,3.71,9.8,0.1578,6823.0,4.212,1.493
11456256,K05901.01,,CANDIDATE,61.611129,14.96,82.9,1.29,597.0,30.02,22.0,0.364,6533.0,4.227,1.386
11457664,K05902.01,,CANDIDATE,150.728285,2.718,213.5,1.27,321.0,2.51,5.6,0.2751,5778.0,4.544,0.871
11465658,K05903.01,,CANDIDATE,253.790434,3.702,604.0,2.06,253.0,0.97,6.4,0.1412,5426.0,4.535,0.85
11513366,K05907.01,,CANDIDATE,587.38162,11.973,863.6,36.77,527.0,18.29,12.8,0.6822,4784.0,2.711,11.839
11520114,K05909.01,,CANDIDATE,7.07987663,2.589,309.8,1.36,738.0,70.05,10.0,0.034,4808.0,4.521,0.806
11520465,K05910.01,,CANDIDATE,91.240335,2.314,206.1,1.75,494.0,14.03,5.7,0.1436,6493.0,4.305,1.205
11559493,K05911.01,,CANDIDATE,357.41382,3.675,777.0,3.01,283.0,1.52,6.7,0.1438,6233.0,4.412,1.076
11598638,K05912.01,,CANDIDATE,359.854745,3.429,302.4,2.25,302.0,1.97,6.1,0.8071,6495.0,4.379,1.168
11598894,K05913.01,,CANDIDATE,89.366114,3.945,494.0,1.97,391.0,5.54,6.3,0.39,5861.0,4.522,0.875
11599937,K05915.01,,CANDIDATE,37.6259039,3.91,411.0,1.81,519.0,17.13,11.7,0.49,5874.0,4.542,0.871
11601425,K05917.01,,CANDIDATE,41.9934673,3.226,293.7,1.56,503.0,15.19,9.4,0.046,5766.0,4.498,0.915
11601633,K05918.01,,CANDIDATE,94.67782,2.215,287.0,1.46,353.0,3.67,5.9,0.3614,5360.0,4.503,0.866
11601972,K05919.01,,CANDIDATE,290.196139,13.698,281.0,2.35,341.0,3.2,15.7,0.017,6238.0,4.224,1.403
11614808,K05921.01,,CANDIDATE,175.452812,2.734,141.8,3.96,591.0,28.77,6.1,0.1526,6184.0,3.58,3.304
11615258,K05922.01,,CANDIDATE,367.07446,5.887,368.3,2.15,287.0,1.59,6.6,0.093,6315.0,4.407,1.116
11615521,K05923.01,,CANDIDATE,366.684634,3.284,456.3,10.75,444.0,9.18,9.1,0.5294,5090.0,3.353,4.962
11616434,K05924.01,,CANDIDATE,291.306507,2.91,1132.0,2.49,219.0,0.54,7.1,0.3377,5031.0,4.548,0.748
11651240,K05925.01,,CANDIDATE,93.006,2.461,125.4,1.97,503.0,15.18,6.7,0.4428,5518.0,3.973,1.742
11716643,K05929.01,,CANDIDATE,466.002988,10.278,2363.6,4.92,223.0,0.58,42.3,0.867,5830.0,4.54,0.876
11722217,K05930.01,,CANDIDATE,302.77571,3.183,1106.0,1.0,106.0,0.03,7.1,0.1265,3358.0,4.944,0.303
11803074,K05932.01,,CANDIDATE,355.86134,23.39,1220.7,2.79,233.0,0.7,15.2,0.003,5736.0,4.576,0.801
11807906,K05933.01,,CANDIDATE,236.506437,5.004,744.4,10.37,480.0,12.54,10.6,0.1474,5066.0,3.414,3.9
11811382,K05934.01,,CANDIDATE,19.3854894,1.031,4560.0,6.13,632.0,37.73,2.7,0.0074,5432.0,4.42,0.913
11824578,K05937.01,,CANDIDATE,357.588538,3.367,344.8,3.53,420.0,7.38,7.2,0.1542,7435.0,4.082,1.876
11860294,K05938.01,,CANDIDATE,545.205601,3.296,199.7,1.66,257.0,1.03,7.1,0.3515,6273.0,4.345,1.155
11868941,K05939.01,,CANDIDATE,105.053389,1.988,176.7,1.52,449.0,9.61,5.8,0.2199,6471.0,4.392,1.13
11905398,K05940.01,,CANDIDATE,24.7967294,4.278,970.5,3.14,537.0,19.62,13.8,0.952,5496.0,4.592,0.776
11910670,K05941.01,,CANDIDATE,44.7060191,0.25,292.0,60.47,465.0,11.01,6.6,1.6552,5509.0,4.482,0.811
11911929,K05942.01,,CANDIDATE,125.277815,4.442,432.3,15.75,799.0,96.53,11.0,0.131,5119.0,2.961,7.738
11923213,K05943.01,,CANDIDATE,27.2020672,1.811,180.3,1.87,719.0,63.31,8.7,0.223,5869.0,4.175,1.396
11959893,K05945.01,,CANDIDATE,40.7282314,13.677,221.8,4.58,829.0,111.83,19.4,0.9828,6531.0,3.936,2.231
12007270,K05948.01,,CANDIDATE,398.51312,5.41,249.2,1.23,222.0,0.58,5.9,0.5091,5776.0,4.596,0.759
12009917,K05949.01,,CANDIDATE,559.785594,3.496,274.8,1.88,249.0,0.92,7.3,0.411,6201.0,4.352,1.111
12020376,K05950.01,,CANDIDATE,109.43946,3.801,187.1,1.0,314.0,2.31,7.3,0.0905,5359.0,4.611,0.741
12071775,K05952.01,,CANDIDATE,164.507439,11.428,433.8,2.15,346.0,3.39,11.7,0.3819,5866.0,4.382,1.02
12102775,K05953.01,,CANDIDATE,370.84786,13.966,1440.0,4.03,219.0,0.54,15.2,0.8847,5291.0,4.539,0.886
12105086,K05954.01,,CANDIDATE,73.908995,3.916,100.5,0.94,421.0,7.44,7.0,0.4947,5865.0,4.518,0.918
12121701,K05956.01,,CANDIDATE,212.646179,2.539,953.0,3.19,321.0,2.5,5.4,0.1739,6108.0,4.466,1.03
12168895,K05959.01,,CANDIDATE,251.48808,6.8,305.0,1.74,284.0,1.55,6.4,0.8011,5979.0,4.52,0.902
12170767,K05960.01,,CANDIDATE,32.4185265,5.154,110.7,1.62,687.0,52.7,7.9,0.7105,5622.0,4.044,1.441
12253490,K05961.01,,CANDIDATE,19.159760875,3.10166,32491.1,25.24,424.0,7.65,900.3,1.191,4492.0,4.727,0.516
12300524,K05964.01,,CANDIDATE,32.033211,5.289,71.3,0.85,591.0,28.78,9.2,0.007,6039.0,4.478,1.005
12349560,K05965.01,,CANDIDATE,43.3975622,3.908,585.3,1.69,388.0,5.35,8.6,0.08,4871.0,4.608,0.725
10967168,K05845.01,,CANDIDATE,22.2659599,4.816,61.3,1.18,896.0,152.29,8.3,0.03,6888.0,4.223,1.492
10977671,K05846.01,,CANDIDATE,199.064336,13.623,265.0,6.12,483.0,12.81,15.4,0.763,5157.0,3.541,3.436
10978581,K05847.01,,CANDIDATE,277.114286,3.926,567.1,17.56,605.0,31.66,10.4,0.0288,5117.0,2.986,7.549
10979952,K05848.01,,CANDIDATE,323.159363,2.427,368.6,3.41,331.0,2.83,7.4,0.0504,5251.0,3.872,1.811
10989620,K05849.01,,CANDIDATE,21.512259,4.337,131.3,1.13,639.0,39.45,7.1,0.1017,5611.0,4.424,0.997
10991389,K05850.01,,CANDIDATE,303.226376,1.802,1464.0,3.66,274.0,1.33,12.7,0.1097,5952.0,4.469,0.955
12401859,K05967.01,,CANDIDATE,22.8631517,1.659,103.3,4.84,1112.0,361.26,8.5,0.1918,5043.0,3.339,4.874
12402588,K05968.01,,CANDIDATE,97.942437,2.575,100.2,2.29,600.0,30.59,7.8,0.0071,5997.0,3.806,2.284
12418418,K05971.01,,CANDIDATE,493.30572,5.425,404.5,1.08,149.0,0.12,7.2,0.327,4558.0,4.697,0.548
12505590,K05972.01,,CANDIDATE,449.87203,6.539,1130.0,2.59,199.0,0.37,10.5,0.1377,5310.0,4.578,0.786
12506986,K05973.01,,CANDIDATE,419.93373,10.29,285.0,1.82,285.0,1.57,12.0,0.4097,6686.0,4.425,1.053
10991431,K05851.01,,CANDIDATE,322.221973,7.531,465.6,2.18,277.0,1.4,8.9,0.2141,6026.0,4.437,1.006
11021266,K05852.01,,CANDIDATE,235.413973,3.065,1027.0,3.2,304.0,2.03,6.9,0.1095,6028.0,4.468,1.001
11021676,K05853.01,,CANDIDATE,366.68293,3.854,1075.0,3.15,222.0,0.58,6.4,0.782,5217.0,4.462,0.869
11026582,K05854.01,,CANDIDATE,240.57135,11.164,921.5,2.93,302.0,1.96,36.9,0.457,6146.0,4.497,0.943
11036168,K05855.01,,CANDIDATE,217.792748,4.695,1487.0,6.15,334.0,2.94,16.6,0.926,5600.0,4.209,1.283
12554212,K05974.01,,CANDIDATE,4.76815507,2.115,61.0,0.49,761.0,79.48,9.2,0.046,4680.0,4.618,0.649
12734110,K05978.01,,CANDIDATE,364.18129,6.65,469.5,1.78,209.0,0.45,7.0,0.0594,4988.0,4.498,0.85
12735793,K05979.01,,CANDIDATE,37.7935113,1.718,67.2,0.89,592.0,29.06,6.9,0.0794,6178.0,4.417,1.076
11069681,K05859.01,,CANDIDATE,172.621943,4.435,788.0,26.09,790.0,92.12,3.4,0.3131,5119.0,2.795,9.343
11072982,K05860.01,,CANDIDATE,264.708077,3.975,461.3,6.17,425.0,7.68,6.3,0.2277,5283.0,3.617,2.907
11080702,K05863.01,,CANDIDATE,8.67237968,2.826,99.1,0.87,825.0,109.61,12.3,0.1385,5620.0,4.498,0.882
11082795,K05864.01,,CANDIDATE,35.9216912,0.585,221.3,1.38,468.0,11.38,5.6,0.7193,5161.0,4.49,0.829
11090926,K05866.01,,CANDIDATE,102.300622,4.473,781.2,35.36,984.0,221.33,13.0,0.9599,4895.0,2.566,9.435
11097752,K05867.01,,CANDIDATE,359.8455,34.84,503.9,14.76,510.0,16.01,12.3,0.4022,4945.0,3.058,6.632
11098704,K05868.01,,CANDIDATE,22.7783121,1.037,155.6,1.89,863.0,130.87,7.3,0.3499,6538.0,4.162,1.477
11100170,K05869.01,,CANDIDATE,114.406187,4.92,1306.0,2.42,267.0,1.21,11.4,0.2729,4641.0,4.589,0.691
11129145,K05870.01,,CANDIDATE,132.114,2.514,216.8,0.75,217.0,0.52,5.7,0.2502,4342.0,4.715,0.523
11145391,K05871.01,,CANDIDATE,623.2344,14.448,602.8,2.04,196.0,0.35,15.8,0.0831,5600.0,4.496,0.839
11147785,K05873.01,,CANDIDATE,217.170081,4.291,937.0,109061.0,802.0,97.62,9.5,86.1724,5083.0,2.638,11.723
11152511,K05874.01,,CANDIDATE,287.33114,12.722,406.7,2.07,266.0,1.18,19.7,0.529,5426.0,4.378,1.007
11182213,K05876.01,,CANDIDATE,189.456089,3.077,453.0,2.2,337.0,3.04,5.4,0.2906,5991.0,4.387,1.026
11183752,K05877.01,,CANDIDATE,230.358183,2.031,1023.0,2.87,289.0,1.66,6.2,0.4159,5803.0,4.465,0.884
11191364,K05878.01,,CANDIDATE,211.54114,5.4,751.0,1.88,251.0,0.94,5.3,0.1723,5433.0,4.629,0.689
11198419,K05879.01,,CANDIDATE,88.523517,7.22,828.0,1.6,209.0,0.45,7.7,0.9117,3827.0,4.782,0.462
11251991,K05881.01,,CANDIDATE,134.35872,13.3,75.2,1.27,499.0,14.61,16.5,0.2786,6948.0,4.194,1.433
11305417,K05883.01,,CANDIDATE,198.781156,6.77,138.3,1.69,404.0,6.33,10.3,0.1924,6493.0,4.22,1.424
11340218,K05885.01,,CANDIDATE,111.149082,2.911,394.2,1.87,364.0,4.16,5.9,0.1665,5763.0,4.511,0.948
11341266,K05886.01,,CANDIDATE,284.87177,15.63,106.7,1.84,401.0,6.1,10.1,0.0404,6437.0,4.004,1.773
11348610,K05888.01,,CANDIDATE,190.860818,2.823,512.0,1.84,273.0,1.32,6.2,0.4668,5463.0,4.578,0.803
11351454,K05889.01,,CANDIDATE,374.41813,17.9,430.2,2.42,280.0,1.44,8.9,0.5723,6195.0,4.407,1.124
11355925,K05890.01,,CANDIDATE,263.30198,2.213,377.6,2.19,308.0,2.11,5.6,0.1782,5758.0,4.277,1.132
11391512,K05891.01,,CANDIDATE,370.31761,12.588,1885.0,2.98,182.0,0.26,15.1,0.3565,4665.0,4.584,0.701
11393248,K05892.01,,CANDIDATE,37.959659,2.793,287.9,1.41,484.0,12.93,6.9,0.3842,5573.0,4.558,0.827
11393633,K05893.01,,CANDIDATE,405.6296,11.26,304.3,1.4,216.0,0.52,5.8,0.4652,5583.0,4.58,0.79
11407847,K05895.01,,CANDIDATE,11.8307724,8.791,136.0,1.16,770.0,83.17,12.4,0.592,5550.0,4.411,0.958
11414368,K05896.01,,CANDIDATE,434.28175,8.14,663.1,1.94,212.0,0.48,12.8,0.3094,5544.0,4.529,0.75
8355178,K06178.02,,CANDIDATE,33.814176,7.69,222.6,1.49,589.0,28.41,8.1,0.1563,6122.0,4.471,0.996
8374077,K06179.01,,CANDIDATE,16.2957847,5.16,409.8,2.13,744.0,72.62,14.2,0.603,6063.0,4.476,1.012
8494783,K06180.02,,CANDIDATE,58.92565,14.56,44.7,1.5,809.0,101.17,5.3,0.0655,7282.0,3.961,2.216
8590149,K06182.01,,CANDIDATE,19.2405821,4.99,207.4,1.19,565.0,24.17,9.0,0.258,5031.0,4.485,0.848
8590149,K06182.02,,CANDIDATE,28.684308,4.64,282.3,1.35,512.0,16.27,9.1,0.0138,5243.0,4.49,0.821
3559935,K00492.02,,CANDIDATE,265.29617,4.1,608.0,2.99,302.0,1.97,5.9,0.3323,5589.0,4.27,1.218
3559860,K03440.02,,CANDIDATE,58.940569,4.769,570.3,2.48,465.0,11.06,9.2,0.643,5819.0,4.468,0.99
5384713,K03444.04,,CANDIDATE,14.1502311,1.503,208.1,0.74,390.0,5.44,9.3,0.013,3705.0,4.721,0.529
6364582,K03456.02,,CANDIDATE,486.12702,9.495,120.6,1.18,249.0,0.91,8.1,0.3621,6008.0,4.373,1.062
9947653,K04647.02,,CANDIDATE,12.008552,4.613,76.6,2.08,1016.0,251.93,11.8,0.901,5303.0,3.87,1.964
6527078,K04657.02,,CANDIDATE,10.4314847,2.09,59.1,0.77,700.0,56.67,9.6,0.95,5361.0,4.588,0.774
12416597,K04895.02,,CANDIDATE,47.5571352,1.708,339.0,1.85,507.0,15.58,6.7,0.6234,5861.0,4.436,0.958
2019477,K06093.02,,CANDIDATE,27.2497521,11.609,102.0,4.49,1090.0,333.56,14.6,0.194,5440.0,3.404,4.524
8158127,K01015.03,,CANDIDATE,16.9972894,2.585,225.0,3.14,956.0,197.18,11.1,0.825,5897.0,3.98,1.86
2852810,K06097.02,,CANDIDATE,88.433122,2.392,120.4,1.7,595.0,29.68,4.0,0.021,7092.0,4.176,1.525
2852810,K06097.03,,CANDIDATE,282.34315,3.956,220.5,2.35,404.0,6.31,3.7,0.5038,7092.0,4.176,1.525
8822421,K06188.01,,CANDIDATE,1.645319649,1.635,1082.0,2.46,1296.0,666.35,11.8,0.118,5416.0,4.603,0.756
4472818,K03878.02,,CANDIDATE,15.3573445,1.634,117.1,1.42,729.0,66.65,9.6,0.966,5818.0,4.464,0.986
8934103,K04009.02,,CANDIDATE,77.792718,6.08,287.9,2.17,453.0,10.0,9.1,0.576,5497.0,4.243,1.241
3532985,K05987.01,,CANDIDATE,5.288547653,3.2646,2185.3,55.28,2333.0,6999.38,218.9,0.93,4918.0,2.889,9.169
10718726,K00600.02,,CANDIDATE,294.055263,14.32,770.0,2.8,288.0,1.64,21.1,0.0617,6108.0,4.453,1.011
2852810,K06097.04,,CANDIDATE,126.505657,8.836,95.5,1.51,528.0,18.42,3.7,0.1855,7092.0,4.176,1.525
3229028,K06100.02,,CANDIDATE,117.684591,2.219,134.6,1.52,459.0,10.46,5.3,0.4466,6362.0,4.248,1.279
5956656,K01053.02,,CANDIDATE,46.245164,5.663,492.1,2.46,519.0,17.15,15.5,0.392,5553.0,4.32,1.107
9093086,K06191.01,,CANDIDATE,9.7043379,3.515,129.0,1.19,932.0,178.46,8.6,0.07,6273.0,4.442,1.044
9015738,K01616.02,,CANDIDATE,34.775371,2.93,38.8,0.67,582.0,27.11,5.7,0.4758,6028.0,4.459,1.047
7954278,K07859.01,,CANDIDATE,0.306702491,0.9074,138.8,0.93,2318.0,6868.33,21.9,0.173,5310.0,4.512,0.786
9093086,K06191.02,,CANDIDATE,12.7713826,3.347,141.8,1.26,851.0,123.93,8.0,0.374,6273.0,4.442,1.044
9145861,K06194.01,,CANDIDATE,42.294739,34.63,254.2,140.14,1083.0,324.71,25.2,1.145,4926.0,3.02,7.849
9153823,K06195.01,,CANDIDATE,1.444486083,1.437,980.7,1.73,1051.0,290.01,12.0,0.305,4569.0,4.686,0.559
10089911,K04034.02,,CANDIDATE,11.6089351,2.957,199.6,46.44,1496.0,1184.51,8.7,1.105,6303.0,3.595,3.53
3747817,K04103.02,,CANDIDATE,14.2378417,4.86,193.0,1.1,629.0,37.02,10.5,0.314,5273.0,4.566,0.801
8162789,K00521.02,,CANDIDATE,10.8206034,2.848,116.7,1.19,885.0,145.06,7.3,0.592,6032.0,4.387,1.06
5613330,K00649.02,,CANDIDATE,10.2090268,6.264,36.7,0.92,1058.0,296.42,9.8,0.213,6188.0,4.196,1.524
3545840,K06102.01,,CANDIDATE,54.2916336,3.364,97.8,1.67,665.0,46.21,7.9,0.7285,6711.0,4.179,1.565
3634051,K06103.02,,CANDIDATE,122.8054416,2.663,313.0,118.62,602.0,31.11,10.6,1.346,5874.0,3.664,3.006
6975129,K01628.03,,CANDIDATE,37.8404232,6.408,232.6,1.76,607.0,32.14,23.7,0.211,6243.0,4.406,1.149
9828127,K04192.02,,CANDIDATE,32.0273169,5.144,161.7,1.14,525.0,17.95,8.8,0.259,5505.0,4.501,0.909
5177859,K04246.02,,CANDIDATE,8.75630628,2.852,81.9,1.12,982.0,219.87,9.8,0.371,5839.0,4.279,1.227
11081504,K04287.02,,CANDIDATE,9.6183111,4.215,25.0,0.85,1142.0,402.64,11.9,0.447,6134.0,4.065,1.665
8110757,K07865.01,,CANDIDATE,0.518060209,1.8062,2258.4,61.49,2921.0,17224.79,140.6,1.262,5405.0,3.853,1.772
3645438,K04385.03,,CANDIDATE,17.3695112,4.012,314.0,1.45,588.0,28.35,8.6,0.28,5119.0,4.508,0.834
8278685,K04435.02,,CANDIDATE,17.8693759,6.886,63.0,0.81,759.0,78.58,9.8,0.259,6328.0,4.456,1.013
5511659,K04541.02,,CANDIDATE,17.236085,4.209,330.0,1.98,721.0,63.85,10.4,0.04,5543.0,4.318,1.111
4139254,K06108.01,,CANDIDATE,485.92297,3.756,122.9,1.07,225.0,0.61,5.5,0.4516,5551.0,4.386,0.957
10141900,K01082.04,,CANDIDATE,9.6550473,2.752,313.1,1.45,705.0,58.36,12.2,0.124,4999.0,4.49,0.843
4255944,K06111.01,,CANDIDATE,228.65412,2.487,179.1,3.63,521.0,17.44,6.6,0.225,6845.0,3.849,2.674
9655711,K06209.01,,CANDIDATE,12.7143635,3.101,524.8,2.2,785.0,89.81,9.9,0.071,5947.0,4.481,0.962
5856571,K01839.02,,CANDIDATE,80.4103783,3.487,591.4,4.93,535.0,19.35,14.0,0.913,5476.0,3.904,1.673
8222395,K07873.01,,CANDIDATE,1.93188768,1.087,37.8,0.57,1427.0,977.65,8.8,0.256,5896.0,4.516,0.914
8107150,K07863.01,,CANDIDATE,5.2449156,8.367,35.5,0.52,1015.0,251.14,11.7,0.019,5823.0,4.486,0.878
4739229,K06118.01,,CANDIDATE,571.280892,21.827,460.7,3.65,324.0,2.62,37.8,0.6109,7081.0,4.16,1.619
4739229,K06118.02,,CANDIDATE,4.66185924,3.164,49.3,1.16,1610.0,1590.18,15.8,0.2695,7081.0,4.16,1.619
8620565,K01250.02,,CANDIDATE,1.213672208,1.3644,2731.0,697.14,1789.0,2422.45,24.8,7.3743,6113.0,4.463,0.995
4742420,K06120.01,,CANDIDATE,90.097375,12.697,282.6,1.7,430.0,8.05,11.5,0.042,6116.0,4.444,1.008
9655711,K06209.02,,CANDIDATE,7.72966941,2.091,426.7,2.1,927.0,174.28,8.4,0.668,5947.0,4.481,0.962
9974142,K06214.02,,CANDIDATE,154.536881,15.44,258.5,4.1,544.0,20.76,3.5,0.3257,6049.0,3.728,2.522
9008103,K03283.03,,CANDIDATE,87.707513,2.184,578.0,1.72,310.0,2.2,7.1,0.4,4944.0,4.614,0.721
5769810,K04913.02,,CANDIDATE,8.97377221,2.135,106.5,2.96,1530.0,1294.96,9.4,0.237,6537.0,3.76,2.829
4742420,K06120.02,,CANDIDATE,205.41415,10.26,283.8,1.67,323.0,2.58,7.9,0.0856,6123.0,4.465,0.991
4157325,K01860.04,,CANDIDATE,24.8434837,4.8,217.4,1.58,625.0,35.97,14.2,0.641,5670.0,4.397,1.022
10200627,K06217.01,,CANDIDATE,7.7016694,10.898,155.7,4.44,1627.0,1656.27,17.8,0.01,5174.0,3.228,3.608
8332521,K04567.02,,CANDIDATE,4.67250377,4.441,79.6,1.11,1149.0,412.73,13.8,0.95,6146.0,4.454,0.987
8242769,K07875.01,,CANDIDATE,21.9711574,5.012,178.1,1.32,649.0,41.86,7.8,0.119,5763.0,4.436,0.997
10964440,K01310.02,,CANDIDATE,144.688915,9.468,397.1,3.33,416.0,7.09,11.6,0.087,5372.0,4.007,1.71
5428657,K06130.01,,CANDIDATE,1.54287434,1.1121,401.4,1.05,1007.0,243.62,20.7,0.013,4530.0,4.704,0.539
5629353,K06132.01,,CANDIDATE,33.3200908,6.5265,6186.9,13.0,750.0,74.79,84.5,0.069,6264.0,4.133,1.651
4736569,K01996.02,,CANDIDATE,7.07394528,2.319,228.3,0.84,647.0,41.43,9.5,0.277,4777.0,4.689,0.561
10662202,K00750.03,,CANDIDATE,14.516741,2.706,227.2,1.45,606.0,31.8,10.1,0.851,4954.0,4.5,0.828
9008103,K03283.02,,CANDIDATE,20.5718107,3.399,379.0,1.34,498.0,14.51,13.0,0.123,4922.0,4.624,0.708
5629353,K06132.03,,CANDIDATE,11.867172,4.815,595.6,4.03,1058.0,296.23,13.4,0.001,6264.0,4.133,1.651
4078157,K01319.02,,CANDIDATE,142.685885,3.792,1195.0,2.76,319.0,2.43,9.3,0.1086,5767.0,4.57,0.799
5816144,K06137.01,,CANDIDATE,12.4970599,3.877,180.0,1.44,839.0,117.3,10.6,0.65,6174.0,4.445,1.021
11968463,K02433.06,,CANDIDATE,6.06330298,3.275,200.7,1.64,1153.0,418.4,13.1,0.0214,6308.0,4.353,1.153
11968463,K02433.07,,CANDIDATE,86.431871,7.374,415.1,2.85,464.0,10.97,11.2,0.95,6325.0,4.409,1.112
11074835,K02533.03,,CANDIDATE,26.1152887,12.54,70.0,2.38,898.0,153.98,10.6,0.1382,5190.0,3.63,2.912
5792202,K00841.04,,CANDIDATE,269.306232,14.931,1708.0,24.0,235.0,0.72,18.1,1.219,5251.0,4.581,0.817
6032730,K06141.01,,CANDIDATE,96.509214,0.589,1528.0,860.3,787.0,90.63,3.8,3.6303,7343.0,3.751,2.955
6116172,K06142.02,,CANDIDATE,111.65546,1.051,2887.0,2121.0,579.0,26.58,7.0,11.3832,6967.0,4.086,1.863
11462969,K06239.01,,CANDIDATE,406.496216,3.495,380.2,1.77,236.0,0.73,6.9,0.5052,5847.0,4.525,0.884
5792202,K00841.05,,CANDIDATE,499.47338,12.248,1662.0,3.71,191.0,0.31,15.7,0.793,5251.0,4.581,0.817
6221385,K06145.03,,CANDIDATE,7.3138454,2.273,247.7,2.73,1263.0,601.53,9.2,0.893,6486.0,4.136,1.485
11566064,K00353.03,,CANDIDATE,11.1619384,5.195,124.4,1.97,1093.0,337.23,13.4,0.739,6200.0,4.072,1.64
11656928,K06242.03,,CANDIDATE,78.86684,4.5,86.1,1.3,573.0,25.44,4.8,0.2074,6907.0,4.264,1.381
7825899,K00896.03,,CANDIDATE,28.8672107,3.782,347.1,1.51,493.0,14.0,12.0,0.041,5191.0,4.564,0.837
6946708,K06151.01,,CANDIDATE,431.78556,9.135,332.6,1.36,211.0,0.47,9.4,0.196,5642.0,4.6,0.747
11775507,K06245.01,,CANDIDATE,144.102562,2.753,171.3,1.67,437.0,8.64,4.1,0.0879,6528.0,4.257,1.26
11775507,K06245.02,,CANDIDATE,112.317402,3.471,182.4,1.77,475.0,12.05,7.8,0.5434,6528.0,4.257,1.26
11856178,K06246.01,,CANDIDATE,9.13315062,2.1557,231.2,1.48,900.0,155.42,23.0,0.275,6122.0,4.487,0.964
6768394,K02086.04,,CANDIDATE,335.56311,13.06,158.0,1.83,333.0,2.9,7.2,0.12,6200.0,4.16,1.448
10545066,K00337.02,,CANDIDATE,154.607419,9.225,279.9,1.56,340.0,3.16,13.4,0.0898,6017.0,4.508,0.931
7663405,K01519.02,,CANDIDATE,57.132855,4.958,414.1,1.81,414.0,6.94,11.0,0.32,5157.0,4.445,0.904
11358389,K02163.03,,CANDIDATE,28.2251049,2.354,201.3,1.59,625.0,36.13,8.9,0.778,6014.0,4.436,1.021
5706595,K02183.03,,CANDIDATE,150.381954,4.968,396.1,2.26,325.0,2.63,7.8,0.892,5569.0,4.459,0.954
12885212,K02184.02,,CANDIDATE,95.906433,4.08,836.2,2.17,288.0,1.63,11.0,0.576,4620.0,4.564,0.736
3548044,K02194.03,,CANDIDATE,445.21685,16.37,211.6,1.37,237.0,0.74,11.1,0.0,5670.0,4.387,0.95
8168187,K02209.02,,CANDIDATE,35.502865,8.149,115.9,2.18,724.0,64.83,11.0,0.783,5528.0,3.892,1.839
9605514,K00945.03,,CANDIDATE,66.789347,4.08,358.5,2.07,490.0,13.61,9.5,0.667,6297.0,4.448,1.031
9418619,K06068.01,,CANDIDATE,6.150251376,1.68923,2128.7,100.03,2251.0,6066.49,471.0,1.27,8914.0,3.896,2.867
7835312,K06164.01,,CANDIDATE,29.5126153,6.314,188.2,1.84,678.0,49.95,9.4,0.188,5746.0,4.189,1.351
9221517,K02281.02,,CANDIDATE,455.27405,2.4,366.0,1.54,196.0,0.35,4.5,0.2429,5178.0,4.556,0.818
11623629,K00365.02,,CANDIDATE,117.761,3.454,53.9,0.62,337.0,3.06,7.1,0.2505,5564.0,4.522,0.85
10730703,K02327.02,,CANDIDATE,46.331703,4.514,299.9,1.39,441.0,8.98,9.4,0.1484,5477.0,4.571,0.815
7289317,K02450.02,,CANDIDATE,7.1931193,2.935,125.6,1.12,916.0,166.3,10.7,0.296,5518.0,4.4,1.008
7375348,K00266.02,,CANDIDATE,47.7439509,2.99,96.9,1.74,575.0,25.84,15.0,0.977,5949.0,4.272,1.292
1432789,K00992.02,,CANDIDATE,4.57834367,3.987,140.7,1.44,1206.0,499.41,11.4,0.232,5782.0,4.28,1.22
12266636,K01522.02,,CANDIDATE,12.654896,4.325,100.6,1.02,801.0,97.41,10.4,0.009,5833.0,4.407,1.022
7974634,K06168.01,,CANDIDATE,131.258668,4.89,153.0,1.59,433.0,8.31,8.5,0.4901,6443.0,4.325,1.248
8182107,K07870.01,,CANDIDATE,92.552007,2.135,282.6,2.1,440.0,8.87,7.3,0.513,5808.0,4.306,1.22
7974634,K06168.02,,CANDIDATE,75.072964,9.21,74.3,1.09,522.0,17.51,7.1,0.2602,6443.0,4.325,1.248
8163784,K06172.01,,CANDIDATE,31.8134892,1.422,234.2,1.18,496.0,14.31,5.2,0.2316,5505.0,4.586,0.776
2305866,K02610.02,,CANDIDATE,115.230655,17.735,164.4,4.02,632.0,37.8,21.3,0.95,6585.0,3.813,2.517
5184911,K02719.02,,CANDIDATE,106.25976,6.101,354.0,1.5,303.0,1.99,7.7,0.209,4827.0,4.508,0.823
6436029,K02828.02,,CANDIDATE,505.462916,10.127,1724.0,3.46,181.0,0.25,17.6,0.489,4817.0,4.499,0.833
7767162,K02869.02,,CANDIDATE,274.743032,9.137,309.0,2.16,330.0,2.82,12.2,0.4073,6277.0,4.306,1.207
9478990,K00423.02,,CANDIDATE,360.477635,4.332,604.0,11943.8,339.0,3.11,7.3,72.848,6266.0,4.101,1.522
10793172,K02871.03,,CANDIDATE,18.0811429,4.44,71.2,0.75,638.0,39.18,5.7,0.6214,5693.0,4.551,0.856
11404644,K06085.01,,CANDIDATE,5.902596818,5.5711,54894.0,25.8,1123.0,376.53,533.9,0.168,6184.0,4.371,1.094
8165617,K06173.01,,CANDIDATE,214.013044,7.87,123.2,1.54,397.0,5.89,9.0,0.1289,6698.0,4.267,1.37
8223568,K06176.01,,CANDIDATE,143.09688,17.74,125.0,1.48,441.0,8.94,6.4,0.1129,6725.0,4.335,1.31
8355178,K06178.01,,CANDIDATE,13.0327301,3.902,242.3,1.64,809.0,101.4,11.1,0.67,6122.0,4.471,0.996
4770174,K02971.02,,CANDIDATE,31.9533679,8.424,106.1,1.65,725.0,65.15,15.2,0.773,6313.0,4.228,1.467
9838804,K03028.02,,CANDIDATE,458.16754,6.97,683.0,2.11,208.0,0.45,5.6,0.1573,5536.0,4.566,0.816
9020114,K03088.02,,CANDIDATE,67.8766605,2.598,389.2,1.92,455.0,10.11,9.1,0.0011,6018.0,4.485,0.975
7983117,K03214.02,,CANDIDATE,25.0901574,8.273,37.7,1.35,852.0,124.33,12.1,0.935,6033.0,3.985,1.788
9966219,K03401.02,,CANDIDATE,326.6708,10.84,386.4,2.2,283.0,1.52,10.8,0.6133,5896.0,4.343,1.072
7219825,K00238.03,,CANDIDATE,362.97828,14.083,260.6,1.96,296.0,1.81,13.0,0.055,6086.0,4.274,1.216
9958962,K00593.04,,CANDIDATE,240.192808,9.72,605.8,2.68,298.0,1.86,12.0,0.814,6004.0,4.484,0.977
1718189,K00993.03,,CANDIDATE,86.723653,4.852,241.0,1.43,391.0,5.5,9.4,0.662,5830.0,4.54,0.876
8263187,K07878.01,,CANDIDATE,36.566324,4.832,2943.0,15.41,828.0,110.92,8.1,0.018,5294.0,3.599,2.884
2019477,K06093.01,,CANDIDATE,20.5736113,11.222,76.0,3.86,1197.0,484.82,12.3,0.032,5440.0,3.404,4.524
9518710,K03207.01,,CANDIDATE,0.954388314,6.26,57.2,2.27,3406.0,31694.26,56.3,0.737,7056.0,3.813,2.785
7289338,K03420.01,,CANDIDATE,5.77451117,3.752,156.3,1.87,1232.0,544.74,11.2,0.348,5821.0,4.127,1.492
8218379,K01920.02,,CANDIDATE,10.1384691,4.026,92.8,0.74,723.0,64.55,9.1,0.207,5483.0,4.589,0.779
5706592,K06618.01,,CANDIDATE,8.6040858,3.01,87.6,0.94,947.0,189.96,6.4,0.4146,6250.0,4.472,0.986
8364232,K07882.01,,CANDIDATE,65.415183,4.224,417.1,1.31,295.0,1.79,8.9,0.377,4348.0,4.62,0.646
6670742,K06753.01,,CANDIDATE,72.28198,2.478,1265.0,13.11,984.0,221.28,5.4,0.2405,7694.0,3.631,3.627
7592529,K06889.01,,CANDIDATE,75.906736,11.64,26.9,0.63,507.0,15.65,9.2,0.0506,6140.0,4.248,1.206
7592922,K06890.01,,CANDIDATE,2.15888911,1.791,102.4,0.72,1130.0,384.49,9.9,0.224,5269.0,4.627,0.713
7602351,K06892.01,,CANDIDATE,17.5806026,4.17,138.8,1.87,816.0,104.96,8.4,0.879,5839.0,4.199,1.358
8362974,K07023.01,,CANDIDATE,2.71772323,3.22,70.3,0.72,1123.0,375.05,9.3,0.197,5135.0,4.464,0.874
9301564,K07157.01,,CANDIDATE,23.9830523,8.77,83.2,1.17,718.0,62.83,11.3,0.096,5696.0,4.178,1.292
10089123,K07283.01,,CANDIDATE,134.413808,13.907,206.1,1.69,391.0,5.51,12.5,0.1857,6013.0,4.37,1.187
8555967,K07894.01,,CANDIDATE,347.97611,16.77,341.3,1.62,253.0,0.97,11.9,0.057,5995.0,4.536,0.878
3765917,K04526.02,,CANDIDATE,11.8187288,4.017,249.0,2.09,919.0,168.38,10.3,0.282,5803.0,4.211,1.328
3547760,K04535.02,,CANDIDATE,5.78901936,3.102,110.3,0.78,849.0,122.75,7.8,0.1847,5289.0,4.546,0.748
8216763,K04838.02,,CANDIDATE,6.33342309,3.46,123.3,7.62,625.0,36.11,7.5,1.101,4352.0,4.671,0.613
6767227,K04871.02,,CANDIDATE,5.522479,2.666,33.1,0.76,1288.0,650.66,8.6,0.6606,6532.0,4.271,1.247
3854496,K06368.01,,CANDIDATE,9.4588054,3.66,270.0,1.78,943.0,187.04,8.6,0.365,6247.0,4.433,1.066
3936061,K06372.01,,CANDIDATE,71.008017,5.395,170.2,1.11,419.0,7.27,6.6,0.1788,5847.0,4.526,0.849
3972432,K06375.01,,CANDIDATE,2.90805147,2.812,103.1,0.97,1220.0,523.63,8.3,0.771,5889.0,4.543,0.869
5860347,K06631.01,,CANDIDATE,2.56271232,2.163,29.4,0.48,1171.0,443.49,8.2,0.346,5190.0,4.446,0.899
6715997,K06762.01,,CANDIDATE,15.08186,4.004,81.6,0.98,758.0,78.11,7.1,0.7171,5794.0,4.377,1.012
6763884,K06763.01,,CANDIDATE,2.44693823,0.954,26.4,0.56,1379.0,855.53,9.0,0.611,5821.0,4.419,1.033
6768616,K06765.01,,CANDIDATE,13.05609,3.498,170.8,1.3,814.0,103.85,10.8,0.097,6078.0,4.434,0.994
8394475,K07032.01,,CANDIDATE,3.64049242,1.194,42.1,0.61,1136.0,393.32,9.5,0.181,5745.0,4.503,0.936
9340411,K07162.01,,CANDIDATE,5.1581317,7.773,37.9,2.02,1642.0,1720.62,13.0,0.032,5155.0,3.511,3.355
10163067,K07291.01,,CANDIDATE,25.9136674,10.498,109.7,3.37,966.0,205.72,16.1,0.982,6167.0,3.804,2.346
11241560,K07426.01,,CANDIDATE,6.96197304,2.806,151.3,0.97,778.0,86.68,8.8,0.103,5008.0,4.506,0.814
11244571,K07427.01,,CANDIDATE,7.8935324,3.444,47.6,0.78,1052.0,289.79,8.3,0.303,6306.0,4.346,1.109
11282568,K07430.01,,CANDIDATE,1.320499473,1.184,204.0,18.94,4477.0,95168.65,12.0,0.15,5172.0,2.693,13.454
11286311,K07432.01,,CANDIDATE,13.1538409,11.56,104.6,1.03,750.0,74.8,10.6,0.39,5443.0,4.36,1.008
8043638,K00460.02,,CANDIDATE,36.0484798,5.763,127.6,1.24,566.0,24.28,8.5,0.294,5602.0,4.33,1.1
11176166,K05875.02,,CANDIDATE,4.2742605,2.687,263.8,1.88,1326.0,730.69,11.4,0.089,6477.0,4.361,1.148
1293379,K06253.01,,CANDIDATE,27.556452,8.23,289.2,1.4,531.0,18.86,6.7,0.1438,5509.0,4.565,0.836
4076061,K06384.01,,CANDIDATE,566.28176,20.39,1200.0,2.79,203.0,0.4,8.9,0.2065,5829.0,4.575,0.802
5951140,K06635.01,,CANDIDATE,0.52740121,4.807,1316.0,1.49,1027.0,263.23,31.1,0.4309,3582.0,4.847,0.41
5966732,K06641.01,,CANDIDATE,1.400903699,0.883,136.5,1.16,1764.0,2284.73,9.8,0.196,6375.0,4.474,0.975
6842345,K06774.01,,CANDIDATE,17.3816224,2.73456,59099.4,26.55,756.0,77.09,1149.7,0.666,6116.0,4.407,1.02
6853172,K06776.01,,CANDIDATE,28.655498,8.58,173.6,1.45,658.0,44.37,10.1,0.079,6268.0,4.429,1.1
6859546,K06777.01,,CANDIDATE,13.4450174,2.118,196.2,1.08,606.0,31.92,8.3,0.531,5003.0,4.553,0.759
7687365,K06904.01,,CANDIDATE,26.1556767,1.542,295.0,1.28,501.0,14.92,7.0,0.166,5204.0,4.573,0.76
7700500,K06907.01,,CANDIDATE,4.60687717,2.295,258.7,1.14,865.0,132.78,7.5,0.341,5110.0,4.582,0.711
8442795,K07040.01,,CANDIDATE,502.20642,9.39,447.9,2.18,212.0,0.48,7.1,0.9802,6018.0,4.615,0.733
8443812,K07041.01,,CANDIDATE,8.3613732,3.649,104.7,0.79,793.0,93.31,9.5,0.067,5470.0,4.509,0.777
9397900,K07169.01,,CANDIDATE,10.5113779,4.74,29.9,0.72,1052.0,289.46,8.8,0.198,6575.0,4.278,1.305
9458266,K07174.01,,CANDIDATE,1.58487898,1.791,42.9,0.37,943.0,187.91,9.3,0.417,4201.0,4.675,0.566
10264293,K07301.01,,CANDIDATE,20.9525604,3.986,232.9,1.19,495.0,14.2,9.8,0.74,4885.0,4.61,0.72
10290021,K07305.01,,CANDIDATE,3.72920972,5.012,14.4,0.8,1713.0,2035.92,9.6,0.5232,6215.0,3.955,2.05
11288492,K07434.01,,CANDIDATE,5.704593,1.149,129.9,0.95,900.0,154.92,8.5,0.285,5523.0,4.566,0.832
11288772,K07435.01,,CANDIDATE,1.36752316,1.208,61.0,0.82,1684.0,1899.59,11.7,0.299,5836.0,4.417,1.048
11296724,K07437.01,,CANDIDATE,1.9997244,1.976,85.1,0.84,1385.0,870.41,8.9,0.37,5838.0,4.529,0.897
1871483,K06256.01,,CANDIDATE,14.137062,2.264,393.0,1.37,568.0,24.62,7.5,0.2133,4861.0,4.574,0.709
2161949,K06259.01,,CANDIDATE,4.78113942,2.733,105.8,1.14,1130.0,386.46,9.6,0.118,5683.0,4.326,1.115
2161949,K06259.02,,CANDIDATE,7.18864064,2.364,133.5,1.3,987.0,223.87,9.3,0.424,5683.0,4.326,1.115
5083138,K06511.01,,CANDIDATE,27.122801,5.255,234.7,1.46,594.0,29.38,8.1,0.3462,5878.0,4.512,0.945
5087223,K06513.01,,CANDIDATE,5.62241111,1.185,464.1,1.17,561.0,23.43,8.5,0.4026,3894.0,4.71,0.541
5092799,K06516.01,,CANDIDATE,11.2901559,10.475,163.8,0.88,617.0,34.17,8.6,0.6285,5025.0,4.609,0.657
6019971,K06646.01,,CANDIDATE,7.1356633,1.789,255.5,1.38,751.0,75.39,9.8,0.735,4926.0,4.522,0.793
6864706,K06781.01,,CANDIDATE,14.5909249,1.591,146.9,0.93,622.0,35.34,6.3,0.3084,5214.0,4.527,0.766
6867219,K06783.01,,CANDIDATE,11.8496351,3.319,183.8,1.31,802.0,97.71,9.6,0.607,6032.0,4.508,0.929
6878408,K06786.01,,CANDIDATE,455.62395,13.07,1112.1,3.0,228.0,0.64,14.0,0.335,5883.0,4.53,0.892
7755741,K06913.02,,CANDIDATE,1.75173647,5.122,68.4,3.86,4900.0,136315.31,10.2,0.6637,10894.0,3.667,4.378
9480398,K07179.01,,CANDIDATE,407.14656,23.26,82.3,1.18,272.0,1.29,8.2,0.7466,5845.0,4.282,1.198
9490342,K07180.01,,CANDIDATE,487.83894,32.77,453.3,3.94,298.0,1.88,8.8,0.1252,5421.0,3.882,1.877
9513168,K07182.01,,CANDIDATE,6.853888,2.561,653.8,1.74,613.0,33.32,8.2,0.469,4199.0,4.609,0.684
12116489,K00547.02,,CANDIDATE,7.34672485,2.136,143.0,0.97,784.0,89.33,10.1,0.2525,5271.0,4.578,0.821
11411639,K07445.01,,CANDIDATE,6.933574,2.43,276.7,1.3,829.0,111.53,8.0,0.05,5510.0,4.584,0.793
2283362,K06262.01,,CANDIDATE,0.673141323,0.921,229.5,1.29,1834.0,2675.15,10.5,0.1065,5461.0,4.552,0.858
2301068,K06263.01,,CANDIDATE,8.60965352,2.218,63.2,3.33,1550.0,1365.41,9.9,0.213,5418.0,3.447,4.233
2422820,K06267.01,,CANDIDATE,13.8911152,5.062,204.9,1.12,674.0,48.8,10.3,0.168,5472.0,4.499,0.79
4274071,K06399.01,,CANDIDATE,6.76890076,3.616,123.1,1.24,1017.0,253.3,10.8,0.15,5737.0,4.327,1.125
4282390,K06401.01,,CANDIDATE,1.96134311,11.856,207.8,41.53,2167.0,5197.02,59.5,1.159,6221.0,3.935,2.198
5115688,K06526.01,,CANDIDATE,486.77832,15.29,370.8,9.3,409.0,6.6,10.4,0.1737,5039.0,3.295,4.95
6045093,K06653.01,,CANDIDATE,28.2682167,1.355,197.0,1.22,526.0,18.12,6.0,0.5643,5496.0,4.564,0.838
6057750,K06657.01,,CANDIDATE,1.6037058,9.067,32.8,1.54,2492.0,9138.09,22.4,0.729,6400.0,3.877,2.512
8391983,K07884.01,,CANDIDATE,0.70965042,1.318,223.4,1.49,2036.0,4086.46,9.4,0.145,5618.0,4.373,1.002
6947623,K06793.01,,CANDIDATE,3.62657392,1.791,98.5,0.79,1014.0,250.0,10.7,0.306,5416.0,4.579,0.8
7811211,K06918.01,,CANDIDATE,0.902403563,1.7129,4759.5,6.17,1688.0,1919.35,220.3,0.8925,5776.0,4.599,0.755
7812893,K06919.01,,CANDIDATE,8.7998722,1.153,270.3,1.09,577.0,26.18,7.4,0.344,4298.0,4.603,0.675
7816935,K06921.01,,CANDIDATE,6.87778029,3.199,124.0,1.19,1052.0,289.51,10.1,0.08,6274.0,4.434,1.062
7868967,K06925.01,,CANDIDATE,12.9489256,2.162,331.0,0.94,416.0,7.09,7.2,0.0847,3867.0,4.734,0.525
8489260,K07889.01,,CANDIDATE,130.235324,5.678,750.1,2.44,332.0,2.86,9.7,0.075,5616.0,4.529,0.903
10388451,K07319.01,,CANDIDATE,17.1677675,2.975,335.1,0.97,370.0,4.43,7.4,0.4828,3761.0,4.724,0.526
10396708,K07320.01,,CANDIDATE,8.50207749,3.057,117.3,0.75,679.0,50.14,10.5,0.073,4889.0,4.57,0.715
11495989,K07449.01,,CANDIDATE,1.322475635,5.307,997.3,14.03,1097.0,342.59,53.9,1.198,4668.0,4.7,0.548
11551652,K07455.01,,CANDIDATE,3.773744,15.2,85.2,2.44,2001.0,3791.11,5.7,0.9606,7302.0,3.965,2.069
2449245,K06274.01,,CANDIDATE,18.1772927,4.703,213.1,1.5,737.0,69.62,7.9,0.039,6158.0,4.455,1.026
2557350,K06276.01,,CANDIDATE,3.09872834,1.89,248.0,0.64,579.0,26.6,10.1,0.133,3628.0,4.842,0.41
4372620,K06409.01,,CANDIDATE,19.9310602,8.48,97.9,2.42,960.0,201.01,14.2,0.0766,5500.0,3.775,2.491
5171707,K06532.01,,CANDIDATE,0.813998812,0.675,183.4,1.36,1933.0,3285.52,13.7,0.045,5705.0,4.424,0.989
6111011,K06664.01,,CANDIDATE,14.7639145,3.14,162.5,0.93,632.0,37.74,7.7,0.016,5541.0,4.613,0.733
6128245,K06666.01,,CANDIDATE,1.118510435,1.111,72.7,0.75,1684.0,1898.51,9.9,0.251,5918.0,4.544,0.865
6956176,K06798.01,,CANDIDATE,2.64185268,1.76,149.8,3.56,2104.0,4636.69,7.9,0.199,5195.0,3.409,2.935
7902204,K06931.01,,CANDIDATE,2.54031121,1.83,173.3,1.2,1268.0,611.31,10.1,0.295,5778.0,4.531,0.911
8566113,K07061.01,,CANDIDATE,1.371587993,12.901,456.1,4.91,2413.0,8016.36,43.3,0.9829,7045.0,4.154,1.604
9588862,K07195.01,,CANDIDATE,5.89773974,2.243,77.9,1.0,1150.0,414.11,8.1,0.1566,6300.0,4.371,1.126
9596064,K07197.01,,CANDIDATE,1.74145041,1.712,370.6,1.46,1234.0,547.5,10.9,0.33,5238.0,4.598,0.764
9596892,K07199.01,,CANDIDATE,20.2944118,0.357,453.9,774.73,648.0,41.69,5.6,8.7053,5865.0,4.518,0.918
10450504,K07327.01,,CANDIDATE,17.9908273,1.436,660.0,1.88,541.0,20.29,10.9,0.129,4918.0,4.546,0.752
10464199,K07330.01,,CANDIDATE,198.11309,15.59,53.3,1.09,399.0,5.96,8.3,0.1542,6163.0,4.144,1.486
11602794,K07460.01,,CANDIDATE,5.70509519,1.58,283.6,1.58,947.0,189.8,9.2,0.469,5455.0,4.448,0.927
5193439,K06538.01,,CANDIDATE,129.847318,13.057,198.4,1.45,385.0,5.22,11.1,0.004,6133.0,4.427,1.032
6187508,K06672.01,,CANDIDATE,2.28494301,1.01,161.8,1.0,1180.0,458.39,10.6,0.013,5396.0,4.571,0.789
6209225,K06676.01,,CANDIDATE,439.21978,9.392,342.3,1.81,266.0,1.18,10.3,0.2863,6553.0,4.479,0.962
7939761,K06934.01,,CANDIDATE,22.2548897,13.454,83.8,2.16,899.0,154.4,11.8,0.239,5349.0,3.76,2.388
8613446,K07069.01,,CANDIDATE,1.01485981,1.65,243.0,1.61,1928.0,3274.72,8.4,0.185,6158.0,4.453,1.024
8624860,K07072.01,,CANDIDATE,15.3902613,3.431,76.8,4.39,1459.0,1069.24,9.4,0.231,5649.0,3.282,4.994
8625408,K07073.01,,CANDIDATE,279.036565,31.92,395.2,30.25,323.0,2.58,31.7,1.198,6072.0,4.285,1.273
8686442,K07074.01,,CANDIDATE,26.8552365,2.185,194.2,1.49,618.0,34.48,6.7,0.825,6045.0,4.494,0.955
8693536,K07076.01,,CANDIDATE,16.2347636,4.2,115.5,1.28,852.0,124.25,10.7,0.046,6478.0,4.371,1.188
9635520,K07205.01,,CANDIDATE,2.3518268,5.797,576.6,39.82,1535.0,1313.37,24.5,1.23,5445.0,4.14,1.426
9639106,K07208.01,,CANDIDATE,3.57944367,1.869,117.2,0.87,1018.0,253.89,8.5,0.3976,5341.0,4.546,0.801
9640123,K07209.01,,CANDIDATE,8.2553499,3.959,54.5,3.28,1462.0,1079.27,10.0,0.918,5403.0,3.559,3.6
10546063,K07339.01,,CANDIDATE,10.6982275,3.198,246.0,1.73,919.0,168.88,9.1,0.032,6277.0,4.417,1.097
11650543,K07467.01,,CANDIDATE,7.20558084,2.997,58.0,1.33,1253.0,582.45,8.7,0.5196,6002.0,4.025,1.693
11671646,K07470.01,,CANDIDATE,392.50115,9.88,391.2,1.9,225.0,0.6,8.9,0.1835,5128.0,4.388,0.988
11672354,K07471.01,,CANDIDATE,5.29655591,3.93,135.4,1.3,1156.0,421.14,9.3,0.37,6268.0,4.429,1.1
2716979,K06291.01,,CANDIDATE,8.8324193,2.252,74.1,0.98,999.0,234.99,8.1,0.185,6060.0,4.29,1.133
2834463,K06293.01,,CANDIDATE,5.88836941,1.05,119.9,1.21,1125.0,379.27,8.3,0.249,6243.0,4.39,1.084
4567118,K06425.01,,CANDIDATE,521.10826,18.36,244.7,1.5,231.0,0.68,8.7,0.3485,5942.0,4.432,0.947
5263167,K06546.01,,CANDIDATE,3.39401963,2.984,98.4,1.03,1306.0,689.16,10.0,0.166,6181.0,4.431,1.029
6265961,K06680.01,,CANDIDATE,5.52507406,2.565,61.5,0.8,1028.0,263.79,9.8,0.152,5600.0,4.378,1.037
7103300,K06819.01,,CANDIDATE,3.226232203,0.4022,36.3,1.01,1620.0,1627.1,9.9,0.145,6534.0,4.203,1.437
8007675,K06949.01,,CANDIDATE,2.352446342,1.6802,32.5,1.24,2173.0,5269.29,7.2,0.755,6749.0,3.941,2.003
9651602,K07215.01,,CANDIDATE,3.90735046,2.896,109.3,0.83,1007.0,243.14,10.0,0.088,5497.0,4.577,0.809
10586619,K07345.01,,CANDIDATE,377.501257,11.98,541.4,2.16,242.0,0.81,13.9,0.033,5751.0,4.508,0.94
11773625,K07479.01,,CANDIDATE,7.1969168,4.525,47.1,1.1,1132.0,388.54,10.4,0.502,5530.0,4.045,1.575
2970670,K06299.01,,CANDIDATE,0.947554749,1.097,65.4,0.67,1633.0,1680.03,12.4,0.058,5508.0,4.569,0.84
2994092,K06301.01,,CANDIDATE,50.271927,6.073,574.5,2.94,589.0,28.51,9.3,0.205,6520.0,4.375,1.215
8297017,K07879.01,,CANDIDATE,128.208643,2.745,212.2,6.15,792.0,93.05,8.9,0.811,7128.0,3.52,3.811
5295206,K06557.01,,CANDIDATE,6.63448023,3.603,71.2,1.04,1177.0,453.27,10.3,0.116,6463.0,4.313,1.225
6307000,K06687.01,,CANDIDATE,1.002591901,1.247,143.2,0.87,1391.0,884.21,11.1,0.312,4893.0,4.574,0.739
6345758,K06689.01,,CANDIDATE,3.37116682,4.708,71.4,0.98,1291.0,656.3,9.8,0.318,5653.0,4.288,1.163
8016692,K06954.01,,CANDIDATE,6.613671,4.211,32.8,0.91,1266.0,607.33,10.2,0.096,6056.0,4.071,1.597
8042644,K06957.01,,CANDIDATE,1.48062814,2.898,62.5,0.76,1653.0,1770.63,10.3,0.479,6187.0,4.499,0.937
8760760,K07088.01,,CANDIDATE,2.68814059,1.12,145.2,0.92,1135.0,392.64,9.1,0.532,5636.0,4.613,0.734
8807057,K07093.01,,CANDIDATE,97.991569,4.665,126.8,1.41,467.0,11.21,9.0,0.711,6499.0,4.378,1.169
9658089,K07220.01,,CANDIDATE,1.057080807,1.82,60.6,0.97,1805.0,2518.85,11.3,0.966,6000.0,4.487,0.946
9674320,K07223.01,,CANDIDATE,317.062416,7.438,442.9,1.59,218.0,0.54,9.8,0.673,5366.0,4.625,0.715
9693803,K07224.01,,CANDIDATE,13.4959496,2.085,253.6,1.62,784.0,89.25,7.3,0.2136,5962.0,4.464,1.019
10659624,K07354.01,,CANDIDATE,43.2675604,8.331,69.1,1.61,664.0,45.99,10.0,0.818,5747.0,4.018,1.729
10665228,K07358.01,,CANDIDATE,11.3251153,2.126,297.2,1.26,674.0,48.78,7.0,0.352,5334.0,4.574,0.727
11825996,K07483.01,,CANDIDATE,16.9163386,2.521,64.2,0.68,648.0,41.74,6.3,0.6327,5628.0,4.513,0.81
11854636,K07484.01,,CANDIDATE,37.0200232,1.421,581.0,2.14,507.0,15.66,6.6,0.308,5685.0,4.537,0.886
11904704,K07489.01,,CANDIDATE,0.565713361,0.954,86.4,0.81,1917.0,3197.67,11.6,0.23,5220.0,4.48,0.881
8091197,K06960.01,,CANDIDATE,4.88698386,1.127,125.4,1.2,1133.0,389.31,10.1,0.661,6152.0,4.464,1.009
8098960,K06966.01,,CANDIDATE,8.47484677,2.067,217.8,1.35,780.0,87.55,9.7,0.872,5564.0,4.587,0.785
8845552,K07099.01,,CANDIDATE,34.0357766,3.849,386.6,1.05,337.0,3.06,9.6,0.6983,4367.0,4.739,0.501
9790965,K07231.02,,CANDIDATE,4.74701479,2.464,3622.0,13333.5,1640.0,1708.72,10.1,64.5159,6531.0,3.962,1.921
9811915,K07232.01,,CANDIDATE,1.96682825,1.645,214.3,1.18,1283.0,638.54,9.5,0.415,5595.0,4.581,0.796
10665749,K07359.01,,CANDIDATE,4.237447181,0.3792,350.1,2.26,1172.0,446.38,11.1,0.187,5993.0,4.425,0.993
10670112,K07360.01,,CANDIDATE,4.0953585,44.35,226.8,7.76,1680.0,1884.15,60.2,1.0194,6839.0,4.094,1.7
10680424,K07361.01,,CANDIDATE,0.92623983,1.267,411.4,1.16,1208.0,504.34,9.1,0.058,4494.0,4.692,0.591
5897826,K00126.02,,CANDIDATE,0.875197345,0.052,0.0,0.73,2518.0,9497.39,0.0,1.004,5855.0,3.999,1.796
3240158,K01106.03,,CANDIDATE,13.2298203,3.566,157.8,1.5,856.0,126.84,10.0,0.435,6049.0,4.353,1.176
2837111,K01110.02,,CANDIDATE,3.71840884,3.611,77.2,0.84,1184.0,464.19,9.6,0.192,5982.0,4.493,0.96
3246867,K06315.01,,CANDIDATE,5.32737192,2.226,107.7,0.7,782.0,88.33,6.8,0.3554,4905.0,4.593,0.679
3249334,K06318.01,,CANDIDATE,5.90260586,1.832,337.7,1.26,759.0,78.58,8.2,0.1049,4960.0,4.627,0.707
3324069,K06320.01,,CANDIDATE,22.80265,19.34,53.1,2.36,1045.0,281.59,11.8,0.1018,5011.0,3.321,3.324
4760959,K06449.01,,CANDIDATE,29.9315174,2.53,353.0,1.58,517.0,16.9,5.6,0.5986,5551.0,4.57,0.809
4764969,K06450.01,,CANDIDATE,0.602277579,2.38,34.6,0.78,2699.0,12545.82,26.7,0.7502,6510.0,4.256,1.228
4830859,K06454.01,,CANDIDATE,27.2173855,3.268,155.9,1.34,667.0,46.8,6.7,0.6516,6263.0,4.404,1.019
5353938,K06568.01,,CANDIDATE,6.27651592,1.973,166.0,0.65,532.0,18.89,8.9,0.172,3914.0,4.748,0.515
5380812,K06570.01,,CANDIDATE,16.214474,4.149,161.7,3.53,1256.0,587.82,9.4,0.6311,6801.0,3.833,2.637
6423922,K06705.01,,CANDIDATE,0.9951412,5.588,101.7,0.22,509.0,15.69,17.6,0.998,3325.0,5.364,0.109
6436505,K06707.01,,CANDIDATE,43.535891,4.712,576.6,1.86,444.0,9.19,13.9,0.258,5481.0,4.592,0.778
8488381,K07888.01,,CANDIDATE,4.7368156,2.84,35.3,0.6,1137.0,395.05,6.9,0.218,6088.0,4.456,1.011
8115647,K06970.01,,CANDIDATE,40.7698541,2.997,239.8,1.87,585.0,27.73,8.8,0.202,5884.0,4.306,1.21
8120820,K06971.01,,CANDIDATE,129.222771,7.272,445.3,2.01,288.0,1.63,12.0,0.867,4934.0,4.515,0.809
8881169,K07106.01,,CANDIDATE,5.01880305,1.823,98.7,1.08,1178.0,455.98,10.3,0.172,6220.0,4.398,1.083
9821428,K07235.01,,CANDIDATE,299.70688,15.39,230.7,1.15,237.0,0.75,8.6,0.1196,5606.0,4.597,0.76
9837013,K07236.01,,CANDIDATE,14.461834,7.156,80.2,1.05,785.0,89.86,9.0,0.065,5457.0,4.239,1.196
10751908,K07370.01,,CANDIDATE,4.48538145,2.297,168.1,0.96,962.0,202.75,8.2,0.1296,5654.0,4.607,0.737
10812541,K07375.01,,CANDIDATE,4.84847245,0.874,554.7,1.51,667.0,46.85,11.4,0.191,4137.0,4.625,0.647
12016243,K07506.01,,CANDIDATE,11.8436119,6.044,199.3,1.41,830.0,111.98,10.4,0.067,6077.0,4.471,0.999
11129738,K01427.02,,CANDIDATE,4.88446644,2.057,221.0,0.84,579.0,26.5,9.1,0.776,3883.0,4.725,0.517
10028792,K01574.04,,CANDIDATE,8.9772888,4.72,97.5,1.79,1113.0,362.75,10.3,0.702,5597.0,3.963,1.699
4860678,K01602.02,,CANDIDATE,3.03359398,4.026,95.6,1.55,1529.0,1294.06,12.3,0.023,5557.0,4.037,1.616
5531953,K01681.04,,CANDIDATE,21.9139549,3.271,584.4,10.39,303.0,2.01,11.8,1.2,3638.0,4.844,0.42
7765528,K01840.02,,CANDIDATE,9.3888216,4.154,192.7,20.91,963.0,202.91,9.6,1.14,5846.0,4.278,1.24
5456979,K06579.01,,CANDIDATE,2.6528082,2.297,153.1,1.17,1280.0,633.57,9.8,0.434,5778.0,4.48,0.935
5466109,K06582.01,,CANDIDATE,2.43135542,1.401,123.6,1.07,1422.0,965.4,9.3,0.12,6231.0,4.488,0.955
7217088,K06849.01,,CANDIDATE,12.54474243,1.24,263.1,1.88,840.0,117.9,10.8,0.185,5767.0,4.316,1.159
8145958,K06978.01,,CANDIDATE,3.07551068,1.683,46.1,0.84,1389.0,879.95,10.1,0.005,5763.0,4.256,1.242
8155654,K06980.01,,CANDIDATE,6.29340543,3.024,96.4,1.08,1072.0,312.61,8.7,0.431,6214.0,4.442,1.076
8167504,K06983.01,,CANDIDATE,7.7021729,3.987,74.6,0.85,888.0,147.24,9.5,0.509,5618.0,4.449,0.969
8958811,K07116.01,,CANDIDATE,2.52557582,2.32,35.4,0.62,1364.0,818.81,10.7,0.372,5821.0,4.421,1.036
8958939,K07117.01,,CANDIDATE,8.2927558,4.784,103.3,1.01,927.0,174.36,8.4,0.6346,6146.0,4.497,0.943
8958939,K07117.02,,CANDIDATE,22.786522,2.197,228.3,1.45,661.0,45.26,7.9,0.3817,6146.0,4.497,0.943
10815677,K07376.01,,CANDIDATE,1.284241817,1.965,166.5,1.18,1623.0,1643.57,13.3,0.029,5849.0,4.517,0.919
10848097,K07380.01,,CANDIDATE,15.9474242,1.127,191.7,1.21,670.0,47.65,6.5,0.1178,5472.0,4.44,0.877
10866969,K07383.01,,CANDIDATE,50.0122,3.426,210.4,1.2,432.0,8.23,8.3,0.484,5357.0,4.503,0.814
12067960,K07510.01,,CANDIDATE,5.60682001,2.714,150.7,1.04,942.0,186.43,9.9,0.156,5699.0,4.553,0.853
6307083,K02050.02,,CANDIDATE,3.17796408,0.542,47.7,0.74,1034.0,270.25,6.0,0.901,5061.0,4.488,0.841
7620413,K02103.02,,CANDIDATE,3.66520844,3.308,65.8,0.82,1168.0,439.57,10.3,0.045,5579.0,4.389,1.029
11705004,K02199.02,,CANDIDATE,3.05293416,2.155,227.5,1.18,1047.0,284.82,10.1,0.328,5311.0,4.588,0.788
2854181,K02232.02,,CANDIDATE,12.834857,2.092,293.9,1.73,755.0,76.96,9.4,0.278,5492.0,4.389,1.016
5978559,K02321.02,,CANDIDATE,36.2530992,4.73,152.1,1.43,582.0,27.17,8.3,0.721,6002.0,4.424,1.081
8838950,K02421.02,,CANDIDATE,4.02321842,2.162,81.2,0.48,747.0,73.5,9.8,0.396,4671.0,4.721,0.528
6867555,K02439.02,,CANDIDATE,7.5017934,4.271,134.8,1.32,1046.0,283.25,9.8,0.286,6321.0,4.417,1.125
12208631,K02449.02,,CANDIDATE,0.912351255,1.072,111.8,1.46,1840.0,2705.58,9.1,0.956,5481.0,4.369,1.036
3346543,K06329.01,,CANDIDATE,12.4701111,3.616,89.7,2.06,1074.0,313.87,9.3,0.569,5623.0,3.877,2.109
3356193,K06331.01,,CANDIDATE,5.8229815,2.8,281.6,1.36,914.0,165.12,8.1,0.395,5704.0,4.575,0.804
7335514,K06860.01,,CANDIDATE,0.576732089,1.856,35.4,0.43,1537.0,1316.33,9.1,0.518,4524.0,4.576,0.717
8180290,K06985.01,,CANDIDATE,10.9279755,2.486,71.5,0.81,834.0,114.42,7.3,0.0956,6045.0,4.494,0.955
9025739,K07125.01,,CANDIDATE,7.918267,3.478,83.7,0.93,953.0,195.36,8.4,0.219,5966.0,4.418,1.016
9909965,K07252.01,,CANDIDATE,10.2170589,2.259,121.3,1.17,929.0,176.34,7.9,0.132,6211.0,4.384,1.054
10932270,K07389.01,,CANDIDATE,27.5837778,1.516,202.5,11.03,1330.0,739.57,8.5,0.0221,5092.0,2.945,7.913
12304728,K07520.01,,CANDIDATE,3.14735789,3.643,51.8,3.45,2209.0,5635.4,9.3,0.03,5189.0,3.352,4.93
7778767,K02523.02,,CANDIDATE,2.61090223,1.976,222.5,1.8,1323.0,724.16,10.7,0.813,5514.0,4.345,1.071
9026749,K02564.02,,CANDIDATE,17.6637979,6.194,67.9,2.98,1178.0,455.65,9.7,0.695,5734.0,3.591,3.405
10916600,K02623.02,,CANDIDATE,4.02664625,3.771,30.0,0.68,1318.0,715.51,8.9,0.094,6187.0,4.341,1.238
6198182,K02636.02,,CANDIDATE,5.1777226,8.275,41.7,0.63,1050.0,287.44,6.1,0.025,5854.0,4.469,0.979
5695396,K00283.03,,CANDIDATE,9.48814747,1.163,47.9,0.73,856.0,126.75,11.1,0.5693,5680.0,4.414,1.016
6964929,K02756.02,,CANDIDATE,5.06993245,3.241,93.6,0.92,1053.0,291.11,11.6,0.3584,5957.0,4.506,0.937
3547178,K06342.01,,CANDIDATE,8.1770751,4.608,44.3,0.83,1115.0,365.09,10.6,0.456,6501.0,4.281,1.209
3548622,K06343.01,,CANDIDATE,569.45051,9.63,425.4,1.96,225.0,0.61,8.2,0.001,6117.0,4.496,0.947
4939265,K06475.01,,CANDIDATE,4.84505985,2.078,298.4,1.54,723.0,64.57,10.7,0.903,4337.0,4.581,0.714
8308516,K07880.01,,CANDIDATE,623.70774,6.688,250.9,1.81,258.0,1.05,10.2,0.003,6626.0,4.347,1.132
5564082,K06600.01,,CANDIDATE,2.70581614,6.56,46.9,0.69,1356.0,799.75,41.8,0.6199,5992.0,4.42,0.961
6551106,K06731.01,,CANDIDATE,3.84615171,2.24,137.1,1.14,1199.0,487.47,9.3,0.153,6106.0,4.487,0.966
6584278,K06733.01,,CANDIDATE,1.28940823,3.652,32.1,2.48,3112.0,22119.66,10.3,0.628,5826.0,3.465,4.189
6590726,K06734.01,,CANDIDATE,498.27269,8.92,534.0,2.12,214.0,0.5,6.6,0.0481,5618.0,4.514,0.932
7345335,K06862.01,,CANDIDATE,11.0495766,2.13,102.8,0.83,738.0,70.24,5.7,0.218,5533.0,4.505,0.819
8227086,K06993.01,,CANDIDATE,13.8086331,3.613,207.1,1.09,659.0,44.5,9.0,0.029,5515.0,4.568,0.761
8227464,K06994.01,,CANDIDATE,4.25907841,4.513,28.1,0.7,1253.0,583.12,11.5,0.362,5560.0,4.173,1.316
9085039,K07129.01,,CANDIDATE,64.1983721,0.934,248.2,1.74,506.0,15.49,6.8,0.347,6088.0,4.329,1.077
9099773,K07133.01,,CANDIDATE,82.78482,7.52,190.4,2.16,501.0,14.88,8.4,0.682,5749.0,4.123,1.48
9943009,K07258.01,,CANDIDATE,2.4376438,1.587,27.1,0.79,1686.0,1909.13,8.8,0.112,5927.0,4.117,1.53
9944201,K07259.01,,CANDIDATE,0.721522907,1.4521,22528.0,11.04,1475.0,1115.99,815.3,0.831,4893.0,4.634,0.625
9959093,K07264.01,,CANDIDATE,19.1644498,3.553,63.8,1.83,988.0,225.26,8.9,0.525,5877.0,3.86,2.234
11019739,K07400.01,,CANDIDATE,4.15736472,2.217,200.7,1.09,931.0,178.03,11.2,0.226,5183.0,4.558,0.782
8709688,K03019.02,,CANDIDATE,2.012094,2.157,74.8,0.99,1523.0,1274.27,9.1,0.066,5633.0,4.296,1.162
2716801,K03053.02,,CANDIDATE,9.4767057,3.893,230.5,1.38,841.0,118.13,8.6,0.003,5911.0,4.519,0.914
3230805,K03068.02,,CANDIDATE,6.65171459,2.325,151.5,0.84,713.0,61.01,10.0,0.408,4889.0,4.637,0.686
11810124,K03344.03,,CANDIDATE,208.54335,9.851,614.6,2.84,321.0,2.52,10.4,0.001,5533.0,4.275,1.166
9349757,K03348.02,,CANDIDATE,17.7189786,4.102,176.8,1.44,713.0,61.01,9.7,0.05,5566.0,4.329,1.099
3219037,K03395.02,,CANDIDATE,5.0395851,4.556,70.1,0.78,1067.0,306.35,9.6,0.1968,5912.0,4.453,0.924
9117416,K03425.03,,CANDIDATE,7.64370363,2.738,70.9,1.85,1334.0,748.7,13.2,0.785,6120.0,3.934,2.0
3663494,K06352.01,,CANDIDATE,5.11683678,3.119,161.4,1.16,1039.0,275.15,9.2,0.286,5955.0,4.52,0.91
4995716,K06484.01,,CANDIDATE,16.1191449,3.039,262.2,1.34,619.0,34.7,8.2,0.6704,5319.0,4.514,0.783
5597361,K06601.01,,CANDIDATE,17.9925973,2.762,198.5,1.62,748.0,73.97,8.7,0.678,5931.0,4.351,1.087
5617510,K06605.01,,CANDIDATE,74.371666,12.59,102.8,2.39,767.0,81.88,12.1,0.6894,6865.0,3.742,2.211
6603765,K06739.01,,CANDIDATE,19.164111,2.773,215.9,1.11,519.0,17.12,8.1,0.805,5103.0,4.65,0.674
7381580,K06872.01,,CANDIDATE,13.5164708,2.628,140.1,0.88,645.0,40.81,7.1,0.1593,5442.0,4.6,0.747
8248103,K07002.01,,CANDIDATE,4.83014159,0.957,192.0,1.3,1039.0,275.02,11.7,0.034,5693.0,4.467,0.939
8256882,K07003.01,,CANDIDATE,2.41194057,1.787,67.3,1.35,1654.0,1771.98,10.6,0.579,5598.0,4.045,1.594
8283875,K07007.01,,CANDIDATE,0.800263219,0.729,170.5,0.77,1240.0,561.84,13.2,0.16,4336.0,4.656,0.59
9150870,K07136.01,,CANDIDATE,441.17369,14.82,702.0,2.27,217.0,0.52,11.5,0.3151,5610.0,4.551,0.858
10002049,K07270.01,,CANDIDATE,19.2532128,1.674,219.3,1.42,692.0,54.13,7.4,0.247,6060.0,4.495,0.953
10019854,K07272.01,,CANDIDATE,14.1011023,4.513,108.2,1.26,904.0,157.56,8.1,0.071,6534.0,4.365,1.199
11068630,K07404.01,,CANDIDATE,1.817079849,0.889,204.6,1.39,1454.0,1056.39,10.8,0.276,5808.0,4.503,0.963
11092783,K07408.01,,CANDIDATE,5.15998178,3.356,412.4,19.07,574.0,25.63,9.9,1.306,3900.0,4.727,0.534
12454800,K07534.01,,CANDIDATE,23.3787733,6.76,76.0,0.92,694.0,54.98,8.1,0.2093,6210.0,4.424,1.054
12458817,K07535.01,,CANDIDATE,15.09984259,0.222,484.8,4.11,576.0,25.98,6.7,0.9711,5191.0,4.615,0.65
12519942,K07539.01,,CANDIDATE,15.3416245,2.126,269.6,1.3,605.0,31.63,9.2,0.0481,5061.0,4.504,0.814
12555616,K07540.01,,CANDIDATE,21.980467,4.78,96.0,0.92,625.0,36.07,10.1,0.417,5573.0,4.418,0.936
7100673,K04032.05,,CANDIDATE,7.23524221,2.685,60.0,0.82,948.0,191.14,15.2,0.182,5574.0,4.354,1.065
3937814,K04084.02,,CANDIDATE,10.72900793,0.696,404.3,1.78,722.0,64.33,10.1,0.2652,5375.0,4.541,0.876
3937814,K04084.03,,CANDIDATE,8.19619768,2.109,197.4,1.55,851.0,123.81,9.3,0.781,5323.0,4.378,0.995
4548098,K04157.02,,CANDIDATE,5.215752,1.13,46.8,0.83,1156.0,422.67,5.1,0.729,6202.0,4.422,1.122
3733638,K06353.01,,CANDIDATE,10.0714369,6.891,49.5,1.98,1362.0,814.46,10.8,0.006,5768.0,3.633,2.81
3748855,K06355.01,,CANDIDATE,4.37198905,2.177,103.7,0.93,1085.0,327.65,9.9,0.177,5823.0,4.489,0.919
3748855,K06355.02,,CANDIDATE,6.72876606,2.277,117.4,1.03,940.0,184.66,7.8,0.5757,5823.0,4.489,0.919
3765692,K06358.01,,CANDIDATE,3.09383248,1.576,373.7,1.32,998.0,233.91,9.7,0.356,5327.0,4.646,0.681
5702770,K06617.01,,CANDIDATE,8.0018897,3.425,102.7,0.9,864.0,131.75,9.8,0.442,5830.0,4.54,0.876
6614748,K06745.01,,CANDIDATE,383.85362,9.76,422.9,2.78,314.0,2.29,7.5,0.5927,6675.0,4.341,1.293
6628926,K06746.01,,CANDIDATE,2.564012541,0.9433,2551.9,7.27,1720.0,2065.56,5.3,0.166,6274.0,4.139,1.428
6664842,K06750.01,,CANDIDATE,5.21395046,3.188,78.5,1.24,1201.0,492.29,8.6,0.195,5529.0,4.123,1.412
6665064,K06751.01,,CANDIDATE,24.996068,5.623,621.7,2.4,604.0,31.43,9.4,0.409,5761.0,4.492,0.956
6670610,K06752.01,,CANDIDATE,8.9429645,1.803,233.5,0.89,536.0,19.51,7.2,0.088,4183.0,4.655,0.594
7447895,K06878.01,,CANDIDATE,2.405625303,0.6283,163.5,1.11,1180.0,459.66,12.0,0.467,5450.0,4.573,0.83
7461521,K06882.01,,CANDIDATE,0.7735301,1.335,185.4,1.87,2474.0,8868.22,14.2,0.336,6296.0,4.217,1.35
9203154,K07144.01,,CANDIDATE,0.839907158,1.019,119.6,0.92,1640.0,1705.12,10.7,0.23,5120.0,4.478,0.853
9221627,K07148.01,,CANDIDATE,1.7613778,1.355,359.3,2.32,1824.0,2621.69,10.5,0.159,6544.0,4.349,1.207
10053138,K07279.01,,CANDIDATE,11.7728146,4.132,77.1,0.93,788.0,90.86,9.9,0.407,5410.0,4.333,1.056
10066755,K07281.01,,CANDIDATE,2.46506501,6.218,39.8,1.14,1999.0,3777.82,10.3,0.6323,6881.0,4.101,1.714
10070479,K07282.01,,CANDIDATE,1.758599866,0.2729,237.8,1.6,1101.0,347.1,11.9,0.035,4744.0,4.606,0.725
7119481,K00566.02,,CANDIDATE,14.1573717,3.786,130.0,1.1,778.0,86.67,9.3,0.138,6122.0,4.487,0.964
11182260,K07415.01,,CANDIDATE,1.291964282,1.8378,28640.0,10.97,1249.0,572.64,45.8,0.461,4995.0,4.624,0.638
11187972,K07416.01,,CANDIDATE,37.4646974,4.954,51.6,0.97,677.0,49.61,10.3,0.2,6266.0,4.209,1.342
8773015,K04301.02,,CANDIDATE,6.31915999,3.465,34.4,1.04,1369.0,829.72,9.8,0.575,6254.0,4.019,1.706
9883606,K04383.02,,CANDIDATE,2.58393841,2.169,49.4,0.77,1470.0,1103.3,8.5,0.229,6164.0,4.378,1.09
9836563,K04421.02,,CANDIDATE,6.5595368,4.324,26.3,0.62,1079.0,320.09,10.1,0.378,5950.0,4.323,1.196
6508221,K00416.04,,CANDIDATE,31.5322987,3.49,106.4,0.74,461.0,10.65,7.8,0.0671,5183.0,4.608,0.739
9100953,K04500.03,,CANDIDATE,14.7510068,2.25,381.1,1.7,629.0,36.94,9.5,0.75,5295.0,4.548,0.8
11559304,K07617.01,,CANDIDATE,12.9284553,2.49,297.9,0.64,343.0,3.26,8.2,0.2446,3578.0,4.893,0.375
4735826,K03184.03,,CANDIDATE,4.02018903,3.616,18.5,0.6,1337.0,754.66,14.4,0.505,5788.0,4.178,1.376
5003670,K04524.03,,CANDIDATE,3.33930957,2.597,91.3,1.2,1205.0,498.37,10.7,0.934,5700.0,4.434,1.006
8973285,K04782.02,,CANDIDATE,4.29251656,4.254,249.5,3.66,1144.0,403.88,11.0,1.007,6032.0,4.485,0.973
2861126,K04957.02,,CANDIDATE,4.98792404,1.618,346.2,0.73,485.0,13.07,9.7,0.069,3606.0,4.859,0.395
8105398,K05475.02,,CANDIDATE,5.68325648,1.778,44.6,0.97,1257.0,589.92,10.0,0.844,6072.0,4.133,1.286
4758350,K06447.02,,CANDIDATE,91.649983,10.294,193.6,2.27,568.0,24.57,8.7,0.2136,6705.0,4.145,1.608
4862625,K06464.03,,CANDIDATE,541.742985,10.47,1038.6,3.39,248.0,0.9,25.9,0.041,6373.0,4.438,1.047
3965201,K07546.01,,CANDIDATE,44.113873,3.956,196.3,4.9,1158.0,424.45,6.6,0.032,7854.0,3.669,3.462
4862924,K07554.01,,CANDIDATE,482.62011,12.86,324.0,1.98,263.0,1.12,8.1,0.1786,6315.0,4.389,1.095
5271090,K07558.01,,CANDIDATE,10.1551587,1.802,141.6,0.94,721.0,63.73,6.8,0.2256,5275.0,4.505,0.796
5444276,K07559.01,,CANDIDATE,0.708965461,3.946,87.2,1.13,2417.0,8061.29,13.1,0.6201,6528.0,4.384,1.155
6443274,K07567.01,,CANDIDATE,608.20572,13.63,554.2,1.46,143.0,0.1,11.3,0.0082,4486.0,4.642,0.646
5602588,K02369.03,,CANDIDATE,7.2274321,4.967,173.3,1.28,967.0,206.77,9.2,0.003,6075.0,4.486,0.969
6876575,K07572.01,,CANDIDATE,91.069934,17.33,12.7,1.59,1103.0,349.47,8.7,0.5939,9051.0,3.623,4.232
8096395,K07587.01,,CANDIDATE,366.088938,11.887,537.9,2.57,257.0,1.03,29.0,0.89,5941.0,4.464,0.945
8168509,K07589.01,,CANDIDATE,414.45008,19.15,729.5,7.01,364.0,4.17,19.0,0.9853,7037.0,4.136,1.683
10397751,K02859.05,,CANDIDATE,5.43103616,2.469,66.8,0.66,873.0,137.1,10.8,0.816,5374.0,4.555,0.721
8297319,K07591.01,,CANDIDATE,328.32211,13.53,399.0,1.3,193.0,0.33,8.2,0.1169,4906.0,4.648,0.668
8423344,K07592.01,,CANDIDATE,381.97977,15.7,900.0,1.55,132.0,0.07,10.4,0.2178,3761.0,4.724,0.526
8444868,K07593.01,,CANDIDATE,67.412998,9.1,126.1,1.57,572.0,25.32,6.2,0.5109,6525.0,4.248,1.359
8677057,K07903.01,,CANDIDATE,0.694611128,1.115,98.8,0.64,1415.0,945.45,9.3,0.176,4612.0,4.646,0.662
8702537,K07905.01,,CANDIDATE,7.4751841,5.166,28.1,0.85,1168.0,439.51,9.2,0.309,5616.0,3.98,1.602
9043947,K07920.01,,CANDIDATE,1.04347858,2.012,22.5,1.09,2688.0,12313.82,8.6,0.497,6014.0,3.843,2.246
8880317,K07915.01,,CANDIDATE,382.5891,11.7,298.2,2.15,305.0,2.05,10.5,0.042,6337.0,4.261,1.239
10253977,K08201.01,,CANDIDATE,392.601892,3.21,779.0,2.25,204.0,0.41,7.8,0.713,5307.0,4.605,0.753
10351947,K08205.01,,CANDIDATE,260.446151,9.314,713.9,25.39,608.0,32.37,16.8,0.896,4845.0,2.897,7.796
10160922,K07990.01,,CANDIDATE,87.487573,5.881,528.7,1.87,377.0,4.79,8.4,0.127,5774.0,4.567,0.818
10198225,K07991.01,,CANDIDATE,11.9451376,6.893,63.3,3.32,1337.0,755.16,12.4,0.443,5094.0,3.38,4.163
10214341,K07992.01,,CANDIDATE,277.13367,9.67,321.2,1.84,307.0,2.09,8.7,0.662,6461.0,4.474,0.971
10515564,K08211.01,,CANDIDATE,5.0487451,4.007,67.6,0.67,922.0,170.39,7.7,0.133,5450.0,4.573,0.83
10321972,K07998.01,,CANDIDATE,122.11555,16.07,1104.0,2.96,351.0,3.6,12.2,0.23,5592.0,4.418,0.894
10331279,K08000.01,,CANDIDATE,225.48805,19.46,379.9,1.7,267.0,1.2,11.6,0.817,5663.0,4.579,0.782
5802205,K08107.01,,CANDIDATE,578.88761,18.521,76.8,1.69,315.0,2.32,15.1,0.24,6180.0,3.946,1.917
5858919,K08109.01,,CANDIDATE,218.771117,3.201,140.1,250.2,1997.0,3757.91,8.4,0.95,3297.0,0.236,151.184
10907307,K08217.01,,CANDIDATE,277.25118,8.742,1517.4,5.02,304.0,2.02,15.3,0.932,6046.0,4.357,1.048
10403228,K08007.01,,CANDIDATE,67.176626864,3.1147,1689.9,9.66,179.0,0.24,5.9,1.236,3391.0,4.936,0.311
5955197,K08111.01,,CANDIDATE,359.33831,18.566,977.9,2.33,216.0,0.52,15.8,0.176,5316.0,4.539,0.753
6114140,K08117.01,,CANDIDATE,0.933745798,6.447,613.8,3.45,2097.0,4570.22,75.3,0.961,6367.0,4.419,1.087
11338091,K08221.01,,CANDIDATE,293.38641,15.23,94.9,1.35,347.0,3.43,13.4,0.537,6392.0,4.213,1.34
11446424,K08223.01,,CANDIDATE,66.716453,3.855,626.0,2.2,402.0,6.18,8.1,0.548,5447.0,4.506,0.859
10452252,K08012.01,,CANDIDATE,34.573718512,2.1742,399.0,0.42,199.0,0.37,5.7,0.22,3374.0,5.066,0.218
6507334,K08122.01,,CANDIDATE,54.753883835,2.0865,442.3,2.21,521.0,17.47,0.9,0.009,6242.0,4.442,1.047
11872364,K08232.01,,CANDIDATE,189.183958,6.829,1014.0,3.31,312.0,2.23,11.2,0.68,5573.0,4.382,0.981
12554485,K08238.01,,CANDIDATE,495.662346,4.428,675.7,2.73,207.0,0.43,10.2,0.949,5515.0,4.509,0.82
10536241,K08026.01,,CANDIDATE,7.7529342,5.072,72.1,0.93,1002.0,238.09,9.2,0.449,5975.0,4.335,1.072
10790401,K08031.01,,CANDIDATE,254.336707,8.585,398.4,13.97,586.0,27.88,11.3,0.728,5193.0,3.117,6.502
12647757,K08241.01,,CANDIDATE,490.63941,16.5,268.8,7.67,412.0,6.84,9.6,0.015,5037.0,3.252,4.817
3629119,K08242.01,,CANDIDATE,331.55459,5.35,288.7,1.36,240.0,0.78,6.7,0.001,5762.0,4.576,0.801
4446859,K08246.01,,CANDIDATE,425.64971,11.07,171.2,1.58,281.0,1.48,7.6,0.303,6067.0,4.253,1.195
9084569,K07923.01,,CANDIDATE,395.13138,21.291,126.4,0.97,208.0,0.44,14.4,0.45,5060.0,4.493,0.869
9087580,K07924.01,,CANDIDATE,0.770658979,1.401,83.5,0.68,1548.0,1348.87,11.7,0.444,5058.0,4.61,0.739
9099607,K07925.01,,CANDIDATE,4.6318914,3.88,50.9,0.64,1060.0,297.79,9.2,0.395,5926.0,4.532,0.887
10844823,K08033.01,,CANDIDATE,362.13187,5.59,849.0,2.23,208.0,0.45,8.2,0.397,5176.0,4.567,0.766
10862759,K08035.01,,CANDIDATE,29.4856392,4.27,105.0,1.46,793.0,93.27,9.3,0.103,6870.0,4.266,1.407
10920281,K08037.01,,CANDIDATE,3.65034525,1.527,253.2,0.72,578.0,26.47,6.0,0.289,3704.0,4.797,0.45
11032748,K08039.01,,CANDIDATE,43.9438891,5.26,154.8,1.12,505.0,15.41,9.7,0.523,6008.0,4.537,0.875
4572728,K08249.01,,CANDIDATE,309.191789,11.392,122.8,1.96,383.0,5.08,10.5,0.155,6299.0,3.99,1.754
5098334,K08253.01,,CANDIDATE,400.11482,12.37,113.4,0.95,226.0,0.62,6.7,0.066,5547.0,4.521,0.911
9210820,K07930.01,,CANDIDATE,377.67241,15.82,514.8,1.37,187.0,0.29,10.2,0.107,5031.0,4.644,0.615
9227215,K07931.01,,CANDIDATE,242.0367,11.01,333.3,2.11,323.0,2.57,8.9,0.568,6086.0,4.36,1.116
9278575,K07932.01,,CANDIDATE,502.25648,14.84,153.2,1.03,215.0,0.51,8.1,0.05,5637.0,4.46,0.833
11139682,K08043.01,,CANDIDATE,10.7781558,3.005,121.3,1.24,942.0,186.22,7.9,0.009,6386.0,4.402,1.123
11182706,K08046.01,,CANDIDATE,384.37706,15.139,1204.9,50.93,676.0,49.27,22.6,0.901,4859.0,2.481,12.023
11294822,K08047.01,,CANDIDATE,302.34971,4.978,622.3,1.98,208.0,0.44,8.0,0.468,4829.0,4.564,0.794
5683219,K08257.01,,CANDIDATE,9.4609418,4.888,47.5,0.54,767.0,81.83,7.9,0.161,5485.0,4.5,0.788
5956171,K08259.01,,CANDIDATE,402.27493,15.67,294.5,1.73,262.0,1.11,11.1,0.668,6299.0,4.486,0.95
9390228,K07934.01,,CANDIDATE,22.6432436,0.806,550.4,2.12,624.0,35.77,8.2,0.136,5880.0,4.516,0.891
9469494,K07938.01,,CANDIDATE,275.5603,15.09,89.4,2.33,437.0,8.6,11.5,0.018,5989.0,3.764,2.467
9521317,K07940.01,,CANDIDATE,188.881049,1.49,325.8,1.86,330.0,2.79,12.9,0.504,6077.0,4.471,0.999
11296205,K08048.01,,CANDIDATE,379.67276,9.662,253.9,1.33,247.0,0.88,7.9,0.302,6156.0,4.563,0.824
11350634,K08050.01,,CANDIDATE,278.38935,10.43,262.8,6.81,464.0,10.93,11.2,0.12,4951.0,3.349,4.342
11358305,K08052.01,,CANDIDATE,7.8687123,3.739,89.1,1.73,1323.0,722.44,9.1,0.748,6738.0,4.109,1.692
11392362,K08053.01,,CANDIDATE,9.9105786,5.945,99.5,1.19,922.0,170.47,9.2,0.813,6214.0,4.442,1.076
11443757,K08054.01,,CANDIDATE,43.9088053,6.265,297.8,7.33,885.0,144.75,13.7,0.272,5216.0,3.402,4.303
8439949,K08156.01,,CANDIDATE,364.98242,12.346,533.0,3.12,293.0,1.73,13.1,0.926,6429.0,4.404,1.116
6356506,K08263.01,,CANDIDATE,280.55544,12.757,401.4,2.17,308.0,2.13,9.3,0.031,6292.0,4.426,1.078
11453349,K08055.01,,CANDIDATE,4.40660737,2.107,70.7,0.86,1152.0,415.56,8.1,0.433,6063.0,4.47,1.001
8608544,K08159.02,,CANDIDATE,353.01861,15.583,375.1,2.25,301.0,1.93,14.9,0.064,6450.0,4.386,1.155
8708961,K08163.01,,CANDIDATE,370.98253,17.84,552.3,119.96,338.0,3.07,15.7,1.655,6028.0,4.013,1.63
7832787,K08270.01,,CANDIDATE,338.00692,16.745,544.3,2.09,249.0,0.91,15.3,0.184,5741.0,4.502,0.898
8022520,K08272.01,,CANDIDATE,432.42787,19.63,110.3,1.14,259.0,1.07,6.0,0.716,6263.0,4.46,1.009
9604563,K07949.01,,CANDIDATE,1.001916708,1.256,70.9,0.62,1545.0,1352.47,8.3,0.074,5521.0,4.613,0.734
9640649,K07951.01,,CANDIDATE,0.862329309,1.044,140.9,1.09,1825.0,2623.55,10.8,0.421,5806.0,4.528,0.899
9650579,K07953.01,,CANDIDATE,432.96905,20.76,257.9,1.43,219.0,0.55,8.1,0.4,5580.0,4.538,0.886
9650762,K07954.01,,CANDIDATE,372.15035,21.23,457.4,1.74,232.0,0.69,12.3,0.259,5769.0,4.57,0.812
11714107,K08063.01,,CANDIDATE,405.35457,10.778,545.6,2.11,232.0,0.69,10.2,0.285,5650.0,4.487,0.906
11904835,K08068.01,,CANDIDATE,9.4640413,6.999,209.9,1.28,839.0,117.23,9.4,0.048,5968.0,4.534,0.881
8329346,K08275.01,,CANDIDATE,389.875816,3.336,2134.0,3.76,207.0,0.44,8.9,0.576,5289.0,4.588,0.79
8637903,K08276.01,,CANDIDATE,385.858683,12.071,548.4,3.23,300.0,1.92,21.2,0.877,6551.0,4.367,1.195
8673511,K08277.01,,CANDIDATE,0.757261281,0.905,36.5,0.58,1908.0,3119.75,10.2,0.322,5651.0,4.479,0.953
9011955,K08279.01,,CANDIDATE,367.0896,28.02,2092.3,35.3,281.0,1.48,27.7,1.242,6268.0,4.429,1.1
9159288,K08280.01,,CANDIDATE,66.67305,6.381,472.1,2.64,542.0,20.35,9.6,0.415,6592.0,4.369,1.19
8873873,K08174.01,,CANDIDATE,295.06066,16.18,72.2,0.64,233.0,0.7,10.4,0.052,5332.0,4.524,0.762
9592621,K08286.01,,CANDIDATE,191.03728,3.595,1607.0,3.54,286.0,1.58,7.0,0.091,5440.0,4.497,0.901
12156930,K08076.01,,CANDIDATE,71.10684,6.933,128.4,1.42,523.0,17.68,10.5,0.466,6339.0,4.315,1.224
12266099,K08077.01,,CANDIDATE,77.177672,2.312,318.6,1.29,327.0,2.7,8.0,0.026,4840.0,4.551,0.749
12307496,K08078.01,,CANDIDATE,0.805941833,1.4432,3180.4,29.85,1498.0,1189.65,55.4,1.339,5022.0,4.597,0.672
12602999,K08082.01,,CANDIDATE,8.2766028,4.834,73.1,2.48,1623.0,1639.28,10.0,0.638,6787.0,3.762,2.753
9268159,K08180.01,,CANDIDATE,185.97534,8.744,54.5,2.76,688.0,53.05,2.6,0.4,7365.0,3.628,3.638
9468848,K08183.01,,CANDIDATE,5.8877038,4.009,39.7,0.6,1026.0,262.67,9.3,0.185,6065.0,4.495,0.947
9873004,K07970.01,,CANDIDATE,1.98514635,1.625,233.4,1.28,1299.0,675.28,11.0,0.126,5581.0,4.559,0.845
9906688,K07976.01,,CANDIDATE,5.82561701,3.246,142.8,1.21,1037.0,273.08,9.2,0.635,5999.0,4.459,0.967
2284957,K08085.01,,CANDIDATE,419.2615,21.53,287.8,1.7,256.0,1.02,10.1,0.5,5979.0,4.379,0.975
3663850,K08089.01,,CANDIDATE,141.400279,3.031,790.1,41.55,945.0,188.78,12.9,0.401,4936.0,2.609,14.907
12168280,K08297.01,,CANDIDATE,229.957537,7.59,400.0,43.78,444.0,9.22,10.2,1.175,6419.0,3.978,2.057
9938836,K07978.01,,CANDIDATE,7.2681817,4.985,46.7,1.66,1444.0,1027.95,9.7,0.78,6297.0,3.89,2.219
10011213,K07982.01,,CANDIDATE,376.37989,13.99,1140.0,3.26,265.0,1.16,13.3,0.305,6231.0,4.488,0.955
10028127,K08193.01,,CANDIDATE,367.947848,4.249,1301.0,3.72,228.0,0.64,10.7,0.902,5570.0,4.561,0.855
10128825,K07986.01,,CANDIDATE,1.73984941,3.114,48.5,0.72,1608.0,1585.81,10.6,0.043,6119.0,4.444,1.031
10155286,K07988.01,,CANDIDATE,333.486169,3.199,639.1,19.3,557.0,22.68,14.0,0.214,4989.0,2.992,7.824
