kepid,kepoi_name,kepler_name,koi_disposition,koi_period,koi_duration,koi_depth,koi_prad,koi_teq,koi_insol,koi_model_snr,koi_impact,koi_steff,koi_slogg,koi_srad
10797460,K00752.01,Kepler-227 b,CONFIRMED,9.48803557,2.9575,615.8,2.26,793.0,93.59,35.8,0.146,5455.0,4.467,0.927
10797460,K00752.02,Kepler-227 c,CONFIRMED,54.4183827,4.507,874.8,2.83,443.0,9.11,25.8,0.586,5455.0,4.467,0.927
10848459,K00754.01,,FALSE POSITIVE,1.736952453,2.40641,8079.2,33.46,1395.0,891.96,505.6,1.276,5805.0,4.564,0.791
10854555,K00755.01,Kepler-664 b,CONFIRMED,2.525591777,1.6545,603.3,2.75,1406.0,926.16,40.9,0.701,6031.0,4.438,1.046
10872983,K00756.01,Kepler-228 d,CONFIRMED,11.09432054,4.5945,1517.5,3.9,835.0,114.81,66.5,0.538,6046.0,4.486,0.972
10872983,K00756.02,Kepler-228 c,CONFIRMED,4.13443512,3.1402,686.0,2.77,1160.0,427.65,40.2,0.762,6046.0,4.486,0.972
10872983,K00756.03,Kepler-228 b,CONFIRMED,2.56658897,2.429,226.5,1.59,1360.0,807.74,15.0,0.755,6046.0,4.486,0.972
6721123,K00114.01,,FALSE POSITIVE,7.36178958,5.022,233.7,39.21,1342.0,767.22,47.7,1.169,6227.0,3.986,1.958
10910878,K00757.01,Kepler-229 c,CONFIRMED,16.06864674,3.5347,4914.3,5.76,600.0,30.75,161.9,0.052,5031.0,4.485,0.848
11446443,K00001.01,Kepler-1 b,CONFIRMED,2.470613377,1.74319,14230.9,13.04,1339.0,761.46,4304.3,0.818,5820.0,4.457,0.964
10666592,K00002.01,Kepler-2 b,CONFIRMED,2.204735417,3.88864,6674.7,16.1,2048.0,4148.92,5945.9,0.224,6440.0,4.019,1.952
6922244,K00010.01,Kepler-8 b,CONFIRMED,3.522498429,3.19843,9145.7,14.59,1521.0,1264.67,1741.5,0.631,6225.0,4.169,1.451
10984090,K00112.02,Kepler-466 c,CONFIRMED,3.709214104,2.6302,131.1,1.16,1206.0,500.46,50.6,0.051,5833.0,4.407,1.022
10419211,K00742.01,,FALSE POSITIVE,11.521446064,3.6399,17984.3,150.51,753.0,75.88,622.1,2.483,5795.0,4.554,0.848
10464078,K00743.01,,FALSE POSITIVE,19.40393776,12.2155,8918.7,7.18,523.0,17.69,214.7,0.804,5043.0,4.591,0.68
10480982,K00744.01,,FALSE POSITIVE,19.221388942,4.79843,74284.0,49.29,698.0,55.97,2317.0,1.065,6117.0,4.496,0.947
10485250,K00745.01,,FALSE POSITIVE,16.46983774,9.4378,10478.9,7.94,595.0,29.61,303.4,0.292,5152.0,4.517,0.786
10526549,K00746.01,Kepler-660 b,CONFIRMED,9.27358173,3.2875,1288.3,2.47,649.0,41.85,87.2,0.387,4856.0,4.583,0.696
10583066,K00747.01,Kepler-661 b,CONFIRMED,6.02930329,1.5821,1912.7,2.85,678.0,50.04,65.4,0.258,4537.0,4.648,0.672
10583180,K00748.01,,FALSE POSITIVE,2.696370652,3.6129,397.9,1.58,1066.0,305.34,48.2,0.044,4989.0,4.504,0.819
10601284,K00749.01,Kepler-226 c,CONFIRMED,5.349553819,3.0278,831.0,2.55,919.0,168.99,60.6,0.092,5185.0,4.44,0.91
10601284,K00749.02,Kepler-226 b,CONFIRMED,3.94105221,2.5984,363.3,1.7,1018.0,253.15,28.9,0.226,5185.0,4.44,0.91
10601284,K00749.03,Kepler-226 d,CONFIRMED,8.10904807,3.596,217.4,1.3,800.0,97.03,14.1,0.025,5185.0,4.44,0.91
2306756,K00113.01,,FALSE POSITIVE,386.6030528,6.8057,24926.6,41.5,297.0,1.84,994.0,0.9765,5543.0,4.081,1.58
10662202,K00750.01,Kepler-662 b,CONFIRMED,21.67699193,3.4555,857.2,2.95,530.0,18.64,34.3,0.896,4954.0,4.5,0.828
10682541,K00751.01,Kepler-663 b,CONFIRMED,4.99677968,2.1717,934.7,2.78,917.0,166.95,28.2,0.71,5339.0,4.552,0.847
11460018,K00769.01,Kepler-671 b,CONFIRMED,4.280963604,2.875,750.8,2.3,1012.0,247.87,61.8,0.424,5644.0,4.564,0.831
11463211,K00770.01,,FALSE POSITIVE,1.50635409,1.5155,2211.7,4.53,1452.0,1054.12,181.1,0.86,5714.0,4.563,0.831
11465813,K00771.01,,FALSE POSITIVE,670.645531,53.412,18090.6,14.14,196.0,0.35,642.7,0.701,5520.0,4.466,0.983
11493732,K00772.01,,FALSE POSITIVE,61.2563628,7.633,5123.3,39.87,505.0,15.43,85.3,1.248,6144.0,4.402,1.091
11507101,K00773.01,Kepler-672 b,CONFIRMED,38.3775486,5.588,724.2,2.82,529.0,18.53,34.7,0.468,5481.0,4.369,1.036
10910878,K00757.02,Kepler-229 d,CONFIRMED,41.19725502,4.6297,2213.9,3.86,439.0,8.76,51.2,0.045,5031.0,4.485,0.848
10910878,K00757.03,Kepler-229 b,CONFIRMED,6.252962249,2.5819,1036.9,2.65,823.0,108.3,47.1,0.105,5031.0,4.485,0.848
10987985,K00758.01,Kepler-665 b,CONFIRMED,16.01308419,3.2554,1121.9,3.1,593.0,29.31,33.2,0.799,5015.0,4.499,0.826
11018648,K00759.01,Kepler-230 b,CONFIRMED,32.62876672,4.7971,1804.8,3.36,506.0,15.55,80.0,0.021,5586.0,4.56,0.798
11018648,K00759.02,Kepler-230 c,CONFIRMED,91.7732862,6.473,652.0,2.12,359.0,3.92,19.1,0.606,5586.0,4.56,0.798
11138155,K00760.01,Kepler-1976 b,CONFIRMED,4.959319244,2.22739,9802.0,12.21,1103.0,349.4,696.5,0.831,5712.0,4.359,1.082
11152159,K00761.01,,FALSE POSITIVE,2.701287801,3.3827,860.4,6.54,1222.0,527.81,48.3,1.016,5550.0,4.468,0.91
11153539,K00762.01,Kepler-666 b,CONFIRMED,4.49876511,3.7362,460.0,2.1,1133.0,389.62,29.5,0.312,6075.0,4.486,0.969
11242721,K00763.01,,FALSE POSITIVE,19.651209505,5.2514,11766.3,12.42,730.0,67.03,513.4,0.723,6074.0,4.391,1.063
9579641,K00115.01,Kepler-105 b,CONFIRMED,5.412203927,2.9472,601.6,2.94,1093.0,337.68,166.7,0.787,5779.0,4.339,1.087
11304958,K00764.01,Kepler-667 b,CONFIRMED,41.43958662,10.5989,2793.1,5.5,516.0,16.72,141.1,0.355,5468.0,4.367,1.046
11391957,K00765.01,Kepler-668 b,CONFIRMED,8.35389523,2.2514,1041.6,2.52,790.0,91.9,43.4,0.023,5592.0,4.582,0.787
11403044,K00766.01,Kepler-669 b,CONFIRMED,4.125543472,3.1744,1487.3,4.43,1243.0,565.35,128.6,0.597,6174.0,4.417,1.103
11414511,K00767.01,Kepler-670 b,CONFIRMED,2.816504904,2.50587,16813.7,12.21,1219.0,521.13,1406.8,0.105,5532.0,4.452,0.955
11442465,K00768.01,,FALSE POSITIVE,33.93373447,14.561,8503.7,7.34,430.0,8.11,236.1,0.812,5040.0,4.628,0.705
12110942,K00786.01,Kepler-680 b,CONFIRMED,3.689920099,2.6557,426.7,1.89,1147.0,408.99,35.6,0.151,5880.0,4.518,0.917
12366084,K00787.01,Kepler-232 b,CONFIRMED,4.431238488,3.15,1010.9,3.25,1104.0,351.23,71.1,0.405,5714.0,4.428,1.015
12366084,K00787.02,Kepler-232 c,CONFIRMED,11.37936986,2.6255,1023.5,3.95,806.0,99.68,37.9,0.911,5714.0,4.428,1.015
12404086,K00788.01,Kepler-681 b,CONFIRMED,26.39432897,3.573,1510.9,3.07,489.0,13.49,48.2,0.602,5129.0,4.595,0.763
8395660,K00116.01,Kepler-106 c,CONFIRMED,13.57078281,3.3539,511.7,2.64,785.0,89.61,88.4,0.866,5854.0,4.406,1.012
9579641,K00115.02,Kepler-105 c,CONFIRMED,7.12594387,3.0014,192.4,1.79,997.0,233.31,47.1,0.898,5779.0,4.339,1.087
11656840,K00774.01,,FALSE POSITIVE,7.442652004,2.3078,24446.2,15.03,967.0,206.78,835.6,0.137,6108.0,4.469,0.956
11754553,K00775.01,Kepler-52 c,CONFIRMED,16.38489988,3.0249,1127.1,2.0,433.0,8.35,28.9,0.001,4126.0,4.661,0.615
11754553,K00775.02,Kepler-52 b,CONFIRMED,7.8774163,2.0805,1306.1,2.16,553.0,22.18,38.7,0.041,4126.0,4.661,0.615
11754553,K00775.03,Kepler-52 d,CONFIRMED,36.4454001,4.007,1122.3,1.99,332.0,2.88,21.7,0.028,4126.0,4.661,0.615
11812062,K00776.01,Kepler-673 b,CONFIRMED,3.728732147,2.683,5226.5,6.02,1023.0,258.34,345.2,0.558,5497.0,4.577,0.809
11853255,K00778.01,Kepler-674 b,CONFIRMED,2.243380573,1.1196,821.7,1.99,822.0,107.6,38.9,0.915,4149.0,4.698,0.564
11909839,K00779.01,,FALSE POSITIVE,10.405998015,6.5036,14488.8,11.23,833.0,113.94,745.2,0.324,5746.0,4.393,0.924
11918099,K00780.01,Kepler-675 b,CONFIRMED,2.337437946,1.9982,971.2,2.34,1070.0,311.16,82.4,0.28,5005.0,4.595,0.765
11923270,K00781.01,Kepler-676 b,CONFIRMED,11.59822233,2.5237,2804.5,2.65,396.0,5.82,71.0,0.679,3688.0,4.79,0.473
11960862,K00782.01,Kepler-677 b,CONFIRMED,6.575315881,4.3084,2793.3,5.31,1015.0,251.38,221.1,0.39,5992.0,4.415,0.989
12020329,K00783.01,Kepler-678 b,CONFIRMED,7.275040844,7.5377,3001.0,4.86,833.0,113.64,312.1,0.547,5485.0,4.556,0.867
12066335,K00784.01,Kepler-231 c,CONFIRMED,19.27153892,2.7594,1219.8,1.93,393.0,5.66,37.1,0.031,4077.0,4.702,0.56
12066335,K00784.02,Kepler-231 b,CONFIRMED,10.06524317,1.369,1053.3,1.91,488.0,13.43,30.3,0.628,4077.0,4.702,0.56
12070811,K00785.01,Kepler-679 b,CONFIRMED,12.3935651,3.8896,916.6,2.66,677.0,49.68,35.8,0.883,5557.0,4.603,0.75
8395660,K00116.02,Kepler-106 e,CONFIRMED,43.84439721,6.802,615.2,2.87,531.0,18.77,83.7,0.852,5854.0,4.406,1.012
3120431,K00798.01,,FALSE POSITIVE,3.341913228,3.813,725.3,21.55,1032.0,268.67,39.0,1.213,5295.0,4.551,0.811
3246984,K00799.01,,FALSE POSITIVE,1.626630225,2.1145,1620.6,32.43,1547.0,1355.88,103.6,1.26,5735.0,4.41,0.973
3342970,K00800.01,Kepler-234 b,CONFIRMED,2.711504086,3.0099,837.5,3.12,1420.0,960.79,64.5,0.023,6214.0,4.442,1.076
3342970,K00800.02,Kepler-234 c,CONFIRMED,7.21203748,4.0491,950.4,3.32,1025.0,260.58,51.5,0.012,6214.0,4.442,1.076
12459725,K00789.01,,FALSE POSITIVE,14.1798187,2.505,459.9,1.88,711.0,60.35,11.2,0.1601,5799.0,4.539,0.878
12470844,K00790.01,Kepler-233 b,CONFIRMED,8.47237911,2.7245,1123.5,2.59,751.0,75.44,47.6,0.022,5354.0,4.587,0.788
12470844,K00790.02,Kepler-233 c,CONFIRMED,60.4189369,5.039,931.3,2.36,390.0,5.49,20.1,0.094,5354.0,4.587,0.788
12644822,K00791.01,Kepler-682 b,CONFIRMED,12.611904345,5.1497,6105.6,7.4,753.0,76.15,277.2,0.55,5795.0,4.508,0.919
2440757,K00792.01,,FALSE POSITIVE,1.433769925,1.8868,1976.3,46.58,1920.0,3209.29,112.6,1.268,6017.0,4.22,1.339
2445129,K00793.01,,FALSE POSITIVE,10.31872301,3.836,871.7,28.59,876.0,139.26,38.2,1.215,5927.0,4.409,1.06
2713049,K00794.01,Kepler-683 b,CONFIRMED,2.539183147,2.4282,382.1,2.06,1332.0,743.09,38.9,0.238,5519.0,4.35,1.062
3114167,K00795.01,Kepler-684 b,CONFIRMED,6.770300385,2.0844,1304.0,2.77,812.0,102.87,50.8,0.838,5653.0,4.656,0.679
3114661,K00796.01,,FALSE POSITIVE,0.444291966,2.0792,10967.4,27.51,1836.0,2706.26,299.7,1.258,5255.0,4.678,0.636
4139816,K00812.02,Kepler-235 d,CONFIRMED,20.06036336,3.3203,1494.7,1.96,361.0,4.0,35.2,0.556,3950.0,4.754,0.493
4139816,K00812.03,Kepler-235 e,CONFIRMED,46.1842039,4.758,1394.7,1.83,273.0,1.32,26.0,0.013,3950.0,4.754,0.493
8395660,K00116.04,Kepler-106 d,CONFIRMED,23.9800854,5.351,104.0,1.31,649.0,41.94,17.1,0.95,5854.0,4.406,1.012
4139816,K00812.04,Kepler-235 c,CONFIRMED,7.82502168,2.186,520.8,1.2,494.0,14.05,15.9,0.708,3950.0,4.754,0.493
4275191,K00813.01,Kepler-688 b,CONFIRMED,3.895936525,2.3111,8544.8,7.34,1005.0,241.62,370.8,0.524,5557.0,4.592,0.774
4476123,K00814.01,Kepler-689 b,CONFIRMED,22.36646466,5.228,986.8,2.32,536.0,19.45,32.1,0.4,5395.0,4.615,0.734
3351888,K00801.01,Kepler-685 b,CONFIRMED,1.625522174,2.38963,7969.0,9.73,1579.0,1467.41,799.7,0.076,5539.0,4.322,1.106
3554600,K00803.01,,FALSE POSITIVE,7.544039,6.222,322.6,17.47,838.0,116.46,14.2,1.175,5657.0,4.567,0.824
3641726,K00804.01,Kepler-1727 b,CONFIRMED,9.02930689,3.1449,1019.8,2.57,757.0,77.75,53.9,0.024,5349.0,4.526,0.82
3734868,K00805.01,,FALSE POSITIVE,10.328035714,7.7915,16917.7,13.28,843.0,119.31,636.8,0.281,5627.0,4.359,1.024
3832474,K00806.01,Kepler-30 d,CONFIRMED,143.2063047,8.9302,10565.7,8.9,308.0,2.14,138.8,0.379,5485.0,4.556,0.867
8395660,K00116.03,Kepler-106 b,CONFIRMED,6.164876,3.262,55.8,0.79,1021.0,256.35,14.4,0.646,5854.0,4.406,1.012
3832474,K00806.02,Kepler-30 c,CONFIRMED,60.32494216,6.6188,20280.4,12.19,411.0,6.77,347.2,0.224,5485.0,4.556,0.867
3832474,K00806.03,Kepler-30 b,CONFIRMED,29.1598615,4.803,488.0,1.91,524.0,17.85,11.6,0.3619,5485.0,4.556,0.867
3836375,K00807.01,,FALSE POSITIVE,1.540397253,2.1541,816.1,25.69,1470.0,1105.68,38.8,1.225,5663.0,4.53,0.915
3838486,K00808.01,,FALSE POSITIVE,2.99025443,5.414,589.2,1.7,918.0,168.45,48.5,0.014,4667.0,4.578,0.731
3935914,K00809.01,Kepler-686 b,CONFIRMED,1.594745374,1.9604,15044.5,11.3,1539.0,1329.42,1009.3,0.514,5934.0,4.491,0.893
3940418,K00810.01,Kepler-1728 b,CONFIRMED,4.783002698,2.335,1008.7,2.5,886.0,145.48,70.6,0.003,5170.0,4.574,0.807
4049131,K00811.01,Kepler-687 b,CONFIRMED,20.50588921,4.0595,2105.5,3.41,518.0,17.06,78.5,0.26,4905.0,4.544,0.761
4139816,K00812.01,Kepler-235 b,CONFIRMED,3.340218842,1.9104,1632.6,2.03,656.0,43.73,71.6,0.466,3950.0,4.754,0.493
5287983,K00828.01,,FALSE POSITIVE,2.507089906,2.0067,1339.2,30.26,1326.0,730.47,64.9,1.255,5926.0,4.506,0.939
5358241,K00829.01,Kepler-53 b,CONFIRMED,18.64932728,4.4056,893.6,3.12,701.0,57.13,46.1,0.08,5775.0,4.405,1.053
10875245,K00117.02,Kepler-107 c,CONFIRMED,4.90144976,4.1654,140.7,1.7,1262.0,598.74,50.6,0.529,5847.0,4.191,1.402
5358241,K00829.02,Kepler-53 d,CONFIRMED,9.75192101,4.793,418.0,2.76,870.0,135.66,28.5,0.949,5775.0,4.405,1.053
5358241,K00829.03,Kepler-53 c,CONFIRMED,38.5576546,5.794,993.0,4.02,550.0,21.71,39.7,0.911,5775.0,4.405,1.053
5358624,K00830.01,Kepler-428 b,CONFIRMED,3.525632539,2.59959,22335.0,11.58,975.0,213.12,1996.7,0.12,5150.0,4.572,0.793
4664847,K00816.01,Kepler-690 b,CONFIRMED,7.748094239,3.5957,2472.1,5.52,964.0,204.39,113.2,0.517,5973.0,4.439,1.085
4725681,K00817.01,Kepler-236 c,CONFIRMED,23.96793669,3.827,1182.3,1.8,329.0,2.77,27.5,0.416,3747.0,4.728,0.524
4725681,K00817.02,Kepler-236 b,CONFIRMED,8.29561738,1.3421,824.3,1.82,469.0,11.39,17.9,0.888,3747.0,4.728,0.524
4913852,K00818.01,Kepler-691 b,CONFIRMED,8.11437482,2.2736,1558.0,2.1,460.0,10.55,56.4,0.573,3692.0,4.753,0.517
4932348,K00819.01,,FALSE POSITIVE,38.036729482,4.34617,82871.6,27.5,500.0,14.81,1300.0,0.501,5575.0,4.521,0.932
11913073,K00011.01,,FALSE POSITIVE,3.747838198,5.0642,616.0,13.65,1031.0,266.76,138.2,1.121,5514.0,4.569,0.826
10875245,K00117.01,Kepler-107 e,CONFIRMED,14.74914825,6.0995,430.2,2.89,874.0,137.91,107.4,0.173,5847.0,4.191,1.402
5021899,K00821.01,Kepler-692 b,CONFIRMED,21.81295996,4.3791,1175.4,3.38,639.0,39.33,37.8,0.053,5601.0,4.41,0.999
5077629,K00822.01,,FALSE POSITIVE,7.91936937,3.3148,15148.1,10.34,814.0,104.0,389.0,0.733,5690.0,4.588,0.776
5164255,K00824.01,Kepler-693 b,CONFIRMED,15.37562369,3.3169,15337.0,11.01,600.0,30.54,166.0,0.692,4986.0,4.496,0.833
5252423,K00825.01,Kepler-237 c,CONFIRMED,8.10363271,3.161,887.9,2.11,687.0,52.82,39.3,0.047,4861.0,4.574,0.732
5252423,K00825.02,Kepler-237 b,CONFIRMED,4.71510843,2.506,417.5,1.46,823.0,108.84,21.3,0.258,4861.0,4.574,0.732
5272878,K00826.01,Kepler-694 b,CONFIRMED,6.365839713,2.9721,780.7,2.44,914.0,165.33,70.8,0.524,5776.0,4.554,0.849
5283542,K00827.01,,FALSE POSITIVE,5.97581754,3.065,962.4,3.86,1047.0,284.25,50.3,0.941,6108.0,4.471,0.997
5649215,K00839.01,,FALSE POSITIVE,2.446737317,4.7211,1177.9,26.25,1261.0,597.19,110.2,1.241,5764.0,4.548,0.863
5651104,K00840.01,Kepler-695 b,CONFIRMED,3.04033046,1.8411,10858.8,8.99,1021.0,257.29,568.2,0.736,5035.0,4.519,0.791
5792202,K00841.01,Kepler-27 b,CONFIRMED,15.33528675,3.897,3081.4,5.0,610.0,32.67,86.6,0.773,5251.0,4.581,0.817
10875245,K00117.04,Kepler-107 d,CONFIRMED,7.95825328,4.377,50.0,1.06,1074.0,314.15,14.7,0.706,5847.0,4.191,1.402
5792202,K00841.02,Kepler-27 c,CONFIRMED,31.33046135,5.176,5073.8,6.5,481.0,12.61,117.2,0.798,5251.0,4.581,0.817
5370302,K00831.01,,FALSE POSITIVE,3.9043425,3.831,16228.4,12.28,1104.0,351.05,323.4,0.709,5810.0,4.526,0.898
5372966,K00832.01,,FALSE POSITIVE,9.286358079,3.49949,44791.4,17.61,796.0,95.03,1671.1,0.377,5670.0,4.523,0.821
5376067,K00833.01,,FALSE POSITIVE,3.951405455,2.1862,2453.9,31.44,1133.0,388.71,117.2,1.276,6046.0,4.539,0.869
5436502,K00834.01,Kepler-238 e,CONFIRMED,23.65369415,8.2183,3341.8,7.89,731.0,67.65,266.3,0.008,5739.0,4.191,1.384
5436502,K00834.02,Kepler-238 d,CONFIRMED,13.23352214,6.7372,504.6,3.06,888.0,146.67,49.1,0.014,5739.0,4.191,1.384
5436502,K00834.03,Kepler-238 c,CONFIRMED,6.15560285,4.9843,285.0,2.32,1146.0,406.94,35.1,0.235,5739.0,4.191,1.384
5436502,K00834.04,Kepler-238 b,CONFIRMED,2.090811305,3.388,115.9,1.62,1642.0,1718.04,19.9,0.746,5739.0,4.191,1.384
10875245,K00117.03,Kepler-107 b,CONFIRMED,3.180027898,3.5797,120.3,1.53,1458.0,1066.86,50.4,0.196,5847.0,4.191,1.402
5436502,K00834.05,Kepler-238 f,CONFIRMED,50.4467417,7.159,370.3,2.67,568.0,24.64,19.4,0.379,5739.0,4.191,1.384
5456651,K00835.01,Kepler-239 b,CONFIRMED,11.76307164,2.9076,1037.3,2.35,616.0,33.99,48.9,0.048,4959.0,4.603,0.756
5456651,K00835.02,Kepler-239 c,CONFIRMED,56.2279271,3.57,862.7,2.37,366.0,4.22,20.9,0.7,4959.0,4.603,0.756
5481416,K00836.01,,FALSE POSITIVE,2.384052875,3.0918,1268.1,17.06,1010.0,244.87,50.5,1.178,4794.0,4.58,0.701
5531576,K00837.01,Kepler-240 c,CONFIRMED,7.953547,2.6312,875.4,2.25,696.0,55.37,38.4,0.3,4768.0,4.536,0.779
5531576,K00837.02,Kepler-240 b,CONFIRMED,4.14451656,2.3421,391.8,1.48,864.0,132.08,22.8,0.004,4768.0,4.536,0.779
5534814,K00838.01,,FALSE POSITIVE,4.859386384,2.2757,6044.3,38.33,1114.0,364.23,269.7,1.259,6072.0,4.47,0.988
6291653,K00850.01,Kepler-702 b,CONFIRMED,10.526294577,2.5211,9768.0,8.24,713.0,61.16,482.3,0.644,5386.0,4.553,0.793
6392727,K00851.01,Kepler-703 b,CONFIRMED,4.583520948,2.7055,3812.1,5.39,1038.0,274.98,99.5,0.045,5815.0,4.54,0.877
6422070,K00852.01,Kepler-704 b,CONFIRMED,3.76181843,3.5176,510.6,2.66,1121.0,372.62,35.9,0.926,5653.0,4.472,0.949
6428700,K00853.01,Kepler-242 b,CONFIRMED,8.20396958,2.9667,1024.4,3.01,742.0,71.5,54.4,0.823,5015.0,4.499,0.826
6428700,K00853.02,Kepler-242 c,CONFIRMED,14.49645186,4.016,647.5,3.01,613.0,33.48,25.7,0.97,5015.0,4.499,0.826
5792202,K00841.03,Kepler-27 d,CONFIRMED,6.54626149,2.75,655.9,2.19,810.0,101.78,24.8,0.644,5251.0,4.581,0.817
5794379,K00842.01,Kepler-241 b,CONFIRMED,12.71809866,3.0957,1149.4,2.31,562.0,23.6,52.7,0.427,4702.0,4.592,0.686
5794379,K00842.02,Kepler-241 c,CONFIRMED,36.06588163,4.3246,1563.8,2.64,397.0,5.88,51.7,0.26,4702.0,4.592,0.686
5881688,K00843.01,Kepler-696 b,CONFIRMED,4.190425659,2.8589,2877.4,6.21,1234.0,547.9,240.6,0.458,6073.0,4.392,1.135
6022556,K00844.01,Kepler-697 b,CONFIRMED,3.709870784,3.0694,2020.3,4.35,1151.0,415.1,116.1,0.023,5727.0,4.463,0.978
6032497,K00845.01,Kepler-698 b,CONFIRMED,16.3297527,6.271,1187.5,3.75,727.0,66.08,74.6,0.791,5878.0,4.444,0.987
6061119,K00846.01,Kepler-699 b,CONFIRMED,27.807566216,4.21587,25391.1,13.84,554.0,22.24,748.1,0.782,5862.0,4.584,0.785
6191521,K00847.01,Kepler-700 b,CONFIRMED,80.8723469,11.195,3604.6,7.59,452.0,9.88,160.9,0.527,5510.0,4.222,1.238
6267425,K00848.01,,FALSE POSITIVE,3.166465862,2.9381,4357.2,26.82,954.0,196.31,122.1,1.266,4968.0,4.575,0.704
3531558,K00118.01,Kepler-467 b,CONFIRMED,24.99324319,5.9409,269.6,2.29,712.0,60.88,62.0,0.686,5718.0,4.181,1.317
6276477,K00849.01,Kepler-701 b,CONFIRMED,10.35533116,3.1775,750.6,2.47,777.0,86.22,49.2,0.029,5501.0,4.462,0.918
6863998,K00867.01,Kepler-709 b,CONFIRMED,16.08518937,3.984,1442.4,3.68,613.0,33.43,62.6,0.867,5239.0,4.523,0.826
6948054,K00869.01,Kepler-245 b,CONFIRMED,7.49018305,2.7297,1123.6,2.56,753.0,76.06,53.0,0.02,5103.0,4.562,0.787
6948054,K00869.02,Kepler-245 d,CONFIRMED,36.2761238,4.7865,1572.6,3.03,445.0,9.29,45.5,0.035,5103.0,4.562,0.787
6948054,K00869.03,Kepler-245 c,CONFIRMED,17.46087931,2.2641,812.4,2.32,568.0,24.6,22.6,0.594,5103.0,4.562,0.787
6435936,K00854.01,Kepler-705 b,CONFIRMED,56.0560754,4.685,1626.0,1.94,233.0,0.69,27.4,0.018,3593.0,4.757,0.491
6522242,K00855.01,Kepler-706 b,CONFIRMED,41.408316686,5.0264,22838.9,11.38,453.0,9.93,907.8,0.377,5522.0,4.586,0.747
6587280,K00857.01,Kepler-243 b,CONFIRMED,5.715425977,2.5242,908.1,2.47,850.0,123.03,59.4,0.348,5237.0,4.572,0.826
9471974,K00119.01,Kepler-108 b,CONFIRMED,49.18394185,11.3364,1646.2,8.2,669.0,47.4,355.7,0.035,5626.0,3.907,2.057
6587280,K00857.02,Kepler-243 c,CONFIRMED,20.0261412,1.611,421.2,2.28,559.0,23.14,10.7,0.957,5237.0,4.572,0.826
6675056,K00859.01,,FALSE POSITIVE,10.44331991,2.743,1159.8,2.66,667.0,46.94,51.7,0.23,4947.0,4.516,0.802
6685526,K00861.01,Kepler-707 b,CONFIRMED,2.237489571,1.8119,315.8,1.41,1160.0,427.17,30.7,0.128,5265.0,4.58,0.81
6756669,K00862.01,,FALSE POSITIVE,5.851520671,3.11058,33003.6,14.62,901.0,155.89,1630.4,0.211,5532.0,4.53,0.806
6784235,K00863.01,Kepler-708 b,CONFIRMED,3.167893418,2.1814,781.2,2.62,1221.0,526.23,64.8,0.026,5895.0,4.503,0.94
6849310,K00864.01,Kepler-244 b,CONFIRMED,4.311780262,2.7251,1154.0,3.11,1038.0,274.84,86.1,0.196,5527.0,4.484,0.927
6849310,K00864.02,Kepler-244 d,CONFIRMED,20.0504494,4.556,840.9,2.69,622.0,35.44,37.8,0.383,5527.0,4.484,0.927
6849310,K00864.03,Kepler-244 c,CONFIRMED,9.76734503,1.6585,569.1,2.67,791.0,92.46,21.1,0.9,5527.0,4.484,0.927
9471974,K00119.02,Kepler-108 c,CONFIRMED,190.3200468,15.284,1141.7,7.78,426.0,7.8,139.3,0.812,5626.0,3.907,2.057
6862603,K00866.01,,FALSE POSITIVE,2.861159894,1.8832,1014.3,4.37,1355.0,797.1,58.3,0.965,6126.0,4.458,1.021
7366258,K00880.01,Kepler-82 b,CONFIRMED,26.44439337,3.9783,1843.5,3.91,562.0,23.54,88.0,0.03,5427.0,4.463,0.929
7366258,K00880.02,Kepler-82 c,CONFIRMED,51.53997972,6.3994,3644.3,5.51,450.0,9.67,155.5,0.183,5427.0,4.463,0.929
7366258,K00880.03,Kepler-82 e,CONFIRMED,5.902245782,2.9003,702.3,2.43,926.0,173.74,59.3,0.209,5427.0,4.463,0.929
7366258,K00880.04,Kepler-82 d,CONFIRMED,2.382951591,1.8876,391.6,1.86,1253.0,583.01,41.4,0.479,5427.0,4.463,0.929
7373451,K00881.01,Kepler-712 b,CONFIRMED,21.02250608,4.1072,1772.5,3.07,521.0,17.48,62.4,0.036,5067.0,4.585,0.75
6948054,K00869.04,Kepler-245 e,CONFIRMED,3.219814777,2.0642,488.2,1.69,998.0,234.93,30.5,0.06,5103.0,4.562,0.787
6949607,K00870.01,Kepler-28 b,CONFIRMED,5.912273234,2.3254,961.4,1.73,585.0,27.72,62.8,0.17,4072.0,4.696,0.57
6949607,K00870.02,Kepler-28 c,CONFIRMED,8.98581901,2.8606,881.3,1.65,509.0,15.9,51.8,0.008,4072.0,4.696,0.57
11869052,K00120.01,,FALSE POSITIVE,20.5452375,2.517,218.5,2.41,742.0,71.57,18.5,0.95,5670.0,4.206,1.264
7109675,K00872.01,Kepler-46 b,CONFIRMED,33.60123371,4.4056,7425.9,8.46,495.0,14.22,247.9,0.67,5149.0,4.447,0.93
7109675,K00872.02,Kepler-46 d,CONFIRMED,6.76652928,2.9004,450.7,1.97,845.0,120.48,29.2,0.429,5149.0,4.447,0.93
7118364,K00873.01,Kepler-710 b,CONFIRMED,4.347288783,2.1024,451.6,2.36,1174.0,449.79,39.7,0.025,5754.0,4.345,1.122
7134976,K00874.01,Kepler-246 b,CONFIRMED,4.601811819,2.2607,755.9,2.35,896.0,152.91,60.8,0.567,4986.0,4.496,0.833
7134976,K00874.02,Kepler-246 c,CONFIRMED,11.18719905,3.252,353.6,1.55,667.0,46.65,21.9,0.387,4986.0,4.496,0.833
7135852,K00875.01,Kepler-1729 b,CONFIRMED,4.220965778,3.0854,2260.0,2.62,595.0,29.68,157.8,0.705,3837.0,4.747,0.517
7270230,K00876.01,,FALSE POSITIVE,6.998099523,2.0488,20285.0,588.66,853.0,125.22,192.3,7.361,5612.0,4.566,0.829
7287995,K00877.01,Kepler-81 b,CONFIRMED,5.95489993,2.3892,1410.7,2.33,635.0,38.52,87.2,0.327,4261.0,4.641,0.633
7287995,K00877.02,Kepler-81 c,CONFIRMED,12.03987488,2.7363,1250.6,2.18,502.0,15.06,57.6,0.286,4261.0,4.641,0.633
7287995,K00877.03,Kepler-81 d,CONFIRMED,20.83762895,2.3734,439.0,1.42,418.0,7.24,14.9,0.706,4261.0,4.641,0.633
3247396,K00121.01,,FALSE POSITIVE,8.8111022,5.0683,401.1,63.66,1399.0,904.92,76.8,1.223,6200.0,3.8,2.404
7303253,K00878.01,Kepler-711 b,CONFIRMED,23.58917143,5.073,1200.7,3.16,487.0,13.34,53.3,0.926,4919.0,4.566,0.721
5094751,K00123.01,Kepler-109 b,CONFIRMED,6.481633073,3.784,298.5,2.54,1145.0,406.25,125.6,0.833,5945.0,4.213,1.302
7678434,K00892.01,Kepler-716 b,CONFIRMED,10.37168928,3.035,1254.9,3.2,720.0,63.68,64.5,0.537,5121.0,4.457,0.888
7678434,K00892.02,Kepler-716 c,CONFIRMED,3.96996298,1.1757,299.2,1.78,992.0,229.37,15.0,0.836,5121.0,4.457,0.888
7685981,K00893.01,Kepler-717 b,CONFIRMED,4.40841331,5.012,549.4,2.66,1139.0,398.0,45.1,0.899,6007.0,4.457,0.961
7708215,K00894.01,,FALSE POSITIVE,7.9426176,6.703,1590.7,4.68,878.0,140.57,60.4,0.942,5811.0,4.521,0.926
7373451,K00881.02,Kepler-712 c,CONFIRMED,226.8904775,7.558,3136.4,4.53,236.0,0.73,46.8,0.731,5067.0,4.585,0.75
7377033,K00882.01,,FALSE POSITIVE,1.956811408,2.1958,24905.0,21.58,1109.0,357.16,125.4,1.091,5209.0,4.657,0.603
7434875,K00884.01,Kepler-247 c,CONFIRMED,9.439459486,2.8979,3036.1,4.16,686.0,52.32,175.2,0.049,5097.0,4.597,0.779
8349582,K00122.01,Kepler-95 b,CONFIRMED,11.523067458,3.8757,507.3,3.13,927.0,174.81,142.0,0.0,5644.0,4.162,1.411
7434875,K00884.02,Kepler-247 d,CONFIRMED,20.47748843,2.8364,1382.4,2.92,530.0,18.65,52.7,0.497,5097.0,4.597,0.779
7434875,K00884.03,Kepler-247 b,CONFIRMED,3.336123113,1.9616,516.3,1.74,970.0,209.79,41.6,0.252,5097.0,4.597,0.779
7455287,K00886.01,Kepler-54 b,CONFIRMED,8.01078456,2.312,1333.6,1.72,453.0,9.9,48.5,0.192,3713.0,4.779,0.47
7455287,K00886.02,Kepler-54 c,CONFIRMED,12.07134205,4.3224,759.2,1.29,395.0,5.74,31.0,0.014,3713.0,4.779,0.47
7455287,K00886.03,Kepler-54 d,CONFIRMED,20.99587872,2.6333,767.3,1.3,328.0,2.74,18.2,0.228,3713.0,4.779,0.47
7458762,K00887.01,Kepler-713 b,CONFIRMED,7.41113177,2.5242,620.5,2.45,905.0,158.11,50.4,0.712,5849.0,4.517,0.919
7552344,K00888.01,,FALSE POSITIVE,1.000747038,0.9967,1823.5,4.14,1620.0,1635.2,147.4,0.908,5472.0,4.499,0.79
757450,K00889.01,Kepler-75 b,CONFIRMED,8.884922995,2.07004,16053.4,10.51,770.0,83.21,388.2,0.069,5332.0,4.5,0.843
7585481,K00890.01,Kepler-714 b,CONFIRMED,8.09888906,4.20241,6911.1,8.95,986.0,223.19,435.9,0.018,6214.0,4.442,1.076
7663691,K00891.01,Kepler-715 b,CONFIRMED,10.00653012,5.344,936.1,3.52,876.0,139.21,71.9,0.862,6063.0,4.47,1.001
5812701,K00012.01,Kepler-448 b,CONFIRMED,17.855221681,7.41287,9065.2,13.16,911.0,163.04,915.7,0.075,6823.0,4.308,1.367
8039892,K00903.01,Kepler-719 b,CONFIRMED,5.007316661,4.2362,6932.3,6.96,998.0,234.28,431.4,0.344,5865.0,4.563,0.827
8150320,K00904.01,Kepler-55 d,CONFIRMED,2.211116989,1.6485,724.2,1.85,931.0,177.19,42.6,0.69,4500.0,4.656,0.646
8150320,K00904.02,Kepler-55 b,CONFIRMED,27.9541337,3.95,942.5,1.9,400.0,6.04,25.4,0.063,4500.0,4.656,0.646
11086270,K00124.01,Kepler-110 b,CONFIRMED,12.69104387,3.7727,252.1,2.57,1008.0,244.3,60.2,0.008,5869.0,4.024,1.626
7767559,K00895.01,,FALSE POSITIVE,4.409409243,3.8636,12861.0,10.95,1101.0,347.06,85.8,0.028,5600.0,4.368,0.975
7825899,K00896.01,Kepler-248 c,CONFIRMED,16.23947096,4.0374,2590.7,4.14,598.0,30.14,123.8,0.043,5191.0,4.564,0.837
7825899,K00896.02,Kepler-248 b,CONFIRMED,6.308201629,2.9785,1328.5,2.96,819.0,106.44,86.2,0.03,5191.0,4.564,0.837
7849854,K00897.01,Kepler-718 b,CONFIRMED,2.052349884,2.0778,14280.6,13.12,1497.0,1183.18,1072.1,0.437,5855.0,4.393,1.08
7870390,K00898.01,Kepler-83 b,CONFIRMED,9.7704486,2.4517,1897.8,2.23,460.0,10.59,58.0,0.09,3906.0,4.73,0.509
7870390,K00898.02,Kepler-83 d,CONFIRMED,5.169804269,2.153,1037.4,1.66,569.0,24.75,41.4,0.351,3906.0,4.73,0.509
5094751,K00123.02,Kepler-109 c,CONFIRMED,21.22261195,6.5093,366.0,2.48,771.0,83.56,114.9,0.02,5945.0,4.213,1.302
7870390,K00898.03,Kepler-83 c,CONFIRMED,20.09017037,4.154,1432.1,2.25,362.0,4.05,36.9,0.886,3906.0,4.73,0.509
7907423,K00899.01,Kepler-249 c,CONFIRMED,7.11373257,2.1764,807.6,1.16,429.0,8.01,44.4,0.334,3561.0,4.855,0.411
7907423,K00899.02,Kepler-249 b,CONFIRMED,3.306551643,1.8177,509.2,0.91,554.0,22.19,37.8,0.001,3561.0,4.855,0.411
7907423,K00899.03,Kepler-249 d,CONFIRMED,15.36845737,2.4714,756.1,1.11,332.0,2.86,30.9,0.115,3561.0,4.855,0.411
7938496,K00900.01,Kepler-1730 b,CONFIRMED,13.81020318,3.048,1309.7,4.56,833.0,113.75,46.2,0.791,5942.0,4.327,1.142
8490993,K00911.01,Kepler-722 b,CONFIRMED,4.093578461,2.5833,538.6,2.85,1182.0,461.07,36.4,0.93,6077.0,4.471,0.999
8490993,K00911.02,Kepler-722 c,CONFIRMED,105.145959,8.593,685.4,3.43,401.0,6.09,15.4,0.964,6077.0,4.471,0.999
8505670,K00912.01,Kepler-252 c,CONFIRMED,10.8484518,2.9993,1675.6,2.34,499.0,14.66,64.5,0.21,4201.0,4.682,0.591
8505670,K00912.02,Kepler-252 b,CONFIRMED,6.66833241,1.915,362.3,1.18,587.0,28.06,14.2,0.644,4201.0,4.682,0.591
8544996,K00913.01,Kepler-723 b,CONFIRMED,4.082274889,3.23015,17859.2,10.55,1016.0,251.48,1669.1,0.093,5655.0,4.581,0.794
8150320,K00904.03,Kepler-55 c,CONFIRMED,42.1406089,5.083,895.5,1.85,349.0,3.49,21.6,0.045,4500.0,4.656,0.646
8150320,K00904.04,Kepler-55 e,CONFIRMED,4.617490562,2.2618,575.8,1.62,728.0,66.47,28.1,0.649,4500.0,4.656,0.646
8150320,K00904.05,Kepler-55 f,CONFIRMED,10.19849255,2.4283,634.1,1.75,559.0,23.11,21.4,0.714,4500.0,4.656,0.646
8180063,K00905.01,,FALSE POSITIVE,5.795063956,3.2496,1692.9,4.33,950.0,192.74,119.4,0.949,5865.0,4.563,0.827
8226994,K00906.01,Kepler-250 c,CONFIRMED,7.15681552,2.5882,867.0,2.47,782.0,88.23,47.7,0.45,5029.0,4.494,0.838
8226994,K00906.02,Kepler-250 d,CONFIRMED,17.64830851,2.0873,763.3,2.43,579.0,26.49,23.8,0.653,5029.0,4.494,0.838
8226994,K00906.03,Kepler-250 b,CONFIRMED,4.14810719,2.535,175.2,1.08,938.0,182.76,12.9,0.093,5029.0,4.494,0.838
8247638,K00907.01,Kepler-251 c,CONFIRMED,16.51410989,4.1575,973.5,2.72,655.0,43.57,55.9,0.395,5527.0,4.488,0.866
8247638,K00907.02,Kepler-251 d,CONFIRMED,30.1329298,5.172,1015.8,3.14,536.0,19.55,44.8,0.839,5527.0,4.488,0.866
8247638,K00907.03,Kepler-251 b,CONFIRMED,4.79090809,2.603,251.3,1.36,990.0,227.24,21.2,0.11,5527.0,4.488,0.866
11086270,K00124.02,Kepler-110 c,CONFIRMED,31.71981013,4.819,363.4,3.09,743.0,71.97,63.1,0.125,5869.0,4.024,1.626
8247638,K00907.04,Kepler-251 e,CONFIRMED,99.6415962,4.448,952.5,2.64,360.0,3.97,22.7,0.028,5527.0,4.488,0.866
8255887,K00908.01,Kepler-720 b,CONFIRMED,4.708326451,3.16114,7912.7,10.6,1162.0,431.02,633.4,0.061,5560.0,4.246,1.21
8256049,K00909.01,,FALSE POSITIVE,16.37198661,3.8449,4147.6,540.37,438.0,8.71,54.5,9.303,4187.0,4.656,0.592
8414716,K00910.01,Kepler-721 b,CONFIRMED,5.392026903,2.9804,1151.4,2.68,850.0,123.33,77.4,0.314,5198.0,4.589,0.801
9141746,K00929.01,Kepler-730 b,CONFIRMED,6.491682808,4.301,7163.3,9.66,1062.0,301.54,502.3,0.535,6123.0,4.413,1.107
9159275,K00930.01,,FALSE POSITIVE,3.044770796,10.0134,1695.0,24.54,1076.0,317.36,203.5,1.252,5525.0,4.603,0.753
9166862,K00931.01,Kepler-731 b,CONFIRMED,3.855603916,3.2179,16652.7,13.61,1212.0,508.65,1173.9,0.348,6033.0,4.46,1.046
9166870,K00932.01,,FALSE POSITIVE,3.855599139,3.183,1030.9,3.57,1158.0,425.74,90.1,0.864,5936.0,4.501,0.965
11449844,K00125.01,Kepler-468 b,CONFIRMED,38.47876629,5.04169,23530.0,13.26,484.0,13.01,1077.8,0.003,5510.0,4.539,0.879
8605074,K00915.01,,FALSE POSITIVE,37.601661282,8.30604,59130.1,27.22,606.0,31.86,1667.3,0.408,6140.0,4.354,1.096
8628973,K00916.01,Kepler-724 b,CONFIRMED,3.314947362,1.8007,1398.2,3.94,1155.0,421.03,123.5,0.799,5609.0,4.481,0.944
8655354,K00917.01,,FALSE POSITIVE,6.71969089,3.0231,969.7,4.37,952.0,194.18,45.4,0.985,5931.0,4.479,0.866
8672910,K00918.01,Kepler-725 b,CONFIRMED,39.6431552,6.5292,15663.8,10.98,472.0,11.74,690.3,0.062,5231.0,4.455,0.9
8686150,K00919.01,,FALSE POSITIVE,51.42598578,16.9422,66067.7,29.66,549.0,21.4,1843.8,0.203,6257.0,4.41,1.147
8689031,K00920.01,Kepler-726 b,CONFIRMED,21.80451611,3.4097,1144.9,2.6,543.0,20.48,49.9,0.751,5481.0,4.629,0.708
8689373,K00921.01,Kepler-253 c,CONFIRMED,10.28194593,3.4366,1110.7,2.53,680.0,50.6,55.0,0.168,5196.0,4.593,0.775
8689373,K00921.02,Kepler-253 d,CONFIRMED,18.11993039,4.2309,1506.9,2.95,563.0,23.77,60.7,0.206,5196.0,4.593,0.775
8689373,K00921.03,Kepler-253 b,CONFIRMED,3.78402867,1.9012,426.1,1.7,949.0,191.78,25.6,0.691,5196.0,4.593,0.775
8826878,K00922.01,Kepler-727 b,CONFIRMED,5.15448142,3.228,697.5,2.94,964.0,204.1,48.1,0.933,5431.0,4.457,0.884
5897826,K00126.01,Kepler-469 b,FALSE POSITIVE,33.80364366,11.4813,13494.4,20.7,745.0,72.71,529.9,0.023,5855.0,3.999,1.796
8883593,K00923.01,Kepler-728 b,CONFIRMED,5.743469797,3.4412,1240.2,3.13,982.0,219.95,79.7,0.001,5897.0,4.531,0.891
9016295,K00925.01,,FALSE POSITIVE,19.974485239,4.23479,40293.1,26.56,700.0,56.84,1398.8,0.886,6108.0,4.471,0.997
9077124,K00926.01,Kepler-729 b,CONFIRMED,3.166353562,3.3129,1473.4,3.82,1273.0,621.92,128.3,0.032,6007.0,4.47,0.998
9097120,K00927.01,,FALSE POSITIVE,23.899634407,3.81881,20953.1,44.04,652.0,42.8,547.8,1.245,6192.0,4.503,0.924
9466668,K00939.01,Kepler-256 c,CONFIRMED,3.388012244,2.6849,280.1,2.11,1315.0,705.93,30.6,0.433,5553.0,4.221,1.25
9466668,K00939.02,Kepler-256 d,CONFIRMED,5.83909761,3.1915,273.6,2.06,1097.0,341.48,25.2,0.341,5553.0,4.221,1.25
9466668,K00939.03,Kepler-256 b,CONFIRMED,1.620467654,2.1888,159.6,1.57,1681.0,1893.42,22.7,0.271,5553.0,4.221,1.25
9466668,K00939.04,Kepler-256 e,CONFIRMED,10.6816951,3.605,307.8,2.3,897.0,152.75,21.9,0.646,5553.0,4.221,1.25
9479273,K00940.01,Kepler-734 b,CONFIRMED,6.104849417,4.6912,2090.3,3.18,784.0,89.25,293.7,0.041,5085.0,4.584,0.712
8359498,K00127.01,Kepler-77 b,CONFIRMED,3.578780566,2.91089,11382.2,10.43,1145.0,406.6,1838.4,0.079,5524.0,4.421,0.994
9171801,K00933.01,,FALSE POSITIVE,3.187067566,3.119,1037.4,23.88,1079.0,319.76,37.2,1.234,5450.0,4.552,0.811
9334289,K00934.01,Kepler-254 b,CONFIRMED,5.826657508,2.9183,1539.1,4.09,1013.0,248.57,81.1,0.033,5561.0,4.362,1.06
9334289,K00934.02,Kepler-254 c,CONFIRMED,12.41216347,3.739,611.3,2.58,787.0,90.65,25.6,0.021,5561.0,4.362,1.06
9334289,K00934.03,Kepler-254 d,CONFIRMED,18.74649011,3.895,796.8,3.05,686.0,52.38,26.7,0.508,5561.0,4.362,1.06
9347899,K00935.01,Kepler-31 b,CONFIRMED,20.86021229,5.1937,1910.5,5.5,781.0,87.76,117.0,0.066,6035.0,4.22,1.257
9347899,K00935.02,Kepler-31 c,CONFIRMED,42.63427848,6.1998,1719.3,5.22,615.0,33.82,78.7,0.142,6035.0,4.22,1.257
9347899,K00935.03,Kepler-31 d,CONFIRMED,87.6476068,8.871,1009.6,4.0,484.0,12.94,37.5,0.147,6035.0,4.22,1.257
9388479,K00936.01,Kepler-732 b,CONFIRMED,9.467821474,2.4327,2237.0,2.13,407.0,6.47,124.7,0.081,3582.0,4.807,0.458
9388479,K00936.02,Kepler-732 c,CONFIRMED,0.893040969,1.0981,741.7,1.24,893.0,151.14,87.8,0.009,3582.0,4.807,0.458
11359879,K00128.01,Kepler-15 b,CONFIRMED,4.942783419,3.25346,11144.7,10.62,1008.0,244.42,2040.7,0.566,5514.0,4.459,0.978
9406990,K00937.01,Kepler-733 b,CONFIRMED,20.83426731,4.0454,988.4,2.74,595.0,29.62,45.1,0.256,5537.0,4.549,0.88
9415172,K00938.01,Kepler-255 c,CONFIRMED,9.94602357,3.3862,994.5,3.12,807.0,100.34,51.0,0.035,5344.0,4.365,1.013
9415172,K00938.02,Kepler-255 d,CONFIRMED,1.04562195,1.8955,213.0,1.45,1710.0,2031.84,25.3,0.037,5344.0,4.365,1.013
9415172,K00938.03,Kepler-255 b,CONFIRMED,5.71462396,2.336,297.8,1.78,971.0,210.16,16.7,0.503,5344.0,4.365,1.013
9904059,K00145.01,,FALSE POSITIVE,102.9641952,15.735,1896.7,39.0,797.0,95.4,86.1,0.922,5047.0,3.066,7.119
3231341,K01102.02,Kepler-24 b,CONFIRMED,8.14515981,5.073,446.8,3.43,1050.0,287.91,32.2,0.965,5896.0,4.197,1.24
3231341,K01102.03,Kepler-24 e,CONFIRMED,18.9985279,4.529,430.7,43.17,792.0,93.03,16.9,1.3,5896.0,4.197,1.24
3231341,K01102.04,Kepler-24 d,CONFIRMED,4.24439049,3.282,174.0,2.07,1305.0,686.99,15.1,0.949,5896.0,4.197,1.24
7626506,K00150.02,Kepler-112 c,CONFIRMED,28.5742692,4.9427,824.9,2.32,538.0,19.83,97.1,0.068,5551.0,4.508,0.812
10482160,K01170.01,Kepler-1739 b,CONFIRMED,7.34373964,1.1784,574.4,1.84,839.0,117.5,32.2,0.185,5757.0,4.597,0.762
10485069,K01171.01,,FALSE POSITIVE,0.445277068,3.539,186.7,35.74,2562.0,10177.11,28.9,1.2962,6167.0,4.444,1.064
3233043,K00966.01,,FALSE POSITIVE,0.379463865,0.86896,1973.3,59.56,3000.0,19256.81,458.6,1.246,5075.0,3.892,1.783
6579806,K00967.01,,FALSE POSITIVE,9.88047978,2.78458,18541.0,23.6,860.0,129.45,534.5,1.02,6113.0,4.512,0.917
3560301,K00968.01,,FALSE POSITIVE,4.6484156,38.1939,128.4,5.06,2259.0,6152.88,91.7,0.968,6980.0,3.577,3.482
4044005,K00969.01,,FALSE POSITIVE,17.512014768,1.8248,4511.7,13.66,804.0,98.77,322.3,0.994,6224.0,4.33,1.132
5802246,K01044.01,,FALSE POSITIVE,0.525154153,2.1441,747.5,23.61,2073.0,4391.51,116.1,1.226,5582.0,4.497,0.846
6066403,K01045.01,,FALSE POSITIVE,1.303861044,4.0541,598.2,27.85,1610.0,1595.19,140.6,1.258,5758.0,4.475,0.902
5988031,K01047.01,,FALSE POSITIVE,2.55549176,9.083,113.8,23.35,1312.0,701.68,24.3,1.228,5948.0,4.508,0.901
7684873,K00014.01,,FALSE POSITIVE,2.947376671,2.0911,433.2,403.59,2404.0,7903.84,62.3,2.641,8090.0,4.002,2.234
8559644,K00139.01,Kepler-111 c,CONFIRMED,224.7789355,11.1899,3487.5,7.67,333.0,2.92,235.7,0.652,5873.0,4.293,1.235
2851100,K01104.01,,FALSE POSITIVE,0.890110752,0.8774,321.5,1.25,1372.0,838.42,19.6,0.216,4768.0,4.628,0.711
3130300,K01105.01,,FALSE POSITIVE,5.76573396,2.924,248.0,7.47,1964.0,3518.78,22.2,0.708,5772.0,3.364,4.434
3240158,K01106.01,Kepler-769 b,CONFIRMED,7.42608123,3.6379,443.3,2.47,1037.0,273.78,37.5,0.097,6049.0,4.353,1.176
3240158,K01106.02,Kepler-769 c,CONFIRMED,15.9868932,4.158,178.5,1.62,803.0,98.51,10.9,0.533,6049.0,4.353,1.176
3228959,K01107.01,,FALSE POSITIVE,0.73094589,4.32,250.2,17.12,1922.0,3248.17,37.5,1.169,5901.0,4.553,0.848
3218908,K01108.01,Kepler-770 b,CONFIRMED,18.92537246,3.9835,640.9,13.92,1171.0,443.58,41.0,0.806,4941.0,3.317,4.885
10341913,K01172.01,,FALSE POSITIVE,0.933749106,4.256,186.2,3.22,2863.0,15822.49,136.3,0.736,6215.0,3.849,2.188
10480921,K01173.01,,FALSE POSITIVE,2.037440623,3.442,118.6,1.19,1572.0,1448.05,27.0,0.715,6253.0,4.415,1.015
10350571,K01175.01,Kepler-784 b,CONFIRMED,31.5925809,13.566,145.1,1.78,688.0,53.09,25.5,0.283,5676.0,4.1,1.487
10350571,K01175.02,Kepler-784 c,CONFIRMED,17.157236,11.284,110.4,1.55,844.0,119.87,23.6,0.238,5676.0,4.1,1.487
3749365,K01176.01,Kepler-785 b,CONFIRMED,1.97376085,1.82542,30222.4,8.78,753.0,76.1,1252.5,0.337,3807.0,4.762,0.503
11013201,K00972.01,,CONFIRMED,13.118962443,4.3045,372.2,8.25,1768.0,2310.43,267.4,0.042,7221.0,3.488,4.24
11673674,K00133.01,,FALSE POSITIVE,4.618767792,5.9957,4399.1,7.48,1170.0,442.78,270.1,0.766,6013.0,4.381,1.033
3632418,K00975.01,Kepler-21 b,CONFIRMED,2.785821236,3.5599,68.9,1.69,1784.0,2388.98,53.6,0.893,6202.0,4.026,1.733
3441784,K00976.01,,FALSE POSITIVE,52.56901867,6.7507,26900.0,78.54,737.0,69.62,184.3,1.197,7240.0,4.178,1.717
5820218,K01048.01,,FALSE POSITIVE,3.411758679,3.158,570.6,14.71,684.0,51.85,35.6,1.213,3995.0,4.71,0.561
5876368,K01049.01,,FALSE POSITIVE,0.525426427,1.0801,324.6,1.45,2069.0,4349.62,63.6,0.113,5791.0,4.575,0.802
5809890,K01050.01,Kepler-755 b,CONFIRMED,1.269091415,1.4647,340.9,1.41,1331.0,740.47,73.5,0.412,5041.0,4.576,0.766
5809890,K01050.02,Kepler-755 c,CONFIRMED,2.853133997,1.465,277.1,1.36,1016.0,251.77,39.7,0.698,5041.0,4.576,0.766
6131236,K01051.01,Kepler-1734 b,CONFIRMED,6.79685353,3.1702,393.1,2.01,985.0,222.91,29.8,0.62,6061.0,4.486,0.97
9048161,K00146.01,,FALSE POSITIVE,8.667822346,4.9658,2121.9,67.37,1303.0,681.39,187.6,1.276,6266.0,3.923,1.889
3218908,K01108.02,Kepler-770 c,CONFIRMED,1.475323222,2.3155,154.9,5.88,2740.0,13331.51,27.2,0.136,4941.0,3.317,4.885
3218908,K01108.03,Kepler-770 d,CONFIRMED,4.15246118,2.5755,223.4,7.62,1941.0,3354.56,24.5,0.639,4941.0,3.317,4.885
2837111,K01110.01,Kepler-771 b,CONFIRMED,8.7348852,4.49,270.7,1.59,890.0,148.62,24.8,0.314,5982.0,4.493,0.96
3120276,K01111.01,,FALSE POSITIVE,10.26547688,3.733,399.6,1.81,770.0,83.13,20.1,0.69,5699.0,4.553,0.853
3547091,K01177.01,,FALSE POSITIVE,3.305577989,2.5903,17971.0,25.89,1027.0,263.55,39.6,1.145,5534.0,4.629,0.707
3869825,K01178.01,,FALSE POSITIVE,4.800653901,9.0419,15304.4,16.91,1347.0,778.45,298.0,0.785,6715.0,4.347,1.241
3655332,K01179.01,,FALSE POSITIVE,15.06649901,5.9885,36348.0,56.44,932.0,177.96,154.6,1.018,5751.0,4.028,1.626
4042026,K01180.01,,FALSE POSITIVE,34.82008158,11.1711,18847.8,11.36,459.0,10.49,882.6,0.663,5114.0,4.522,0.784
3344419,K01181.01,,FALSE POSITIVE,0.651784374,2.0141,2779.3,33.65,2090.0,4500.59,195.2,1.224,5555.0,4.375,1.061
11192141,K00977.01,,FALSE POSITIVE,1.353771892,7.012,1349.1,430.99,4903.0,136609.48,76.7,1.203,4283.0,2.012,15.76
11494130,K00978.01,,FALSE POSITIVE,18.95491633,24.249,867.5,71.39,1139.0,397.48,249.3,1.228,6362.0,3.761,2.534
5648449,K00979.01,,FALSE POSITIVE,4.348866254,3.2797,625.6,2436.69,6421.0,401588.95,56.3,1.187,3598.0,0.65,101.451
12167361,K00980.01,,FALSE POSITIVE,47.93094546,2.6897,2144.4,68.02,905.0,158.41,221.1,1.272,8214.0,4.104,1.938
8607720,K00981.01,,FALSE POSITIVE,3.99751422,3.686,32.8,2.98,2203.0,5563.95,6.1,0.0303,5066.0,3.122,5.324
1433962,K00982.01,,FALSE POSITIVE,1.592633181,5.5605,633.1,1.56,1053.0,290.51,66.9,0.003,4506.0,4.626,0.651
9032900,K00134.01,,CONFIRMED,67.5923754,12.249,4158.1,12.1,588.0,28.2,60.9,0.728,6038.0,4.082,1.744
5956342,K01052.01,Kepler-265 c,CONFIRMED,17.02902786,4.645,568.9,2.54,755.0,76.66,29.8,0.202,5839.0,4.327,1.067
5956342,K01052.02,Kepler-265 b,CONFIRMED,6.84619236,3.529,246.8,1.67,1022.0,258.41,17.7,0.077,5839.0,4.327,1.067
5956342,K01052.03,Kepler-265 e,CONFIRMED,67.8321638,7.358,507.8,2.39,476.0,12.14,15.5,0.027,5839.0,4.327,1.067
5956342,K01052.04,Kepler-265 d,CONFIRMED,43.1312147,3.198,447.8,2.39,554.0,22.21,11.8,0.67,5839.0,4.327,1.067
5956656,K01053.01,Kepler-756 b,CONFIRMED,1.224866441,1.7086,196.0,1.54,1741.0,2174.33,21.1,0.286,5553.0,4.32,1.107
3109930,K01112.01,Kepler-1736 b,CONFIRMED,37.8102649,8.733,570.3,2.33,566.0,24.27,35.2,0.061,6085.0,4.451,0.973
2854914,K01113.01,Kepler-268 b,CONFIRMED,25.93406406,4.6142,414.5,2.48,695.0,55.1,42.2,0.014,5952.0,4.287,1.225
2854914,K01113.02,Kepler-268 c,CONFIRMED,83.4463485,6.536,503.0,2.73,471.0,11.59,36.1,0.058,5952.0,4.287,1.225
3337425,K01114.01,,FALSE POSITIVE,7.04710032,2.926,400.9,25.2,986.0,223.84,24.0,1.195,5766.0,4.363,1.068
3116412,K01115.01,Kepler-772 b,CONFIRMED,12.99204853,6.0175,270.6,2.03,866.0,132.94,38.7,0.091,5765.0,4.236,1.242
3865567,K01182.01,,FALSE POSITIVE,11.11620211,4.211,4843.9,8.96,853.0,125.21,115.3,0.937,6122.0,4.471,0.996
3544689,K01183.01,,FALSE POSITIVE,1.922861499,3.5734,1916.2,5.09,1392.0,884.12,103.4,0.943,5778.0,4.531,0.911
4037164,K01184.01,,FALSE POSITIVE,0.635445336,1.8592,2547.4,19.0,1177.0,451.42,182.2,1.253,3920.0,4.7,0.55
3443790,K01185.01,,FALSE POSITIVE,1.665784138,1.8946,2006.2,97.27,2636.0,11424.49,148.0,1.27,6261.0,3.686,2.789
3966912,K01186.01,,FALSE POSITIVE,55.6639167,23.546,3414.4,34.14,434.0,8.38,103.4,1.298,5587.0,4.528,0.853
8394721,K00152.01,Kepler-79 d,CONFIRMED,52.09081627,8.6388,2894.1,7.14,592.0,29.07,243.5,0.065,6198.0,4.237,1.324
11607193,K00983.01,,FALSE POSITIVE,7.1548608,7.694,780.4,7.41,1482.0,1141.57,24.2,0.9848,7443.0,4.166,1.739
1161345,K00984.01,Kepler-1973 b,CONFIRMED,4.28746668,1.5693,790.1,2.29,942.0,186.31,19.4,0.374,5296.0,4.576,0.815
10227501,K00985.01,,FALSE POSITIVE,2.002779769,2.231,260.5,1.42,1311.0,696.4,22.2,0.242,5346.0,4.44,0.892
2854698,K00986.01,Kepler-260 b,CONFIRMED,8.18739443,3.0472,517.6,1.92,782.0,88.36,38.4,0.377,5251.0,4.494,0.849
2854698,K00986.02,Kepler-260 c,CONFIRMED,76.0498163,7.158,445.9,1.75,372.0,4.53,17.4,0.015,5251.0,4.494,0.849
8559644,K00139.02,Kepler-111 b,CONFIRMED,3.341799486,2.9254,178.2,1.67,1356.0,798.41,48.8,0.426,5873.0,4.293,1.235
6032981,K01054.01,,FALSE POSITIVE,3.3226948,3.568,78.7,15.33,3859.0,52428.3,8.6,0.4722,5234.0,2.41,16.959
5866099,K01055.01,,FALSE POSITIVE,36.97708808,4.737,1269.9,38.6,602.0,31.08,59.2,1.246,5589.0,4.193,1.239
5964985,K01056.01,,FALSE POSITIVE,1.851409163,10.232,232.5,20.42,2154.0,5090.14,54.4,1.1117,7117.0,4.176,1.469
6066416,K01057.01,,FALSE POSITIVE,1.303859704,2.8239,36.7,0.98,2393.0,7759.2,34.7,0.674,6802.0,4.103,1.521
1996679,K00147.01,,FALSE POSITIVE,145.5624926,5.4126,2931.6,40.15,387.0,5.33,58.1,1.274,6148.0,4.346,1.095
2849805,K01116.01,Kepler-773 b,CONFIRMED,3.749105745,1.9826,182.6,1.68,1160.0,428.25,38.0,0.942,5751.0,4.447,0.983
3114811,K01117.01,Kepler-774 b,CONFIRMED,11.08956602,6.2877,148.1,3.51,1422.0,965.62,38.9,0.02,6353.0,3.698,2.867
3003992,K01119.01,,FALSE POSITIVE,7.24476126,2.3145,58.0,0.65,837.0,116.02,27.2,0.04,5370.0,4.494,0.874
3554031,K01194.01,Kepler-415 c,CONFIRMED,8.70798309,2.4904,1419.6,2.01,543.0,20.59,28.1,0.063,4362.0,4.722,0.554
3554031,K01194.03,Kepler-415 b,CONFIRMED,4.17634276,2.335,531.5,1.23,694.0,54.8,14.9,0.142,4362.0,4.722,0.554
8394721,K00152.02,Kepler-79 c,CONFIRMED,27.40229859,6.8491,747.5,3.63,734.0,68.46,79.3,0.022,6198.0,4.237,1.324
7295235,K00987.01,Kepler-743 b,CONFIRMED,3.179267286,1.0246,200.9,1.21,1101.0,347.01,41.0,0.171,5511.0,4.554,0.857
2302548,K00988.01,Kepler-261 b,CONFIRMED,10.38122447,2.715,801.5,2.18,672.0,48.37,41.9,0.319,5095.0,4.566,0.78
2302548,K00988.02,Kepler-261 c,CONFIRMED,24.5709023,3.587,764.2,2.82,505.0,15.33,26.3,0.945,5095.0,4.566,0.78
10743597,K00989.01,,FALSE POSITIVE,81.221876,4.1135,9883.0,16.59,385.0,5.2,63.0,1.01,5619.0,4.536,0.874
10743597,K00989.02,,FALSE POSITIVE,0.817026268,2.0799,1145.5,2.92,1784.0,2386.13,121.1,0.01,5619.0,4.536,0.874
9818381,K00135.01,Kepler-43 b,CONFIRMED,3.024092505,2.8021,7765.0,12.14,1489.0,1162.54,1225.3,0.424,6063.0,4.261,1.358
6124941,K01058.01,,FALSE POSITIVE,5.670155713,0.9361,536.7,5.85,341.0,3.21,37.3,1.267,3337.0,5.126,0.183
6060203,K01059.01,Kepler-757 b,CONFIRMED,1.022678654,1.3712,129.2,1.14,1734.0,2138.47,21.6,0.019,5366.0,4.363,1.02
5880320,K01060.01,Kepler-758 b,CONFIRMED,12.10968709,6.3461,284.7,2.98,1005.0,240.8,33.4,0.924,6021.0,4.093,1.458
5880320,K01060.02,Kepler-758 c,CONFIRMED,4.75796103,4.66,124.5,1.7,1372.0,835.65,20.9,0.621,6021.0,4.093,1.458
5880320,K01060.03,Kepler-758 d,CONFIRMED,20.4972755,8.536,242.9,2.96,843.0,119.42,22.8,0.966,6021.0,4.093,1.458
3003992,K01119.02,,FALSE POSITIVE,13.55480534,2.288,48.3,0.62,679.0,50.41,16.5,0.497,5370.0,4.494,0.874
6307537,K01120.01,,FALSE POSITIVE,29.74454668,23.2842,66894.0,20.06,455.0,10.1,765.0,0.337,4889.0,4.569,0.788
6359798,K01121.01,,FALSE POSITIVE,14.15402428,4.47001,61625.1,53.25,777.0,86.13,930.3,1.1,5850.0,4.404,1.037
6311681,K01122.01,,FALSE POSITIVE,0.844786082,3.5289,2468.5,35.27,1864.0,2846.03,245.6,1.297,5705.0,4.452,0.915
6365321,K01123.01,,FALSE POSITIVE,0.848483947,1.4451,1907.4,32.11,1908.0,3117.82,185.0,1.264,5941.0,4.504,0.936
6301035,K01124.01,,FALSE POSITIVE,11.99097576,5.7401,2124.3,37.47,880.0,141.63,102.8,1.269,6110.0,4.352,1.072
3859079,K01199.01,Kepler-786 b,CONFIRMED,53.5292702,5.668,1086.1,2.28,348.0,3.48,34.5,0.346,4736.0,4.624,0.708
3557493,K01200.01,,FALSE POSITIVE,0.393726813,2.95,564.6,24.17,2705.0,12661.53,64.8,1.1898,6277.0,4.449,1.031
4061149,K01201.01,Kepler-1741 b,CONFIRMED,2.757584622,0.9267,563.1,1.01,615.0,33.79,19.6,0.093,3683.0,4.84,0.424
3444588,K01202.01,Kepler-787 b,CONFIRMED,0.928310036,1.1899,376.2,1.16,1115.0,365.72,22.6,0.181,4109.0,4.672,0.602
8394721,K00152.03,Kepler-79 b,CONFIRMED,13.48457668,5.0197,653.5,3.39,929.0,176.29,80.8,0.011,6198.0,4.237,1.324
3962243,K01203.01,Kepler-276 c,CONFIRMED,31.8841473,6.122,910.0,3.7,563.0,23.82,25.3,0.938,5779.0,4.477,0.974
10015516,K00990.01,,FALSE POSITIVE,67.69213907,51.349,25457.2,175.98,1173.0,448.21,1328.2,0.5581,5355.0,2.754,10.703
10154388,K00991.01,Kepler-744 b,CONFIRMED,12.06222962,2.0584,300.2,1.62,750.0,74.8,32.4,0.392,5547.0,4.451,0.933
1432789,K00992.01,Kepler-745 b,CONFIRMED,9.93146307,5.678,398.6,2.41,931.0,177.83,26.2,0.037,5782.0,4.28,1.22
1718189,K00993.01,Kepler-262 c,CONFIRMED,21.85362905,3.439,355.6,1.75,618.0,34.57,23.0,0.676,5830.0,4.54,0.876
5880320,K01060.04,Kepler-758 e,CONFIRMED,8.19345065,5.234,115.4,1.74,1144.0,405.75,15.7,0.815,6021.0,4.093,1.458
5130369,K00140.01,,FALSE POSITIVE,19.97867,10.168,944.3,6.85,1351.0,788.02,86.2,0.923,9651.0,4.229,1.895
6037187,K01061.01,Kepler-759 b,CONFIRMED,41.8059544,6.057,434.4,2.02,533.0,19.02,28.3,0.029,5907.0,4.445,0.973
6147122,K01062.01,,FALSE POSITIVE,15.45158184,2.406,85.3,2.02,1285.0,643.83,21.0,0.636,7839.0,4.08,2.069
8257407,K01063.01,,FALSE POSITIVE,89.698168533,5.5418,273106.0,102.08,554.0,22.33,3420.3,0.684,6214.0,4.021,1.583
8218274,K01064.01,,FALSE POSITIVE,1.187352427,4.999,20703.0,67.35,2251.0,6067.3,717.4,1.222,6424.0,4.186,1.489
3964562,K00015.01,,FALSE POSITIVE,3.012476582,3.1424,1138.5,65.25,2371.0,7471.65,253.4,1.261,8601.0,4.137,2.031
5735762,K00148.01,Kepler-48 b,CONFIRMED,4.77800306,2.7361,473.0,1.85,932.0,177.79,115.4,0.02,5192.0,4.489,0.873
6292162,K01125.01,,FALSE POSITIVE,7.814839231,3.0122,2010.3,5.33,903.0,156.74,100.0,0.945,5887.0,4.499,0.931
6307521,K01126.01,,FALSE POSITIVE,29.7452499,22.695,778.9,3.6,557.0,22.74,55.9,0.941,5334.0,4.372,1.004
6359320,K01127.01,Kepler-269 b,CONFIRMED,5.32667299,3.4045,611.4,2.26,1007.0,242.97,34.1,0.043,5831.0,4.517,0.921
3848972,K01187.01,,FALSE POSITIVE,0.741057213,1.05299,1996.3,26.67,1730.0,2128.29,251.9,1.26,5496.0,4.592,0.776
3860441,K01188.01,,FALSE POSITIVE,2.988085455,3.68,802.8,21.81,1101.0,348.05,48.2,1.216,5497.0,4.577,0.809
3765771,K01189.01,,FALSE POSITIVE,2.783883492,2.4546,903.9,67.17,1934.0,3304.55,86.1,1.255,6028.0,3.835,2.147
3557341,K01190.01,,FALSE POSITIVE,0.393727296,3.02,903.5,23.05,2216.0,5746.51,82.4,1.228,5628.0,4.575,0.808
3859628,K01191.01,Kepler-1740 b,CONFIRMED,8.17242644,3.902,864.3,3.29,858.0,127.95,37.0,0.926,5705.0,4.499,0.905
1718189,K00993.02,Kepler-262 b,CONFIRMED,13.0607936,3.215,236.6,1.45,734.0,68.66,19.4,0.718,5830.0,4.54,0.876
3858949,K00995.01,,FALSE POSITIVE,25.9518461,14.581,1058.5,22.32,521.0,17.37,65.8,1.22,5372.0,4.584,0.796
3858824,K00996.01,,FALSE POSITIVE,25.9518536,14.755,2017.9,24.6,494.0,14.09,79.4,1.25,5198.0,4.604,0.742
2157247,K00997.01,,FALSE POSITIVE,5.68628739,17.573,5559.7,4.5,1059.0,297.81,414.4,0.8548,6052.0,4.442,0.956
7601633,K00136.01,,FALSE POSITIVE,15.663886949,2.4775,5144.4,27.36,1060.0,298.77,175.9,0.985,5996.0,3.901,2.221
8242681,K01065.01,,FALSE POSITIVE,4.020628573,4.4085,20901.0,16.94,1232.0,543.92,282.6,0.827,6210.0,4.45,1.033
8246781,K01067.01,,FALSE POSITIVE,185.02288222,4.87326,43546.7,49.82,379.0,4.89,938.2,1.004,6025.0,4.237,1.367
8264070,K01068.01,,FALSE POSITIVE,2.897432135,3.1793,1223.7,14.35,2170.0,5240.0,73.9,0.967,5970.0,3.619,2.994
8222813,K01069.01,Kepler-760 b,CONFIRMED,8.70420525,2.9385,1074.9,2.86,748.0,74.13,74.0,0.5,5074.0,4.474,0.863
6359320,K01127.02,Kepler-269 c,CONFIRMED,8.1280933,3.727,224.1,1.39,875.0,138.51,10.7,0.357,5831.0,4.517,0.921
6362874,K01128.01,Kepler-775 b,CONFIRMED,0.974868896,1.6191,197.6,1.16,1612.0,1605.87,82.6,0.12,5487.0,4.563,0.832
6272413,K01129.01,Kepler-776 b,CONFIRMED,4.89721006,1.812,274.4,1.48,904.0,157.93,16.9,0.66,5093.0,4.483,0.847
8279765,K01130.01,,FALSE POSITIVE,2.757794163,2.7644,39043.0,20.05,1231.0,542.43,349.2,0.8,5747.0,4.514,0.891
8330548,K01132.01,,FALSE POSITIVE,1.914158508,3.2917,7829.2,13.63,1646.0,1730.47,124.6,0.942,6289.0,4.407,1.118
3348082,K01196.01,,FALSE POSITIVE,3.98216698,2.396,381.3,3.32,1374.0,842.48,27.1,0.775,5570.0,4.066,1.548
3853673,K01197.01,,FALSE POSITIVE,0.643794198,1.5662,456.7,19.51,2011.0,3852.91,53.7,1.193,5958.0,4.561,0.83
3447722,K01198.01,Kepler-275 c,CONFIRMED,16.08832318,5.731,597.8,3.42,875.0,138.64,31.3,0.648,6157.0,4.224,1.33
3447722,K01198.02,Kepler-275 b,CONFIRMED,10.30067919,4.885,271.8,2.2,1015.0,251.55,16.4,0.004,6157.0,4.224,1.33
3447722,K01198.03,Kepler-275 d,CONFIRMED,35.6757453,7.381,471.2,3.02,671.0,47.96,18.5,0.61,6157.0,4.224,1.33
1432214,K00998.01,,FALSE POSITIVE,161.78832712,5.31,87750.0,36.14,375.0,4.68,704.5,0.267,6018.0,4.327,1.212
2165002,K00999.01,Kepler-263 b,CONFIRMED,16.56806842,4.2647,1331.4,2.54,548.0,21.27,41.9,0.164,4987.0,4.602,0.716
2165002,K00999.02,Kepler-263 c,CONFIRMED,47.3329299,2.708,931.5,2.18,386.0,5.25,14.0,0.43,4987.0,4.602,0.716
2441728,K01000.01,,FALSE POSITIVE,0.856895349,1.3078,82.2,0.82,1881.0,2960.82,33.1,0.554,6021.0,4.537,0.873
1871056,K01001.01,Kepler-264 b,CONFIRMED,40.8065333,13.135,313.9,3.71,772.0,83.75,54.8,0.016,6207.0,3.963,2.097
8222813,K01069.02,Kepler-760 c,CONFIRMED,2.46697039,1.6345,308.7,1.56,1139.0,398.42,29.5,0.574,5074.0,4.474,0.863
8240904,K01070.01,Kepler-266 b,CONFIRMED,6.61836309,3.6813,549.1,2.98,1066.0,304.65,31.5,0.043,5529.0,4.19,1.294
8240904,K01070.02,Kepler-266 c,CONFIRMED,107.7214092,8.042,1396.2,4.75,421.0,7.39,30.5,0.003,5529.0,4.19,1.294
8374494,K01133.01,,FALSE POSITIVE,5.251916208,4.9095,10624.3,37.15,952.0,194.17,146.3,1.256,5542.0,4.52,0.872
5735762,K00148.02,Kepler-48 c,CONFIRMED,9.673958488,3.2641,952.7,2.63,736.0,69.42,178.0,0.194,5192.0,4.489,0.873
8414907,K01134.01,,FALSE POSITIVE,100.3039228,8.702,5450.0,29.55,313.0,2.26,63.2,1.256,5055.0,4.566,0.772
8397446,K01135.01,,FALSE POSITIVE,0.986620248,3.9722,1345.8,43.98,2308.0,6719.67,117.7,1.252,6243.0,4.176,1.385
3962243,K01203.02,Kepler-276 b,CONFIRMED,14.12847677,3.685,628.7,2.73,739.0,70.5,23.0,0.811,5779.0,4.477,0.974
3962243,K01203.03,Kepler-276 d,CONFIRMED,48.6478543,5.464,641.8,4.14,489.0,13.57,12.2,0.988,5779.0,4.477,0.974
3438507,K01204.01,Kepler-788 b,CONFIRMED,8.39842977,6.344,340.1,2.0,984.0,221.66,28.0,0.573,6309.0,4.441,1.044
3869014,K01205.01,Kepler-789 b,CONFIRMED,8.63847391,5.4566,395.9,5.99,1419.0,958.35,38.6,0.049,5684.0,3.657,3.046
1871056,K01001.02,Kepler-264 c,CONFIRMED,140.10765,18.503,266.8,3.42,511.0,16.17,29.0,0.019,6207.0,3.963,2.097
1865042,K01002.01,Kepler-746 b,CONFIRMED,3.4815917,1.8069,135.2,1.17,1156.0,421.61,23.4,0.076,5405.0,4.374,1.022
2438502,K01003.01,,FALSE POSITIVE,8.360616221,7.5385,28066.3,40.35,1263.0,601.6,425.6,0.21,5463.0,3.79,2.445
2309585,K01004.01,,FALSE POSITIVE,1.838514968,2.7391,2721.7,4.86,1426.0,974.1,63.7,0.045,5751.0,4.508,0.94
5780460,K01005.01,Kepler-747 b,CONFIRMED,35.61760233,8.4559,4634.9,5.17,456.0,10.19,155.0,0.009,5123.0,4.523,0.779
8244190,K01071.01,,FALSE POSITIVE,1.09206833,1.8596,219.2,1.29,1611.0,1588.89,45.5,0.469,5639.0,4.551,0.859
8229696,K01072.01,Kepler-761 b,CONFIRMED,10.12805158,3.517,477.4,1.95,767.0,81.77,38.0,0.753,5676.0,4.548,0.82
8262210,K01073.01,,FALSE POSITIVE,1.613001111,2.394,104.1,1.25,1680.0,1878.1,19.3,0.448,5580.0,4.223,1.205
10272640,K01074.01,Kepler-762 b,CONFIRMED,3.770551475,3.8077,12440.0,12.05,1302.0,679.75,100.8,0.053,6322.0,4.426,1.075
10232123,K01075.01,,FALSE POSITIVE,1.343767797,1.9405,4702.6,18.66,2654.0,11675.38,269.8,0.891,6324.0,3.8,2.312
10223616,K01076.01,,FALSE POSITIVE,29.12436474,3.4209,6496.0,15.25,356.0,3.81,63.4,1.181,4457.0,4.767,0.481
8415745,K01138.01,,FALSE POSITIVE,31.82814583,2.917,4456.8,35.8,564.0,23.97,78.7,1.276,5908.0,4.507,0.92
8378634,K01139.01,,FALSE POSITIVE,3.629442796,5.63,426.6,3.28,1434.0,1001.35,76.4,0.97,6506.0,4.336,1.217
8397675,K01140.01,,FALSE POSITIVE,0.553261874,0.8875,1038.1,97.36,3689.0,43709.08,202.2,1.246,5679.0,3.565,3.142
8346392,K01141.01,Kepler-777 b,CONFIRMED,5.72812616,2.0295,643.4,1.38,569.0,24.74,20.8,0.22,3968.0,4.714,0.548
8288947,K01142.01,Kepler-778 b,CONFIRMED,3.75574267,2.2911,417.4,1.58,977.0,215.46,27.9,0.127,5311.0,4.588,0.788
8312852,K01143.01,,FALSE POSITIVE,7.44042933,2.991,547.3,2.74,883.0,144.12,34.0,0.968,5815.0,4.54,0.877
9480189,K00941.01,Kepler-257 c,CONFIRMED,6.581477136,3.0896,2318.9,4.56,881.0,142.63,116.2,0.137,5188.0,4.4,0.973
11974540,K00129.01,Kepler-470 b,CONFIRMED,24.669192732,7.03515,7382.3,77.76,1485.0,1150.61,603.0,0.073,5313.0,2.936,9.327
9480189,K00941.02,Kepler-257 b,CONFIRMED,2.382652873,1.8888,705.4,2.74,1237.0,553.53,45.5,0.682,5188.0,4.4,0.973
9480189,K00941.03,Kepler-257 d,CONFIRMED,24.66461416,2.8579,2398.8,5.34,567.0,24.53,56.7,0.8,5188.0,4.4,0.973
9512687,K00942.01,Kepler-735 b,CONFIRMED,11.51517167,2.006,1357.4,2.9,657.0,43.96,53.2,0.311,5177.0,4.59,0.798
8644288,K00137.01,Kepler-18 c,CONFIRMED,7.641567589,3.41018,2269.7,4.91,899.0,154.25,437.5,0.027,5356.0,4.338,1.055
5738346,K01006.01,,FALSE POSITIVE,30.6113932,3.576,3472.0,19.68,317.0,2.38,37.5,1.264,3900.0,4.727,0.534
1725016,K01007.01,Kepler-748 b,CONFIRMED,7.40742502,3.675,442.0,2.01,938.0,183.15,23.1,0.03,5922.0,4.474,0.961
1722276,K01008.01,,FALSE POSITIVE,569.934135,4.1904,18904.0,38.98,296.0,1.81,66.7,0.919,5367.0,3.783,2.057
892772,K01009.01,,FALSE POSITIVE,5.09246539,3.659,254.0,1.17,844.0,119.7,17.1,0.161,5037.0,4.547,0.751
10268907,K01077.01,,FALSE POSITIVE,1.103971357,0.926,317.9,1.37,1471.0,1109.79,21.7,0.52,5409.0,4.609,0.746
5446285,K00142.01,Kepler-88 b,CONFIRMED,10.916108342,3.6496,1479.0,3.93,758.0,78.19,302.2,0.7699,5575.0,4.521,0.932
10166274,K01078.01,Kepler-267 b,CONFIRMED,3.353732008,1.4598,1264.7,1.65,615.0,33.76,47.8,0.051,3789.0,4.781,0.46
10166274,K01078.02,Kepler-267 c,CONFIRMED,6.877446033,1.3692,1632.3,2.05,484.0,12.95,39.6,0.79,3789.0,4.781,0.46
10166274,K01078.03,Kepler-267 d,CONFIRMED,28.46464804,2.6657,1629.8,1.87,301.0,1.95,28.9,0.035,3789.0,4.781,0.46
10153827,K01079.01,,FALSE POSITIVE,0.293630085,2.3857,2017.7,26.35,2503.0,9283.34,170.0,1.2329,5665.0,4.554,0.843
5735762,K00148.03,Kepler-48 d,CONFIRMED,42.89645024,5.6897,555.3,2.0,448.0,9.54,66.8,0.007,5192.0,4.489,0.873
8302450,K01144.01,,FALSE POSITIVE,2.44199803,2.759,251.7,1.44,1282.0,638.05,27.2,0.856,5970.0,4.564,0.796
8351704,K01146.01,Kepler-779 b,CONFIRMED,7.09712124,2.1059,369.5,0.74,425.0,7.73,18.3,0.05,3569.0,4.861,0.389
8299955,K01147.01,,FALSE POSITIVE,2.6827683,2.957,79.8,1.19,1551.0,1366.57,26.7,0.769,6180.0,4.262,1.223
9513865,K00943.01,Kepler-736 b,CONFIRMED,3.601465336,2.2753,777.7,2.31,996.0,232.65,50.7,0.021,5052.0,4.48,0.855
9595686,K00944.01,,FALSE POSITIVE,3.108251172,2.5048,1867.7,4.43,1096.0,340.69,156.5,0.9,5330.0,4.495,0.847
9605514,K00945.01,Kepler-1666 b,CONFIRMED,25.8474958,5.985,537.4,2.4,672.0,48.23,27.3,0.054,6297.0,4.448,1.031
9605514,K00945.02,Kepler-1666 c,CONFIRMED,40.715561,6.894,680.9,2.7,578.0,26.34,28.9,0.008,6297.0,4.448,1.031
9661877,K00946.01,,FALSE POSITIVE,20.42720701,3.447,1273.0,4.42,674.0,48.72,36.7,0.956,6014.0,4.494,0.958
5728283,K01011.01,,FALSE POSITIVE,6.198273591,7.53837,47302.6,19.81,985.0,222.23,2561.1,0.343,6038.0,4.524,0.898
8127639,K01012.01,,FALSE POSITIVE,1.023471798,2.3499,861.4,3.78,1727.0,2103.09,63.0,0.974,5741.0,4.491,0.893
6047498,K01013.01,,FALSE POSITIVE,0.51872711,1.252,714.1,19.07,1965.0,3537.27,93.3,1.199,5572.0,4.597,0.762
8125580,K01014.01,Kepler-749 b,CONFIRMED,17.31711739,3.1518,1473.0,2.04,454.0,10.07,35.9,0.684,4719.0,4.753,0.502
8158127,K01015.01,Kepler-750 b,CONFIRMED,9.42889884,4.4481,565.4,4.39,1163.0,432.9,50.4,0.011,5897.0,3.98,1.86
10158990,K01080.01,,FALSE POSITIVE,1.096583368,2.1188,308.5,1.35,1474.0,1119.9,44.3,0.421,5222.0,4.528,0.763
10141900,K01082.01,Kepler-763 d,CONFIRMED,6.50327035,2.591,418.3,1.67,804.0,98.81,19.0,0.08,4999.0,4.49,0.843
10141900,K01082.02,Kepler-763 c,CONFIRMED,4.09667624,2.19,302.3,1.42,938.0,182.9,16.2,0.142,4999.0,4.49,0.843
10141900,K01082.03,Kepler-763 b,CONFIRMED,1.196548464,1.2592,224.6,1.25,1414.0,945.12,16.5,0.332,4999.0,4.49,0.843
8410727,K01148.01,Kepler-270 b,CONFIRMED,11.47609015,5.046,182.3,2.07,984.0,221.34,27.7,0.755,6071.0,4.202,1.41
8410727,K01148.02,Kepler-270 c,CONFIRMED,25.2630467,6.22,125.5,1.71,756.0,77.24,14.3,0.743,6071.0,4.202,1.41
8278371,K01150.01,Kepler-780 b,CONFIRMED,0.677374687,1.8361,76.7,0.9,2099.0,4572.56,38.7,0.132,5718.0,4.395,1.037
8280511,K01151.01,Kepler-271 b,CONFIRMED,10.43547031,3.4167,210.2,1.22,759.0,78.35,36.7,0.174,5528.0,4.499,0.853
8280511,K01151.02,Kepler-271 c,CONFIRMED,7.41084314,3.245,124.1,0.94,850.0,123.4,25.6,0.064,5528.0,4.499,0.853
9710326,K00947.01,Kepler-737 b,CONFIRMED,28.59914031,3.6567,1585.1,1.83,298.0,1.87,53.8,0.009,3755.0,4.781,0.461
9761882,K00948.01,Kepler-738 b,CONFIRMED,24.58716355,3.984,907.5,2.37,530.0,18.72,35.6,0.648,5474.0,4.605,0.749
5297298,K00130.01,,FALSE POSITIVE,34.193600311,5.41382,13714.8,21.95,778.0,86.74,1405.6,0.625,6129.0,3.991,1.786
9766437,K00949.01,Kepler-739 b,CONFIRMED,12.53248222,4.0168,1145.9,3.24,775.0,85.15,66.7,0.668,5997.0,4.522,0.904
9775938,K00951.01,Kepler-258 b,CONFIRMED,13.19720694,3.4872,2141.4,4.18,642.0,40.03,116.2,0.568,4954.0,4.462,0.885
8644288,K00137.02,Kepler-18 d,CONFIRMED,14.85890852,3.5252,3269.0,5.94,720.0,63.52,456.8,0.255,5356.0,4.338,1.055
8158127,K01015.02,Kepler-750 c,CONFIRMED,4.08897299,3.585,157.9,2.36,1537.0,1317.96,19.0,0.374,5897.0,3.98,1.86
8176653,K01016.01,,FALSE POSITIVE,2.866680334,1.1264,712.4,2.93,1045.0,282.64,43.0,0.968,5238.0,4.598,0.764
8174625,K01017.01,Kepler-751 b,CONFIRMED,17.44486016,4.445,826.9,3.24,679.0,50.32,46.0,0.871,5568.0,4.413,0.966
8183911,K01018.01,,FALSE POSITIVE,8.30697421,2.76,158.7,37.99,1246.0,570.93,17.4,1.151,5300.0,3.69,2.124
10157458,K01083.01,Kepler-764 b,CONFIRMED,7.33685101,3.548,325.8,1.52,875.0,138.46,21.6,0.018,5795.0,4.554,0.848
4649305,K00143.01,,FALSE POSITIVE,22.65117451,3.6895,2250.0,7.62,855.0,126.57,170.1,0.925,6968.0,4.31,1.333
10148521,K01084.01,,FALSE POSITIVE,1.204274435,1.3362,185.8,1.19,1564.0,1413.91,34.7,0.528,5668.0,4.552,0.849
10118816,K01085.01,Kepler-1735 b,CONFIRMED,7.71790675,1.84,306.8,0.9,502.0,15.01,12.6,0.112,3975.0,4.753,0.509
10122255,K01086.01,Kepler-765 b,CONFIRMED,27.6652847,6.633,469.2,2.21,641.0,39.94,36.1,0.004,6036.0,4.396,1.017
3124412,K01087.01,,FALSE POSITIVE,0.948950734,4.0245,2133.0,36.87,2103.0,4636.91,238.6,1.246,6307.0,4.391,1.133
3835670,K00149.01,Kepler-473 b,CONFIRMED,14.55730897,7.7643,956.9,4.32,879.0,141.0,200.0,0.036,5774.0,4.159,1.412
10287248,K01152.01,,FALSE POSITIVE,4.722254104,3.451,82670.0,14.45,557.0,22.67,314.1,0.506,3801.0,4.776,0.488
10351767,K01153.01,,FALSE POSITIVE,0.635069939,2.07171,33117.3,57.77,2351.0,7193.72,578.6,1.25,6340.0,4.434,1.058
10342041,K01155.01,,FALSE POSITIVE,0.933746515,6.6522,2936.6,25.54,1508.0,1222.25,549.5,1.262,5252.0,4.596,0.716
10514770,K01156.01,,FALSE POSITIVE,1.872421727,1.5261,3018.9,5.65,1298.0,672.92,179.0,0.917,5337.0,4.486,0.825
9775938,K00951.02,Kepler-258 c,CONFIRMED,33.6528474,3.9616,1140.8,3.05,470.0,11.5,41.9,0.567,4954.0,4.462,0.885
9787239,K00952.01,Kepler-32 b,CONFIRMED,5.90127815,2.1979,1525.2,1.94,514.0,16.54,56.6,0.03,3731.0,4.75,0.498
9787239,K00952.02,Kepler-32 c,CONFIRMED,8.75209691,2.3742,1367.6,1.83,451.0,9.76,44.8,0.017,3731.0,4.75,0.498
9787239,K00952.03,Kepler-32 d,CONFIRMED,22.78078241,3.3002,1925.1,2.17,328.0,2.73,46.4,0.008,3731.0,4.75,0.498
9787239,K00952.04,Kepler-32 e,CONFIRMED,2.896005211,1.6776,614.1,1.23,652.0,42.53,28.6,0.082,3731.0,4.75,0.498
9787239,K00952.05,Kepler-32 f,CONFIRMED,0.742957911,0.6688,843.3,1.47,1026.0,262.51,45.3,0.162,3731.0,4.75,0.498
2309719,K01020.01,,FALSE POSITIVE,54.35635067,6.4345,10510.4,38.81,566.0,24.18,628.1,1.142,6161.0,4.281,1.255
2558363,K01021.01,,FALSE POSITIVE,0.54624855,2.0543,639.7,18.93,1837.0,2677.36,42.9,1.215,5414.0,4.625,0.714
2716853,K01022.01,Kepler-752 b,CONFIRMED,18.82744023,4.664,1006.2,2.7,632.0,37.82,29.5,0.025,5687.0,4.538,0.86
2445154,K01023.01,,FALSE POSITIVE,8.4120069,3.923,819.6,1.71,590.0,28.69,39.7,0.022,4502.0,4.668,0.621
2715135,K01024.01,Kepler-753 b,CONFIRMED,5.747711909,1.8923,820.1,1.86,641.0,40.07,51.7,0.575,4252.0,4.64,0.632
8644288,K00137.03,Kepler-18 b,CONFIRMED,3.504691252,1.9811,315.1,2.03,1165.0,435.21,67.5,0.741,5356.0,4.338,1.055
3113266,K01088.01,,FALSE POSITIVE,0.995861402,1.1507,4993.8,26.93,1477.0,1124.35,272.0,1.256,5286.0,4.604,0.706
3247268,K01089.01,Kepler-418 b,CONFIRMED,86.67856052,10.1289,8244.1,9.83,434.0,8.41,318.3,0.291,5822.0,4.351,1.081
3247268,K01089.02,Kepler-418 c,CONFIRMED,12.21828097,2.6969,1843.4,5.1,835.0,114.59,90.1,0.778,5822.0,4.351,1.081
3232859,K01090.01,,FALSE POSITIVE,8.387210055,1.6477,4952.0,72.52,1211.0,509.55,180.6,1.284,6089.0,4.044,1.795
3098184,K01091.01,,FALSE POSITIVE,15.2384539,19.292,7019.0,9.84,829.0,111.67,56.0,0.74,6384.0,4.419,1.086
2720309,K01092.01,,FALSE POSITIVE,0.413334492,2.3808,2025.1,31.52,2509.0,9374.09,236.9,1.2313,5973.0,4.465,1.016
10342065,K01157.01,,FALSE POSITIVE,0.93374614,6.551,1717.5,149.71,3303.0,28084.15,365.7,1.27,5438.0,3.424,4.319
10352945,K01158.01,,FALSE POSITIVE,6.47179275,6.788,402.5,2.08,1075.0,316.0,30.7,0.014,6341.0,4.446,1.033
10354039,K01159.01,Kepler-1737 b,CONFIRMED,64.617518,5.796,2486.6,5.4,383.0,5.09,61.9,0.9,5043.0,4.47,0.881
10330115,K01160.01,Kepler-781 b,CONFIRMED,13.21409607,3.5641,1154.8,2.77,629.0,36.95,38.0,0.812,5333.0,4.62,0.728
10426656,K01161.01,Kepler-272 c,CONFIRMED,6.05729966,3.7419,385.2,1.94,947.0,189.98,35.1,0.219,5334.0,4.372,1.004
9820483,K00953.01,Kepler-740 b,CONFIRMED,3.584101048,2.7316,2608.1,4.66,1131.0,386.66,166.3,0.045,5739.0,4.518,0.922
9941662,K00013.01,Kepler-13 b,CONFIRMED,1.763587535,3.16877,4590.6,21.42,3559.0,37958.27,4061.9,0.512,9107.0,3.867,3.031
7778437,K00131.01,Kepler-471 b,CONFIRMED,5.014234733,4.589,6536.0,10.63,1308.0,692.13,794.3,0.066,6490.0,4.32,1.307
9823457,K00954.01,Kepler-259 b,CONFIRMED,8.11528727,3.211,834.9,3.1,879.0,140.92,59.1,0.916,5926.0,4.532,0.887
9823457,K00954.02,Kepler-259 c,CONFIRMED,36.9250409,4.9381,902.0,3.01,530.0,18.7,39.3,0.838,5926.0,4.532,0.887
2574201,K01025.01,,FALSE POSITIVE,37.4783492,5.317,1467.9,10.05,262.0,1.12,18.3,1.161,3687.0,4.813,0.44
2166206,K01028.01,,FALSE POSITIVE,8.09695764,3.319,283.5,34.0,1197.0,484.58,35.4,1.165,5949.0,4.024,1.707
2164169,K01029.01,Kepler-1732 b,CONFIRMED,32.3122867,6.569,677.8,4.84,699.0,56.49,33.6,0.934,5821.0,4.108,1.494
2574338,K01030.01,Kepler-1733 b,CONFIRMED,9.22961384,2.235,492.1,2.79,1021.0,257.11,19.3,0.067,6320.0,4.347,1.252
2584163,K01031.01,Kepler-754 b,CONFIRMED,14.5598556,5.624,290.6,1.64,758.0,78.26,15.6,0.026,5959.0,4.46,0.966
4180280,K00144.01,Kepler-472 b,CONFIRMED,4.176254191,3.6716,1360.1,3.07,876.0,139.48,249.7,0.715,4957.0,4.594,0.776
3239636,K01093.01,,FALSE POSITIVE,0.528755447,5.714,408.5,47.75,3271.0,27241.45,100.1,1.204,6151.0,3.92,1.954
2721030,K01094.01,Kepler-766 b,CONFIRMED,6.10027621,4.7476,766.6,2.59,990.0,227.15,43.2,0.015,5957.0,4.506,0.937
3340070,K01097.01,,FALSE POSITIVE,10.9110487,7.033,401.9,2.36,786.0,90.07,28.3,0.9761,5903.0,4.546,0.864
7626506,K00150.01,Kepler-112 b,CONFIRMED,8.408878137,3.4967,798.9,2.28,809.0,101.22,147.2,0.018,5551.0,4.508,0.812
10426656,K01161.02,Kepler-272 d,CONFIRMED,10.93725572,3.0822,421.6,2.41,777.0,86.28,24.6,0.866,5334.0,4.372,1.004
10426656,K01161.03,Kepler-272 b,CONFIRMED,2.97136658,2.716,233.3,1.52,1200.0,490.13,25.6,0.349,5334.0,4.372,1.004
10528068,K01162.01,Kepler-782 b,CONFIRMED,158.6850022,11.5372,898.3,3.08,350.0,3.53,97.4,0.034,5751.0,4.34,1.034
10468940,K01163.01,Kepler-273 b,CONFIRMED,2.936527336,1.771,352.3,1.92,1209.0,505.22,34.7,0.524,5359.0,4.375,1.002
9825625,K00955.01,Kepler-741 b,CONFIRMED,7.03902016,3.8633,529.8,2.45,1051.0,288.92,54.3,0.015,6321.0,4.434,1.058
9875711,K00956.01,Kepler-742 b,CONFIRMED,8.360870704,2.7144,2039.7,3.67,690.0,53.68,120.9,0.494,4743.0,4.516,0.81
7661409,K00957.01,,FALSE POSITIVE,3.14051153,8.2806,1444.4,31.01,1306.0,689.48,139.5,1.251,6108.0,4.443,0.974
1026957,K00958.01,Kepler-1731 b,CONFIRMED,21.76129812,1.243,1300.7,2.53,486.0,13.18,60.0,0.123,4859.0,4.612,0.72
10002261,K00959.01,,FALSE POSITIVE,12.713794177,2.44093,36718.7,2.31,181.0,0.26,2981.3,0.485,2661.0,5.283,0.116
8176650,K00960.01,,FALSE POSITIVE,15.801100028,6.37505,37545.0,15.61,614.0,33.6,1642.2,0.512,5383.0,4.587,0.789
5899544,K01034.01,,FALSE POSITIVE,1.739428983,2.4894,5897.4,268.65,1268.0,612.49,130.0,4.246,5415.0,4.603,0.742
5963222,K01035.01,,FALSE POSITIVE,1.217266418,3.3208,5811.5,14.49,2378.0,7548.29,603.4,0.878,6631.0,4.145,1.638
5982353,K01036.01,,FALSE POSITIVE,19.563092517,6.9547,12992.2,23.76,965.0,205.39,2477.0,0.842,6208.0,3.959,1.831
6205468,K01037.01,,FALSE POSITIVE,3.7228551,12.8164,2969.2,5.67,1118.0,368.33,294.8,0.911,5873.0,4.547,0.863
8506766,K00138.01,,FALSE POSITIVE,48.93786896,6.5868,7240.1,24.19,764.0,80.37,445.7,0.981,7066.0,4.094,1.761
3240706,K01098.01,,FALSE POSITIVE,5.48990788,4.02,598.9,23.6,1039.0,275.65,36.7,1.199,5982.0,4.493,0.96
2853093,K01099.01,Kepler-767 b,CONFIRMED,161.5278347,3.6734,4653.6,8.19,366.0,4.25,54.7,0.0,5778.0,4.285,1.213
3228824,K01100.01,,FALSE POSITIVE,0.73093905,2.8437,451.1,1.45,1488.0,1159.62,52.4,0.018,4768.0,4.588,0.711
3245969,K01101.01,Kepler-768 b,CONFIRMED,11.39102358,2.303,448.6,1.67,618.0,34.55,10.5,0.732,4983.0,4.617,0.728
3231341,K01102.01,Kepler-24 c,CONFIRMED,12.33343853,6.221,536.4,4.12,915.0,165.3,31.7,0.979,5896.0,4.197,1.24
10468940,K01163.02,Kepler-273 c,CONFIRMED,8.01500821,3.0137,363.0,2.0,865.0,132.46,28.6,0.645,5359.0,4.375,1.002
10341831,K01164.01,,FALSE POSITIVE,0.933749941,6.606,415.3,12.93,919.0,168.44,88.8,1.225,3682.0,4.786,0.48
10337517,K01165.01,Kepler-783 c,CONFIRMED,7.053934488,1.7244,511.5,2.36,840.0,117.33,56.3,0.899,5357.0,4.498,0.863
10337517,K01165.02,Kepler-783 b,CONFIRMED,4.29263699,2.7,61.4,0.68,991.0,227.69,11.4,0.454,5357.0,4.498,0.863
10351231,K01166.01,Kepler-1738 b,CONFIRMED,7.6746614,1.9374,503.0,2.8,957.0,198.67,20.8,0.939,6063.0,4.47,1.001
10485179,K01167.01,,FALSE POSITIVE,0.445275074,2.276,254.7,1.21,1950.0,3419.7,86.3,0.639,5346.0,4.621,0.725
8561063,K00961.01,Kepler-42 b,CONFIRMED,1.213770423,0.5532,1821.0,0.78,525.0,18.03,111.4,0.83,3292.0,5.215,0.148
8561063,K00961.02,Kepler-42 c,CONFIRMED,0.453287416,0.4445,1461.5,0.76,729.0,66.14,150.4,0.81,3292.0,5.215,0.148
8892910,K00132.01,,FALSE POSITIVE,10.810132734,4.4618,6165.2,13.95,985.0,222.68,806.5,0.948,6211.0,4.269,1.284
8561063,K00961.03,Kepler-42 d,CONFIRMED,1.865114193,0.4279,1124.8,0.66,455.0,10.1,56.9,0.785,3292.0,5.215,0.148
10657664,K00964.01,,FALSE POSITIVE,3.273699006,3.07626,6862.8,22.36,3060.0,20728.79,1293.1,0.733,10816.0,4.086,2.493
3337351,K00965.01,,FALSE POSITIVE,7.047103499,3.3208,71318.0,51.86,955.0,196.62,274.9,1.047,5730.0,4.417,1.035
6153201,K01038.01,,FALSE POSITIVE,0.530300102,2.8502,3040.0,35.73,2410.0,7972.18,207.4,1.2507,6184.0,4.448,1.038
5802486,K01039.01,,FALSE POSITIVE,1.073917869,2.4305,1926.6,33.01,1794.0,2450.63,137.5,1.266,5962.0,4.479,0.959
5817553,K01040.01,,FALSE POSITIVE,4.206096814,10.7381,1298.1,32.66,1252.0,581.11,149.3,1.239,6306.0,4.426,1.076
5982368,K01041.01,,FALSE POSITIVE,19.56313723,6.8575,5536.0,9.73,706.0,58.71,157.8,0.908,5766.0,4.352,1.077
5816811,K01042.01,,FALSE POSITIVE,2.227718792,4.9699,1039.0,8.88,1400.0,906.46,124.3,1.04,6038.0,4.508,0.922
5816165,K01043.01,,FALSE POSITIVE,0.591914504,1.0225,1057.7,27.21,1646.0,1746.78,56.3,1.344,5122.0,4.659,0.655
7102227,K01360.01,Kepler-290 c,CONFIRMED,36.7704935,4.42,1346.6,2.83,437.0,8.6,40.8,0.545,5142.0,4.602,0.755
7102227,K01360.02,Kepler-290 b,CONFIRMED,14.58932429,2.4184,831.3,2.32,594.0,29.53,29.3,0.694,5142.0,4.602,0.755
7102227,K01360.03,Kepler-290 d,CONFIRMED,0.764017553,1.103,128.2,0.86,1589.0,1503.79,13.2,0.442,5142.0,4.602,0.755
6960913,K01361.01,Kepler-61 b,CONFIRMED,59.8780258,4.8027,1419.1,2.19,273.0,1.31,51.8,0.004,4016.0,4.658,0.599
11122894,K01426.02,Kepler-297 c,CONFIRMED,74.92768653,4.74,4119.2,6.39,409.0,6.62,161.5,0.796,5618.0,4.46,0.897
11122894,K01426.03,Kepler-297 d,CONFIRMED,150.0189511,4.3823,4319.7,32.6,325.0,2.62,106.2,1.252,5618.0,4.46,0.897
11129738,K01427.01,Kepler-844 b,CONFIRMED,2.613020421,1.9588,599.7,1.5,713.0,61.24,31.1,0.891,3883.0,4.725,0.517
11401182,K01428.01,Kepler-845 b,CONFIRMED,0.927859786,1.4279,515.3,1.79,1361.0,813.3,99.8,0.795,4815.0,4.631,0.699
11030711,K01429.01,Kepler-1750 b,CONFIRMED,205.912735,9.992,2378.8,4.68,298.0,1.85,49.4,0.196,5644.0,4.457,0.969
11512246,K00168.03,Kepler-23 b,CONFIRMED,7.10695741,5.1462,131.0,1.72,1157.0,422.8,33.8,0.079,5761.0,4.091,1.518
6690082,K01240.01,Kepler-280 b,CONFIRMED,2.1395563,2.0678,266.1,1.76,1425.0,974.3,48.9,0.368,5534.0,4.338,1.08
6690082,K01240.02,Kepler-280 c,CONFIRMED,4.807103254,0.9393,450.5,2.96,1088.0,330.84,32.9,0.94,5534.0,4.338,1.08
6448890,K01241.01,Kepler-56 c,CONFIRMED,21.4054422,11.721,409.3,11.64,1087.0,330.0,60.9,0.943,4838.0,3.299,4.361
6448890,K01241.02,Kepler-56 b,CONFIRMED,10.5007712,14.522,183.4,5.68,1378.0,852.28,45.3,0.034,4838.0,3.299,4.361
10730034,K01305.01,Kepler-285 b,CONFIRMED,2.633852528,2.0206,259.8,1.38,1131.0,387.43,23.3,0.204,5114.0,4.463,0.878
10730034,K01305.02,Kepler-285 c,CONFIRMED,6.18670882,2.909,202.6,1.21,851.0,123.96,14.3,0.013,5114.0,4.463,0.878
10858691,K01306.01,Kepler-286 b,CONFIRMED,1.796320953,1.9139,210.9,1.2,1367.0,827.82,22.1,0.015,5576.0,4.503,0.829
10858691,K01306.02,Kepler-286 c,CONFIRMED,3.468073,2.361,243.9,1.29,1098.0,343.57,20.6,0.143,5576.0,4.503,0.829
10858691,K01306.03,Kepler-286 d,CONFIRMED,5.9142668,2.661,253.2,1.31,919.0,168.51,17.4,0.04,5576.0,4.503,0.829
8107380,K00162.01,Kepler-476 b,CONFIRMED,14.00640392,4.6919,716.4,3.11,807.0,100.09,109.3,0.568,5788.0,4.323,1.124
6936909,K01363.01,Kepler-291 b,CONFIRMED,3.546531809,2.2746,442.7,2.18,1212.0,510.26,26.4,0.633,5993.0,4.489,0.986
6936909,K01363.02,Kepler-291 c,CONFIRMED,5.70070626,1.6408,379.8,2.03,1035.0,270.62,15.2,0.664,5993.0,4.489,0.986
6962977,K01364.01,Kepler-292 f,CONFIRMED,20.8341497,4.522,803.1,2.26,563.0,23.82,26.2,0.269,5296.0,4.538,0.808
6962977,K01364.02,Kepler-292 d,CONFIRMED,7.0556584,3.0479,705.6,2.13,808.0,100.88,32.1,0.301,5296.0,4.538,0.808
11176127,K01430.01,Kepler-298 b,CONFIRMED,10.47548084,2.3024,1070.7,2.11,540.0,20.15,40.3,0.664,4463.0,4.677,0.611
11176127,K01430.02,Kepler-298 c,CONFIRMED,22.92886314,2.0831,908.9,2.08,416.0,7.09,21.3,0.805,4463.0,4.677,0.611
11176127,K01430.03,Kepler-298 d,CONFIRMED,77.4740991,4.168,1543.6,2.63,277.0,1.4,27.5,0.758,4463.0,4.677,0.611
11014932,K01432.01,Kepler-299 c,CONFIRMED,6.88595222,4.148,428.5,2.68,946.0,189.35,34.5,0.953,5616.0,4.394,0.999
6677256,K01243.01,,FALSE POSITIVE,3.125814002,1.7895,238.8,1.88,1460.0,1073.04,32.0,0.506,6358.0,4.346,1.181
8030148,K00155.01,Kepler-474 b,CONFIRMED,5.660669429,4.6483,737.8,3.24,1115.0,365.53,201.1,0.477,5746.0,4.266,1.173
6692833,K01244.01,,FALSE POSITIVE,10.80487163,2.7215,292.7,1.71,857.0,127.84,27.4,0.207,6092.0,4.471,0.998
6693640,K01245.01,Kepler-798 b,CONFIRMED,13.71938426,5.5677,316.4,1.98,864.0,131.94,48.3,0.022,6387.0,4.41,1.105
10858691,K01306.04,Kepler-286 e,CONFIRMED,29.2214959,4.014,394.0,1.81,539.0,20.03,14.6,0.779,5576.0,4.503,0.829
10973814,K01307.01,Kepler-287 c,CONFIRMED,44.8520997,3.5729,780.8,3.35,513.0,16.35,33.0,0.807,5514.0,4.345,1.071
10973814,K01307.02,Kepler-287 b,CONFIRMED,20.34237838,2.3351,564.6,2.88,667.0,46.93,28.7,0.826,5514.0,4.345,1.071
6541920,K00157.05,Kepler-11 g,CONFIRMED,118.3786735,9.5574,1083.3,3.4,376.0,4.75,83.1,0.011,5657.0,4.364,1.046
10586208,K01308.01,Kepler-811 b,CONFIRMED,23.58444746,5.5545,429.2,3.0,730.0,66.96,42.8,0.711,5655.0,4.152,1.354
6962977,K01364.03,Kepler-292 e,CONFIRMED,11.97884409,3.751,707.9,2.11,678.0,49.87,27.8,0.073,5296.0,4.538,0.808
6962977,K01364.04,Kepler-292 c,CONFIRMED,3.71545593,2.558,331.7,1.46,1001.0,237.42,19.6,0.327,5296.0,4.538,0.808
6962977,K01364.05,Kepler-292 b,CONFIRMED,2.58083264,2.1729,270.2,1.31,1130.0,386.18,17.5,0.16,5296.0,4.538,0.808
7174351,K01365.01,,FALSE POSITIVE,1.487084251,1.3233,295.7,1.6,1462.0,1076.29,17.9,0.678,5650.0,4.551,0.876
6932987,K01366.01,Kepler-293 b,CONFIRMED,19.25404023,4.6509,987.7,3.04,657.0,44.17,50.7,0.548,5798.0,4.507,0.941
11014932,K01432.02,Kepler-299 d,CONFIRMED,15.0549356,4.801,256.4,1.6,729.0,66.72,16.6,0.321,5616.0,4.394,0.999
11014932,K01432.03,Kepler-299 b,CONFIRMED,2.92721119,2.545,170.2,1.29,1258.0,593.23,18.0,0.043,5616.0,4.394,0.999
11014932,K01432.04,Kepler-299 e,CONFIRMED,38.2856338,6.512,322.8,1.77,534.0,19.24,15.0,0.115,5616.0,4.394,0.999
11288505,K01433.01,Kepler-846 b,CONFIRMED,19.80787763,3.453,616.3,2.08,624.0,35.89,20.1,0.054,5775.0,4.558,0.84
11493431,K01434.01,Kepler-847 b,CONFIRMED,2.343230566,2.0424,246.5,1.18,1054.0,292.31,23.9,0.047,4798.0,4.533,0.782
8801343,K01247.01,,FALSE POSITIVE,2.73987398,4.15886,20632.2,34.83,2113.0,4705.3,1454.3,0.703,6520.0,3.844,2.26
8488878,K01248.01,,FALSE POSITIVE,5.801880653,4.2608,41924.0,19.91,964.0,203.62,396.8,0.773,5845.0,4.541,0.874
8560285,K01249.01,,FALSE POSITIVE,85.34092607,10.6141,51746.2,1177.65,409.0,6.61,898.4,12.773,6004.0,4.522,0.898
8620565,K01250.01,,FALSE POSITIVE,0.782045734,1.7945,16185.0,45.05,2070.0,4332.1,272.3,1.244,6113.0,4.463,0.995
10854768,K01309.01,Kepler-812 b,CONFIRMED,10.1171684,4.6677,288.7,3.07,1163.0,433.41,50.6,0.296,6306.0,4.077,1.792
10964440,K01310.01,Kepler-813 b,CONFIRMED,19.12947603,3.9622,451.2,4.23,817.0,105.25,31.7,0.861,5372.0,4.007,1.71
10713616,K01311.01,Kepler-1667 b,CONFIRMED,83.5781976,7.2487,630.8,6.63,655.0,43.62,54.9,0.544,6056.0,3.788,2.562
10963242,K01312.01,Kepler-814 b,CONFIRMED,6.1469956,3.3153,249.6,2.04,1164.0,433.72,25.8,0.083,6110.0,4.285,1.296
10785538,K01313.01,,FALSE POSITIVE,0.522457732,0.8907,143.8,1.52,2308.0,6715.55,48.2,0.967,5991.0,4.459,0.954
6932987,K01366.02,Kepler-293 c,CONFIRMED,54.1558384,4.432,1109.8,3.88,466.0,11.12,29.1,0.927,5798.0,4.507,0.941
8191672,K00018.01,Kepler-5 b,CONFIRMED,3.548465446,4.56904,7251.5,14.92,1640.0,1708.28,2486.5,0.075,6290.0,4.074,1.746
6851425,K00163.01,Kepler-477 b,CONFIRMED,11.1199028,3.3759,636.3,2.08,649.0,42.07,100.3,0.72,5078.0,4.581,0.766
6934291,K01367.01,Kepler-828 b,CONFIRMED,0.567856484,1.0258,334.8,1.55,1848.0,2760.23,53.8,0.324,5073.0,4.483,0.853
7357531,K01368.01,,FALSE POSITIVE,251.0597249,5.1095,7419.8,44.2,301.0,1.93,110.3,1.264,5714.0,4.34,1.086
6185711,K00169.01,,FALSE POSITIVE,11.70219638,2.6658,639.7,16.15,719.0,63.16,41.3,1.166,5758.0,4.596,0.762
11037335,K01435.01,Kepler-300 c,CONFIRMED,40.7150498,8.587,563.9,2.2,516.0,16.76,56.4,0.638,5968.0,4.534,0.881
11037335,K01435.02,Kepler-300 b,CONFIRMED,10.44635944,2.749,354.2,2.18,812.0,102.77,34.4,0.967,5968.0,4.534,0.881
11389771,K01436.01,Kepler-301 b,CONFIRMED,2.508553286,2.2664,211.6,1.28,1278.0,629.8,26.8,0.009,5814.0,4.523,0.881
11389771,K01436.02,Kepler-301 d,CONFIRMED,13.75129636,3.853,348.5,1.66,725.0,65.24,24.6,0.359,5814.0,4.523,0.881
8737796,K01252.01,,FALSE POSITIVE,0.885747456,4.4788,895.2,269.98,4958.0,142553.16,203.6,1.205,5487.0,2.816,10.396
8462258,K01253.01,,FALSE POSITIVE,3.611541977,8.6068,2972.3,28.07,1005.0,240.29,167.1,1.254,5203.0,4.504,0.802
10925104,K00156.01,Kepler-114 c,CONFIRMED,8.041347775,2.6332,591.0,1.29,507.0,15.59,77.5,0.26,3980.0,4.722,0.54
8454250,K01254.01,,FALSE POSITIVE,5.082722475,5.9139,1974.1,4.4,1059.0,296.94,95.5,0.019,5780.0,4.438,1.0
8848271,K01256.01,,FALSE POSITIVE,9.991625291,3.8552,3450.5,38.93,907.0,160.14,220.3,1.256,5874.0,4.338,1.096
10585852,K01314.01,Kepler-815 b,CONFIRMED,8.57504983,8.653,160.6,4.26,1374.0,841.68,36.9,0.129,4986.0,3.462,3.464
10794087,K01316.01,Kepler-1743 b,CONFIRMED,7.64970832,6.625,55.4,1.43,1144.0,404.99,28.5,0.898,5855.0,4.125,1.613
6541920,K00157.06,Kepler-11 b,CONFIRMED,10.30401132,4.2246,316.1,1.84,849.0,122.98,53.8,0.017,5657.0,4.364,1.046
4275739,K01317.01,,FALSE POSITIVE,2.171827838,3.2205,42086.0,58.56,1311.0,698.31,300.6,1.323,5650.0,4.513,0.891
7287415,K01369.01,Kepler-1745 b,CONFIRMED,3.016182013,2.8349,222.5,2.25,1449.0,1044.49,31.9,0.732,5611.0,4.144,1.4
6924203,K01370.01,Kepler-829 b,CONFIRMED,6.8833761,2.2702,458.4,1.69,857.0,127.67,28.1,0.075,5679.0,4.581,0.794
6878167,K01371.01,,FALSE POSITIVE,0.833980196,1.756,261.2,1.45,1816.0,2562.78,56.9,0.547,5747.0,4.53,0.871
6863839,K01373.01,,FALSE POSITIVE,1.926353494,2.5305,185.1,1.33,1484.0,1146.34,36.9,0.767,6063.0,4.481,0.899
7296086,K01374.01,,FALSE POSITIVE,0.890737359,1.9257,195.8,20.57,2022.0,3948.43,37.7,1.146,5687.0,4.293,1.169
11389771,K01436.03,Kepler-301 c,CONFIRMED,5.41908491,2.3379,231.0,1.38,989.0,225.71,20.2,0.536,5814.0,4.523,0.881
11599038,K01437.01,Kepler-1751 b,CONFIRMED,7.01733571,3.567,255.5,1.61,984.0,221.46,15.5,0.581,6052.0,4.456,0.967
11193263,K01438.01,Kepler-848 b,CONFIRMED,6.91134223,5.6743,201.7,1.9,1086.0,328.65,44.0,0.259,5685.0,4.194,1.35
11027624,K01439.01,Kepler-849 b,CONFIRMED,394.6249514,24.108,2013.3,7.79,325.0,2.65,234.6,0.336,5910.0,4.03,1.727
11032227,K01440.01,Kepler-850 b,CONFIRMED,7.19304935,3.407,255.3,1.59,995.0,232.36,19.0,0.017,6185.0,4.472,0.991
8751933,K01257.01,Kepler-420 b,CONFIRMED,86.64764448,4.2326,7311.6,9.4,419.0,7.28,241.9,0.0,5522.0,4.323,1.12
8630788,K01258.01,Kepler-281 c,CONFIRMED,36.33750453,7.06,2828.4,5.3,513.0,16.36,96.8,0.825,5717.0,4.538,0.884
8630788,K01258.02,Kepler-281 b,CONFIRMED,14.64613058,5.688,593.5,2.22,694.0,54.95,30.0,0.561,5717.0,4.538,0.884
8630788,K01258.03,Kepler-281 d,CONFIRMED,148.272013,4.192,1707.4,4.3,321.0,2.51,21.8,0.883,5717.0,4.538,0.884
8823426,K01259.01,,FALSE POSITIVE,1.506507172,4.5346,880.9,13.4,801.0,97.56,86.7,1.226,3755.0,4.774,0.473
4070376,K01318.01,,FALSE POSITIVE,1.634614356,3.4422,19761.5,44.22,1611.0,1597.73,376.5,1.229,6121.0,4.468,0.97
4078157,K01319.01,,FALSE POSITIVE,16.025018977,3.8828,29090.0,1069.01,657.0,44.01,257.8,13.239,5776.0,4.582,0.789
4164994,K01320.01,Kepler-816 b,CONFIRMED,10.50682978,3.7769,13355.5,9.01,668.0,47.21,343.4,0.407,5127.0,4.589,0.782
4480676,K01321.01,,FALSE POSITIVE,0.711966971,2.0221,6227.5,33.34,1855.0,2808.98,392.2,1.268,5486.0,4.47,0.83
4079535,K01322.01,,FALSE POSITIVE,17.72724392,4.1073,16878.0,14.77,741.0,71.06,109.7,0.825,6181.0,4.464,1.006
6766634,K01375.01,Kepler-1746 b,CONFIRMED,321.2124365,4.012,2358.6,7.25,310.0,2.17,81.7,0.873,6018.0,4.257,1.286
6774826,K01376.01,,FALSE POSITIVE,7.13895376,4.568,254.2,49.96,1622.0,1635.0,32.9,1.199,7131.0,3.913,2.145
5652237,K00164.01,,FALSE POSITIVE,4.4645454,2.8823,194.3,3.07,1601.0,1555.36,37.6,0.808,6093.0,3.91,1.985
7211469,K01377.01,Kepler-830 b,CONFIRMED,11.29689442,4.623,198.5,1.74,907.0,160.18,20.9,0.634,6096.0,4.358,1.176
7375795,K01378.01,,FALSE POSITIVE,19.30112039,6.0752,232.3,1.66,669.0,47.49,45.0,0.862,5687.0,4.408,0.943
7255336,K00019.01,,FALSE POSITIVE,1.20320092,1.9197,2807.1,49.25,2124.0,4809.16,250.8,1.274,6218.0,4.198,1.349
7831264,K00171.01,Kepler-116 b,CONFIRMED,5.968724048,3.651,510.6,3.26,1251.0,579.9,107.1,0.166,6122.0,4.173,1.439
7802136,K01449.01,,FALSE POSITIVE,10.980246199,3.74464,50078.0,21.94,821.0,107.47,1555.4,0.733,5952.0,4.462,0.897
7532973,K01450.01,Kepler-854 b,CONFIRMED,2.144632238,6.2701,19836.9,59.19,1736.0,2146.82,334.8,1.228,6296.0,4.24,1.305
9632895,K01451.01,,FALSE POSITIVE,27.32204488,5.6716,77474.5,21.58,531.0,18.81,3622.7,0.257,5620.0,4.592,0.772
7449844,K01452.01,,FALSE POSITIVE,1.152216965,2.2245,12072.0,187.73,5283.0,183811.71,104.5,0.811,5560.0,2.619,15.113
8766222,K01260.01,,FALSE POSITIVE,5.2972293,3.799,1210.5,47.7,2867.0,15961.1,31.8,0.022,4631.0,2.386,14.296
8678594,K01261.01,Kepler-799 b,CONFIRMED,133.460999,11.4997,5032.9,11.21,433.0,8.29,162.3,0.249,5588.0,4.047,1.593
10925104,K00156.02,Kepler-114 b,CONFIRMED,5.188563677,2.3683,358.7,1.0,586.0,27.95,56.4,0.179,3980.0,4.722,0.54
8678594,K01261.02,Kepler-799 c,CONFIRMED,15.19423359,3.106,367.8,3.69,893.0,150.25,18.1,0.906,5588.0,4.047,1.593
8703884,K01262.01,,FALSE POSITIVE,14.17098745,3.4804,3070.8,4.19,608.0,32.22,93.6,0.041,5107.0,4.565,0.777
8560840,K01263.01,,FALSE POSITIVE,31.9734169,13.262,1414.4,24.1,442.0,9.01,62.5,1.24,4931.0,4.595,0.774
4076098,K01323.01,Kepler-817 b,CONFIRMED,3.990105908,2.4108,6154.9,7.45,1124.0,378.53,247.8,0.582,5926.0,4.519,0.913
4551328,K01324.01,,FALSE POSITIVE,0.52205862,2.0847,1381.3,27.16,2022.0,3951.57,169.0,1.24,5359.0,4.478,0.878
4282872,K01325.01,Kepler-818 b,CONFIRMED,10.035381809,3.4062,2829.7,4.42,786.0,90.33,150.9,0.079,5813.0,4.561,0.833
4639868,K01326.01,,FALSE POSITIVE,53.100942624,2.2868,19981.1,24.02,464.0,10.93,1108.5,0.988,5465.0,4.396,0.973
10555375,K00158.01,,FALSE POSITIVE,5.80181368,4.119,269.6,4.52,1491.0,1168.82,35.3,0.967,6020.0,3.86,2.097
4372768,K01327.01,,FALSE POSITIVE,15.6402515,6.222,800.3,18.11,640.0,39.55,19.3,1.167,5346.0,4.491,0.826
7375795,K01378.02,,FALSE POSITIVE,0.691666384,1.9603,35.6,0.58,2031.0,4014.57,20.8,0.552,5687.0,4.408,0.943
7211221,K01379.01,Kepler-831 b,CONFIRMED,5.62154315,2.4143,172.3,1.37,992.0,229.04,35.3,0.742,5637.0,4.439,0.96
7025526,K01380.01,,FALSE POSITIVE,1.074106954,1.9797,64.5,0.52,1255.0,588.96,48.5,0.122,4699.0,4.637,0.676
9451127,K01381.01,,FALSE POSITIVE,5.117401517,4.3056,62929.0,28.41,1130.0,385.51,456.6,0.683,6161.0,4.454,1.053
9446824,K01382.01,,FALSE POSITIVE,4.20233673,3.6973,45982.0,23.53,1246.0,570.87,258.8,0.004,6185.0,4.396,1.094
11356260,K01441.01,Kepler-851 b,CONFIRMED,8.50698069,2.938,295.5,1.9,900.0,155.42,20.7,0.816,5822.0,4.428,0.986
11044770,K00170.01,,FALSE POSITIVE,15.60865244,6.26,311.4,6.17,1419.0,958.55,46.9,0.985,8014.0,3.94,2.43
11600889,K01442.01,Kepler-407 b,CONFIRMED,0.669310092,1.6274,131.8,1.13,1983.0,3643.96,75.3,0.157,5475.0,4.426,1.003
11197126,K01443.01,,FALSE POSITIVE,4.494498254,1.9742,248.2,62.11,1667.0,1824.84,39.3,1.149,5117.0,3.578,3.403
11043167,K01444.01,Kepler-852 b,CONFIRMED,44.9306706,6.539,438.4,2.49,565.0,24.17,33.8,0.481,6121.0,4.397,1.164
8612847,K01264.01,Kepler-800 b,CONFIRMED,14.13175309,4.0136,1033.0,3.02,675.0,49.18,40.1,0.848,5616.0,4.564,0.822
8552583,K01265.01,,FALSE POSITIVE,1.061934816,3.2551,437.2,25.72,1660.0,1789.63,74.5,1.25,5730.0,4.545,0.87
8547140,K01266.01,Kepler-801 b,CONFIRMED,11.41926141,3.9908,915.6,1.48,419.0,7.32,58.0,0.242,3823.0,4.765,0.492
8519253,K01267.01,,FALSE POSITIVE,5.93821065,2.5128,522.5,61.63,996.0,231.93,33.6,1.646,6123.0,4.545,0.85
8757910,K01269.01,,FALSE POSITIVE,0.655001616,1.8136,271.2,31.77,3162.0,23595.49,104.5,1.121,6426.0,3.965,2.089
4072526,K01329.01,Kepler-819 b,CONFIRMED,33.1996355,5.022,1112.5,2.85,485.0,13.09,32.6,0.017,5102.0,4.463,0.88
4150539,K01330.01,,FALSE POSITIVE,8.65306587,4.486,1048.1,19.78,633.0,37.94,43.0,1.222,4641.0,4.589,0.694
4455231,K01332.01,Kepler-288 c,CONFIRMED,19.30581662,4.2902,709.1,4.0,815.0,104.41,36.3,0.001,5661.0,4.09,1.522
8953257,K01383.01,,FALSE POSITIVE,3.221785738,3.3411,46379.0,25.03,1357.0,800.37,336.4,0.777,6250.0,4.411,1.041
8971432,K01384.01,,FALSE POSITIVE,0.6243875,1.92102,36854.7,29.45,1639.0,1693.36,628.3,1.157,5211.0,4.644,0.618
9278553,K01385.01,,FALSE POSITIVE,18.610092584,4.98308,50833.5,55.23,686.0,52.24,1309.3,1.258,6077.0,4.526,0.891
9527915,K00165.01,Kepler-478 b,CONFIRMED,13.22175358,2.7884,876.5,2.38,640.0,39.56,93.6,0.451,5211.0,4.556,0.799
9143254,K01386.01,,FALSE POSITIVE,1.137525054,2.68228,18006.1,42.74,1746.0,2197.52,633.1,1.238,5912.0,4.467,0.937
8949247,K01387.01,,FALSE POSITIVE,23.799939273,5.02319,60186.4,51.74,637.0,38.92,2065.8,1.137,5934.0,4.473,0.957
11336883,K01445.01,Kepler-853 b,CONFIRMED,7.16893064,4.6766,112.8,1.61,1187.0,469.56,36.3,0.573,6221.0,4.198,1.458
12506351,K01446.01,,FALSE POSITIVE,1.22775877,2.7545,46148.0,48.79,1859.0,2809.86,292.7,1.111,6207.0,4.412,1.044
7622486,K01447.01,,FALSE POSITIVE,40.24649897,6.0203,159414.0,97.54,768.0,82.27,420.9,0.877,6594.0,4.051,1.691
7622486,K01447.02,,FALSE POSITIVE,2.27999662,5.7777,12831.0,20.74,2000.0,3775.07,366.8,0.739,6594.0,4.051,1.691
9705459,K01448.01,,FALSE POSITIVE,2.48658617,2.7189,42122.0,24.39,1461.0,1077.69,91.6,0.079,5892.0,4.35,1.198
8564587,K01270.01,Kepler-57 b,CONFIRMED,5.729317577,1.1816,865.4,2.41,850.0,123.03,59.0,0.597,5320.0,4.589,0.786
10925104,K00156.03,Kepler-114 d,CONFIRMED,11.776132317,2.8971,1430.8,2.08,446.0,9.37,163.5,0.54,3980.0,4.722,0.54
8564587,K01270.02,Kepler-57 c,CONFIRMED,11.60908533,2.2603,489.3,1.71,671.0,48.06,34.1,0.03,5320.0,4.589,0.786
8552498,K01272.01,,FALSE POSITIVE,0.530967162,3.3659,244.9,23.72,2704.0,12644.75,125.5,1.167,6449.0,4.316,1.193
8806072,K01273.01,Kepler-802 b,CONFIRMED,40.05881661,5.595,1239.4,3.43,489.0,13.57,62.6,0.819,5668.0,4.545,0.868
4455231,K01332.02,Kepler-288 b,CONFIRMED,6.09747233,3.431,217.6,2.22,1197.0,485.84,17.4,0.012,5661.0,4.09,1.522
4455231,K01332.03,Kepler-288 d,CONFIRMED,56.637918,6.172,589.7,3.68,570.0,24.87,20.9,0.298,5661.0,4.09,1.522
4285107,K01333.01,,FALSE POSITIVE,2.243016513,2.721,299.6,1.37,1167.0,438.46,59.1,0.737,5462.0,4.614,0.732
4150624,K01334.01,,FALSE POSITIVE,8.6531216,4.39,654.8,22.58,772.0,84.05,35.7,1.214,5421.0,4.564,0.852
8972058,K00159.01,Kepler-115 c,CONFIRMED,8.99088621,4.2447,469.7,2.78,960.0,200.35,93.6,0.77,5881.0,4.315,1.171
9346253,K01388.01,,FALSE POSITIVE,34.064566412,9.6114,28450.4,15.57,570.0,25.0,1305.9,0.524,6161.0,4.517,0.892
9002237,K01389.01,,FALSE POSITIVE,4.350087749,2.6428,23593.0,24.77,1136.0,393.2,192.2,0.986,6060.0,4.495,0.953
9288786,K01390.01,,FALSE POSITIVE,1.744101106,1.5497,9681.4,7.21,1016.0,251.54,152.6,0.618,4368.0,4.593,0.703
8958035,K01391.01,,FALSE POSITIVE,7.981187121,1.8071,7609.5,18.75,966.0,205.88,202.1,1.036,6217.0,4.472,0.989
9040849,K01392.01,,FALSE POSITIVE,4.118775582,3.76,2647.7,4.48,1067.0,306.75,125.6,0.754,5944.0,4.579,0.802
7842610,K01453.01,,FALSE POSITIVE,0.971933156,1.9265,4786.0,50.75,1754.0,2240.48,223.1,1.42,5592.0,4.445,0.931
7830637,K01454.01,,FALSE POSITIVE,121.5991278,15.1596,10537.0,379.63,358.0,3.87,297.0,5.011,6036.0,4.551,0.847
7832356,K01456.01,Kepler-855 b,CONFIRMED,7.886632468,5.2147,6331.2,8.99,996.0,232.07,392.3,0.048,5847.0,4.304,1.135
9643874,K01457.01,Kepler-856 b,CONFIRMED,8.027681123,3.0942,8725.4,8.43,824.0,109.35,461.5,0.495,5569.0,4.546,0.887
8800954,K01274.01,Kepler-421 b,CONFIRMED,704.962626,18.003,2319.1,4.53,178.0,0.24,96.1,0.8495,5305.0,4.489,0.818
8583696,K01275.01,Kepler-803 b,CONFIRMED,50.28635977,6.3212,1119.3,3.88,543.0,20.59,99.5,0.018,5900.0,4.309,1.167
8804283,K01276.01,Kepler-1991 c,CONFIRMED,22.79020351,5.0394,617.9,2.57,634.0,38.27,47.7,0.036,5478.0,4.354,1.053
8804283,K01276.02,Kepler-1991 b,CONFIRMED,13.26079792,3.912,199.4,1.47,760.0,78.79,17.6,0.22,5478.0,4.354,1.053
8552565,K01277.01,,FALSE POSITIVE,1.061932545,2.1429,133.6,2.29,2508.0,9391.15,80.2,0.713,6134.0,3.975,1.851
4155328,K01335.01,Kepler-820 b,CONFIRMED,127.8334997,10.914,1829.9,9.46,554.0,22.21,76.9,0.416,6505.0,3.973,2.17
4077526,K01336.01,Kepler-58 b,CONFIRMED,10.21864532,3.802,445.3,2.33,920.0,169.13,26.6,0.416,6100.0,4.376,1.083
4077526,K01336.02,Kepler-58 c,CONFIRMED,15.573637,5.326,468.1,2.94,799.0,96.38,24.7,0.946,6100.0,4.376,1.083
4077526,K01336.03,Kepler-58 d,CONFIRMED,40.1015561,5.246,550.0,2.92,583.0,27.31,19.0,0.868,6100.0,4.376,1.083
4077526,K01336.04,Kepler-58 e,CONFIRMED,4.45814897,2.867,188.1,1.61,1212.0,511.6,14.3,0.754,6100.0,4.376,1.083
8937021,K01394.01,,FALSE POSITIVE,5.663621501,1.2968,1225.0,2.47,774.0,84.76,39.8,0.169,4917.0,4.601,0.723
8935810,K01395.01,Kepler-1747 b,CONFIRMED,6.230335,1.6493,1449.2,3.7,875.0,138.33,31.6,0.808,5477.0,4.557,0.865
2441495,K00166.01,Kepler-479 b,CONFIRMED,12.49340725,2.2614,715.7,2.2,649.0,42.08,76.2,0.594,5207.0,4.561,0.795
9455556,K01396.01,Kepler-294 c,CONFIRMED,6.62643441,3.1752,814.6,2.54,895.0,151.59,40.6,0.111,5616.0,4.529,0.903
9455556,K01396.02,Kepler-294 b,CONFIRMED,3.70122061,2.523,327.4,1.62,1087.0,330.02,19.6,0.178,5616.0,4.529,0.903
3732821,K01207.01,Kepler-790 b,CONFIRMED,13.73474071,2.769,746.4,2.71,634.0,38.11,31.0,0.941,5196.0,4.524,0.772
3962357,K01210.01,Kepler-791 b,CONFIRMED,14.55387488,6.973,319.7,3.45,939.0,183.48,26.8,0.955,6143.0,4.177,1.507
9110357,K00016.01,,FALSE POSITIVE,0.895277575,2.711,534.5,9.27,4253.0,77480.31,132.1,0.928,8040.0,3.707,3.325
8394721,K00152.04,Kepler-79 e,CONFIRMED,81.0637895,3.001,476.0,3.01,511.0,16.12,19.4,0.584,6198.0,4.237,1.324
8609450,K01278.01,Kepler-282 d,CONFIRMED,24.8056775,6.148,624.4,2.16,588.0,28.22,39.4,0.007,5600.0,4.455,0.872
6541920,K00157.01,Kepler-11 c,CONFIRMED,13.02493307,4.5706,778.4,2.88,786.0,90.1,119.3,0.004,5657.0,4.364,1.046
8609450,K01278.02,Kepler-282 e,CONFIRMED,44.3471936,6.43,791.7,2.45,484.0,13.0,40.5,0.273,5600.0,4.455,0.872
8609450,K01278.03,Kepler-282 b,CONFIRMED,9.2207691,4.907,140.0,1.02,817.0,105.63,13.2,0.037,5600.0,4.455,0.872
8609450,K01278.04,Kepler-282 c,CONFIRMED,13.6396648,5.425,162.7,1.1,717.0,62.6,13.3,0.105,5600.0,4.455,0.872
4243911,K01337.01,Kepler-821 b,CONFIRMED,1.922799706,1.8604,259.7,1.28,1215.0,514.44,30.1,0.036,5194.0,4.559,0.815
4466677,K01338.01,Kepler-822 b,CONFIRMED,3.222975318,2.9247,232.7,1.47,1239.0,558.65,31.3,0.33,5823.0,4.427,0.96
4135665,K01339.01,Kepler-823 b,CONFIRMED,4.16811839,2.8084,263.0,2.28,1277.0,628.73,26.7,0.709,5689.0,4.202,1.313
9269281,K01398.01,Kepler-1748 b,CONFIRMED,5.82348911,2.2441,888.7,3.0,955.0,196.33,38.1,0.877,5774.0,4.526,0.864
9157908,K01400.01,,FALSE POSITIVE,9.41475056,4.736,483.4,19.33,962.0,202.58,55.2,1.148,6406.0,4.436,1.033
9030447,K01401.01,,FALSE POSITIVE,0.56669006,2.1674,104.6,1.52,2955.0,18023.71,53.8,0.7102,6899.0,4.273,1.386
9034103,K01402.01,Kepler-832 b,CONFIRMED,7.13969705,3.981,512.9,2.24,965.0,205.23,27.8,0.027,6014.0,4.486,0.993
9214942,K01403.01,Kepler-833 b,CONFIRMED,18.75470238,3.0331,995.3,1.67,382.0,5.03,33.2,0.034,3976.0,4.721,0.54
3858704,K01211.01,,FALSE POSITIVE,3.00363219,3.732,101.2,1.43,1571.0,1441.44,38.5,0.727,6309.0,4.217,1.32
3749134,K01212.01,Kepler-792 b,CONFIRMED,11.30123036,4.022,277.1,1.85,852.0,124.42,18.5,0.117,5730.0,4.34,1.122
3556220,K01213.01,,FALSE POSITIVE,0.796722833,2.4551,107.1,1.44,2401.0,7844.64,43.9,0.601,5959.0,4.121,1.334
3660924,K01214.01,Kepler-793 b,CONFIRMED,4.24153629,2.971,188.1,1.44,1177.0,452.95,18.0,0.257,5776.0,4.34,1.047
3939150,K01215.01,Kepler-277 b,CONFIRMED,17.32419108,8.045,241.3,3.14,964.0,204.1,49.1,0.764,5968.0,3.972,1.857
8628758,K01279.01,Kepler-804 b,CONFIRMED,14.37457572,4.7892,335.8,1.94,779.0,87.24,55.2,0.035,5768.0,4.358,1.067
8628758,K01279.02,Kepler-804 c,CONFIRMED,9.65188331,4.296,103.2,1.08,890.0,148.32,19.8,0.122,5768.0,4.358,1.067
8509361,K01280.01,,FALSE POSITIVE,6.0990118,3.6112,227.5,3.16,1374.0,842.53,39.3,0.688,5743.0,3.881,1.971
8742590,K01281.01,Kepler-1742 b,CONFIRMED,49.4781446,2.493,496.6,1.88,462.0,10.73,20.4,0.048,5776.0,4.554,0.849
8822366,K01282.01,Kepler-805 b,CONFIRMED,30.8639476,8.864,256.5,3.01,743.0,72.05,63.0,0.907,5977.0,4.08,1.571
8972058,K00159.02,Kepler-115 b,CONFIRMED,2.403640701,1.4012,74.9,1.24,1489.0,1164.85,16.3,0.918,5881.0,4.315,1.171
4386059,K01340.01,,FALSE POSITIVE,2.90060781,2.563,124.8,1.58,1645.0,1727.31,20.6,0.47,6547.0,4.241,1.371
4650674,K01341.01,Kepler-824 b,CONFIRMED,4.51436096,3.0083,230.7,1.84,1231.0,543.73,28.4,0.118,5940.0,4.306,1.215
4275721,K01342.01,Kepler-825 b,CONFIRMED,3.77359871,2.7282,176.0,1.29,1270.0,614.52,25.6,0.0,6224.0,4.404,0.969
4275721,K01342.02,Kepler-825 c,CONFIRMED,8.18182189,2.4566,299.6,1.77,981.0,218.9,27.4,0.655,6224.0,4.404,0.969
8874090,K01404.01,Kepler-834 b,CONFIRMED,13.32389352,3.2208,781.3,1.26,378.0,4.83,25.9,0.073,3751.0,4.813,0.45
11666881,K00167.01,Kepler-480 b,CONFIRMED,4.919584997,4.1988,425.7,2.86,1312.0,702.13,132.0,0.243,6236.0,4.246,1.378
9264949,K01405.01,Kepler-835 b,CONFIRMED,11.41911886,5.135,509.2,3.32,921.0,170.33,23.7,0.947,6311.0,4.398,1.172
9271752,K01406.01,Kepler-836 b,CONFIRMED,11.36113254,4.1886,569.5,2.6,869.0,134.97,57.0,0.734,6244.0,4.46,1.009
9007866,K01407.01,,FALSE POSITIVE,1.3866358,4.77,70.1,0.72,1503.0,1205.94,6.8,0.3783,5693.0,4.551,0.856
9150827,K01408.01,Kepler-1749 b,CONFIRMED,14.53410833,3.3094,510.6,1.36,420.0,7.34,32.5,0.766,3957.0,4.693,0.553
3939150,K01215.02,Kepler-277 c,CONFIRMED,33.0063185,7.118,278.1,3.13,778.0,86.38,38.2,0.39,5968.0,3.972,1.857
3839488,K01216.01,Kepler-794 b,CONFIRMED,11.13127159,4.2372,211.2,2.06,952.0,194.31,36.8,0.01,5800.0,4.202,1.435
3542588,K01217.01,,FALSE POSITIVE,3.47143963,3.663,99.8,1.19,1358.0,805.05,27.5,0.719,6341.0,4.409,1.111
3442055,K01218.01,Kepler-795 b,CONFIRMED,29.6193891,4.9595,314.7,1.74,580.0,26.79,42.5,0.046,5618.0,4.401,0.996
12252424,K00153.01,Kepler-113 c,CONFIRMED,8.925079516,2.6766,977.5,2.36,628.0,36.89,135.8,0.74,4728.0,4.628,0.693
8700771,K01283.01,Kepler-806 b,CONFIRMED,8.0922105,5.7696,65.3,1.44,1089.0,331.65,37.5,0.951,5774.0,4.106,1.395
10960993,K01284.01,,FALSE POSITIVE,3.117087797,3.06941,12152.1,88.51,1842.0,2725.12,441.7,1.255,6338.0,3.973,2.046
6541920,K00157.02,Kepler-11 d,CONFIRMED,22.687155,5.4921,960.0,3.2,653.0,42.95,122.8,0.023,5657.0,4.364,1.046
10599397,K01285.01,,FALSE POSITIVE,0.937406378,1.9515,5079.6,7.09,1659.0,1790.11,138.9,0.8735,5480.0,4.529,0.843
10879208,K01286.01,,FALSE POSITIVE,0.668483615,2.0909,2899.8,29.53,1832.0,2642.17,161.2,1.269,5546.0,4.575,0.81
10843203,K01287.01,,FALSE POSITIVE,4.429633087,3.0257,6120.1,32.12,950.0,192.62,166.3,1.264,5344.0,4.545,0.809
4570931,K01343.01,,FALSE POSITIVE,1.544927524,1.0134,138.5,1.39,1824.0,2606.96,25.4,0.533,6309.0,4.34,1.132
4136466,K01344.01,Kepler-826 b,CONFIRMED,4.48758768,2.874,112.0,1.37,1305.0,684.07,25.9,0.532,6060.0,4.227,1.257
7284688,K01345.01,,FALSE POSITIVE,0.323021692,2.3442,47100.0,46.4,2545.0,9913.7,520.6,1.1083,5458.0,4.381,0.972
7199774,K01346.01,,FALSE POSITIVE,4.70818628,3.278,56545.0,42.99,1046.0,282.41,24.7,1.082,5868.0,4.53,0.894
7037540,K01347.01,,FALSE POSITIVE,14.405857436,5.48509,30430.6,23.42,888.0,146.95,2294.1,0.001,5945.0,4.196,1.346
6866228,K01348.01,,FALSE POSITIVE,7.702374154,3.8459,18377.0,225.25,825.0,109.38,157.2,3.346,5598.0,4.565,0.83
9391208,K01409.01,Kepler-837 b,CONFIRMED,16.56062577,2.611,700.8,2.94,701.0,57.28,30.8,0.96,5818.0,4.436,0.855
9391506,K01410.01,Kepler-838 b,CONFIRMED,15.74958583,4.6672,659.5,2.77,777.0,86.18,42.6,0.637,6191.0,4.454,1.025
8950853,K01412.01,Kepler-839 b,CONFIRMED,37.8145252,9.109,412.5,3.04,626.0,36.25,57.9,0.845,5988.0,4.278,1.314
9006449,K01413.01,Kepler-295 b,CONFIRMED,12.64504291,9.117,200.4,1.55,741.0,71.28,32.7,0.931,5607.0,4.447,0.886
9006449,K01413.02,Kepler-295 c,CONFIRMED,21.5262958,8.392,190.0,1.36,621.0,35.03,23.4,0.804,5607.0,4.447,0.886
9006449,K01413.03,Kepler-295 d,CONFIRMED,33.8845825,6.538,224.1,1.74,533.0,19.13,17.2,0.961,5607.0,4.447,0.886
4043190,K01220.01,Kepler-796 b,CONFIRMED,6.40087137,2.5561,133.6,1.91,1109.0,357.44,24.4,0.861,5426.0,4.107,1.421
3640905,K01221.01,Kepler-278 b,CONFIRMED,30.1599411,7.874,175.9,4.54,836.0,115.69,32.3,0.802,5010.0,3.62,3.051
3640905,K01221.02,Kepler-278 c,CONFIRMED,51.0771048,11.233,141.5,3.66,702.0,57.28,24.1,0.498,5010.0,3.62,3.051
4060815,K01222.01,,FALSE POSITIVE,4.2856756,4.059,31.4,2.13,1790.0,2429.13,8.3,0.5445,5055.0,3.443,3.733
6613006,K01223.01,,FALSE POSITIVE,7.388833611,5.62857,13063.5,10.66,877.0,139.94,1509.3,0.799,5845.0,4.558,0.838
6606653,K01224.01,,FALSE POSITIVE,2.698021895,23.192,6721.2,52.51,1582.0,1481.76,647.1,1.3,6568.0,4.36,1.211
10790387,K01288.01,Kepler-807 b,CONFIRMED,117.93110803,5.8796,8506.6,10.36,418.0,7.2,212.5,0.615,6392.0,4.425,1.072
10748393,K01289.01,,FALSE POSITIVE,4.887806806,2.4078,4676.0,5.71,918.0,167.54,116.1,0.561,5284.0,4.523,0.812
10874226,K01290.01,,FALSE POSITIVE,11.973605044,4.3117,3822.9,38.2,820.0,106.83,172.9,1.3,6146.0,4.497,0.943
10661771,K01291.01,,FALSE POSITIVE,1.231364189,5.8574,1097.1,5.39,1707.0,2005.15,229.7,0.995,5897.0,4.429,0.891
10924853,K01292.01,,FALSE POSITIVE,2.102416517,1.7684,1502.5,29.29,1435.0,1003.06,94.3,1.236,5999.0,4.494,0.959
10874926,K01293.01,,FALSE POSITIVE,11.703109303,2.0467,4201.0,37.3,811.0,102.47,126.6,1.279,6014.0,4.494,0.958
6631721,K00160.01,,FALSE POSITIVE,13.73808249,3.354,660.7,3.84,912.0,163.52,68.4,0.957,6375.0,4.292,1.178
6847018,K01349.01,,FALSE POSITIVE,16.66216657,3.8762,27442.0,843.45,834.0,114.41,114.5,7.444,6440.0,4.38,1.169
7220322,K01350.01,,FALSE POSITIVE,0.752159702,2.3621,3425.0,43.73,2224.0,5767.22,291.1,1.272,5916.0,4.296,1.175
6956233,K01352.01,,FALSE POSITIVE,4.81886153,6.223,1318.6,2.96,803.0,98.29,86.3,0.924,5030.0,4.658,0.651
7303287,K01353.01,Kepler-289 c,CONFIRMED,125.86540191,9.0191,12389.5,12.37,394.0,5.71,544.7,0.101,5933.0,4.342,1.115
7303287,K01353.02,Kepler-289 b,CONFIRMED,34.5439452,3.482,429.8,2.67,607.0,32.02,23.4,0.87,5933.0,4.342,1.115
11512246,K00168.01,Kepler-23 c,CONFIRMED,10.74241765,6.0633,415.2,3.06,1008.0,243.94,95.4,0.034,5761.0,4.091,1.518
8916492,K01414.01,,FALSE POSITIVE,4.02378908,3.237,32.1,2.24,2504.0,9293.19,36.1,0.715,7516.0,3.651,3.685
11193447,K01415.01,,FALSE POSITIVE,0.312941621,2.0646,35262.0,58.02,3151.0,23300.36,413.9,1.1789,6286.0,4.312,1.188
11517719,K01416.01,Kepler-840 b,CONFIRMED,2.495780169,4.2721,25070.0,15.75,1408.0,929.47,171.4,0.133,6039.0,4.426,0.992
11599264,K01417.01,,FALSE POSITIVE,8.428090255,1.881,11355.5,517.43,817.0,105.54,183.0,6.787,5761.0,4.573,0.805
11100657,K01418.01,,FALSE POSITIVE,8.344104633,1.8014,9695.0,836.31,785.0,89.55,89.7,10.047,5447.0,4.559,0.838
6621116,K01226.01,,FALSE POSITIVE,137.75960504,9.1713,83298.0,49.52,396.0,5.81,885.9,0.776,5323.0,4.085,1.452
6629332,K01227.01,,FALSE POSITIVE,2.155278342,2.1064,20739.0,16.89,1272.0,620.67,142.7,0.926,5665.0,4.568,0.82
6387450,K01228.01,,FALSE POSITIVE,3.661326482,2.5714,17846.0,12.07,1023.0,258.6,424.6,0.812,5319.0,4.501,0.798
12252424,K00153.02,Kepler-113 b,CONFIRMED,4.75400072,2.5394,748.7,2.0,775.0,85.23,141.4,0.672,4728.0,4.628,0.693
6470149,K01230.01,,FALSE POSITIVE,165.739861,24.9393,7343.4,57.54,692.0,54.1,527.8,0.263,5019.0,2.99,6.836
10549562,K01294.01,,FALSE POSITIVE,9.08937826,6.255,779.8,5.35,1104.0,351.45,72.7,0.982,6739.0,4.332,1.275
10874614,K00017.01,Kepler-6 b,CONFIRMED,3.234699282,3.59385,10558.7,13.06,1356.0,797.62,3003.8,0.079,5640.0,4.236,1.291
6541920,K00157.03,Kepler-11 e,CONFIRMED,31.99552485,4.2817,1376.1,4.12,582.0,27.17,128.0,0.69,5657.0,4.364,1.046
10666230,K01295.01,,FALSE POSITIVE,1.577800747,2.1626,697.7,31.24,1513.0,1236.23,79.6,1.332,6089.0,4.566,0.802
10971674,K01296.01,,FALSE POSITIVE,2.380862632,4.20416,32634.0,21.65,1480.0,1133.0,2590.6,0.664,5821.0,4.297,1.129
6891543,K01354.01,,FALSE POSITIVE,1.752567456,5.4993,607.3,26.56,1502.0,1202.54,92.2,1.218,5739.0,4.433,0.996
7211141,K01355.01,Kepler-827 b,CONFIRMED,51.92920654,5.2637,3425.8,8.49,574.0,25.6,81.8,0.398,5671.0,4.128,1.442
7376983,K01358.01,Kepler-1987 d,CONFIRMED,5.644914154,2.2599,1397.9,2.66,744.0,72.38,63.9,0.445,4769.0,4.622,0.714
5084942,K00161.01,Kepler-475 b,CONFIRMED,3.105507835,1.7458,904.6,2.68,980.0,217.91,178.6,0.799,4989.0,4.585,0.791
11125936,K01419.01,,FALSE POSITIVE,1.336109338,1.7419,2204.3,35.19,1727.0,2106.49,150.0,1.28,6119.0,4.46,0.967
11497958,K01422.01,Kepler-296 c,CONFIRMED,5.841636615,1.8734,1336.3,1.38,446.0,9.38,41.1,0.026,3526.0,4.866,0.383
11497958,K01422.02,Kepler-296 d,CONFIRMED,19.85029495,2.8407,1607.5,1.52,297.0,1.83,34.4,0.217,3526.0,4.866,0.383
11512246,K00168.02,Kepler-23 d,CONFIRMED,15.27443889,6.0765,206.7,2.17,896.0,152.62,40.3,0.153,5761.0,4.091,1.518
6462874,K01231.01,,FALSE POSITIVE,22.34293693,7.0813,2691.1,2.92,399.0,6.01,35.3,0.001,4260.0,4.663,0.58
6665223,K01232.01,,FALSE POSITIVE,119.40817159,9.3537,18563.3,16.26,328.0,2.72,508.4,0.915,5316.0,4.477,0.872
6545358,K01233.01,,FALSE POSITIVE,1.171536413,1.5878,1132.7,7.12,2387.0,7673.2,67.0,0.973,7021.0,4.275,1.485
6390824,K01234.01,,FALSE POSITIVE,0.973547911,2.2858,435.7,11.52,1814.0,2556.6,38.7,1.097,6084.0,4.542,0.863
6546528,K01235.01,,FALSE POSITIVE,3.053563251,3.2551,508.4,21.79,1171.0,444.16,50.4,1.208,5764.0,4.548,0.863
10676923,K01297.01,,FALSE POSITIVE,1.031096352,2.781,265.4,2.36,2020.0,3954.46,37.8,0.979,6371.0,4.426,1.072
10604335,K01298.01,Kepler-283 b,CONFIRMED,11.00817635,2.013,1462.5,2.15,488.0,13.39,42.1,0.025,4141.0,4.684,0.582
10604335,K01298.02,Kepler-283 c,CONFIRMED,92.7495777,5.506,1105.1,1.87,240.0,0.78,18.0,0.019,4141.0,4.684,0.582
10864656,K01299.01,Kepler-432 b,CONFIRMED,52.5008645,14.9066,946.7,12.41,812.0,102.94,116.2,0.11,4976.0,3.331,4.157
10975146,K01300.01,Kepler-808 b,CONFIRMED,0.63133171,1.1487,434.5,1.2,1322.0,726.72,95.8,0.726,4441.0,4.71,0.53
10538176,K01301.01,Kepler-284 b,CONFIRMED,12.69905011,2.9899,797.4,2.62,686.0,52.55,30.4,0.663,5291.0,4.489,0.882
7376983,K01358.02,Kepler-1987 e,CONFIRMED,8.74292005,2.6277,779.5,1.92,643.0,40.33,30.7,0.025,4769.0,4.622,0.714
7376983,K01358.03,Kepler-1987 c,CONFIRMED,3.64830183,1.9985,371.7,1.33,860.0,129.44,19.9,0.063,4769.0,4.622,0.714
7376983,K01358.04,Kepler-1987 b,CONFIRMED,2.345863002,1.6795,316.7,1.23,997.0,233.38,19.6,0.035,4769.0,4.622,0.714
6946199,K01359.01,Kepler-1744 b,CONFIRMED,37.1011418,5.5556,1357.5,3.19,532.0,18.95,55.2,0.41,5986.0,4.527,0.85
11497958,K01422.03,Kepler-296 b,CONFIRMED,10.8644095,1.853,748.7,1.14,363.0,4.09,16.8,0.763,3526.0,4.866,0.383
11177707,K01423.01,Kepler-841 b,CONFIRMED,124.4197175,3.7197,4107.0,10.3,416.0,7.07,39.9,0.017,5066.0,3.974,1.659
11611600,K01424.01,Kepler-842 b,CONFIRMED,1.219568047,1.5681,494.9,1.51,1252.0,578.96,65.9,0.067,4838.0,4.625,0.701
11254382,K01425.01,Kepler-843 b,CONFIRMED,2.05388477,2.1635,546.7,2.74,1523.0,1271.11,50.0,0.282,5632.0,4.282,1.176
11122894,K01426.01,Kepler-297 b,CONFIRMED,38.86848956,6.0573,1004.9,2.81,509.0,15.89,73.4,0.028,5618.0,4.46,0.897
6677841,K01236.01,Kepler-279 c,CONFIRMED,35.7353616,8.491,778.8,5.47,774.0,84.66,58.4,0.878,6366.0,4.045,1.697
6677841,K01236.02,Kepler-279 b,CONFIRMED,12.30971679,6.74,396.0,3.82,1104.0,350.46,45.9,0.847,6366.0,4.045,1.697
6677841,K01236.03,Kepler-279 d,CONFIRMED,54.4205407,8.559,598.0,3.2,574.0,25.6,44.9,0.9414,6781.0,4.422,1.067
6531491,K01237.01,,FALSE POSITIVE,14.32407216,4.6577,2053.9,38.86,782.0,88.38,58.0,1.292,6022.0,4.453,1.039
6383821,K01238.01,Kepler-797 b,CONFIRMED,27.07237655,6.9592,514.2,2.18,605.0,31.58,44.0,0.015,5936.0,4.501,0.965
10538176,K01301.02,Kepler-284 c,CONFIRMED,37.5142128,5.303,935.0,2.68,478.0,12.38,28.9,0.366,5291.0,4.489,0.882
10724369,K01302.01,Kepler-809 b,CONFIRMED,55.6391882,7.316,853.0,3.13,478.0,12.33,48.3,0.811,5949.0,4.493,0.962
6541920,K00157.04,Kepler-11 f,CONFIRMED,46.6856205,6.3794,588.8,2.52,513.0,16.41,59.0,0.217,5657.0,4.364,1.046
10744335,K01304.01,Kepler-810 b,CONFIRMED,4.59726613,2.909,313.0,1.69,1105.0,352.4,17.0,0.033,5999.0,4.494,0.959
4860678,K01602.01,Kepler-1758 b,CONFIRMED,9.97716876,5.908,252.9,2.53,1028.0,263.89,21.8,0.002,5557.0,4.037,1.616
5177104,K01603.01,Kepler-904 b,CONFIRMED,3.02168007,2.8264,171.9,1.31,1332.0,744.35,32.9,0.349,6201.0,4.472,0.989
7023960,K00187.01,,FALSE POSITIVE,30.882538697,5.3737,24012.0,15.4,593.0,29.12,1266.2,0.197,6014.0,4.486,0.993
10033279,K01604.01,,FALSE POSITIVE,72.4914068,3.612,1063.5,15.33,700.0,56.76,39.2,0.989,5754.0,3.639,2.758
5009189,K01605.01,,FALSE POSITIVE,4.93913074,1.362,382.9,24.03,1182.0,461.47,22.0,1.167,5956.0,4.324,1.17
8230616,K01713.02,Kepler-316 b,CONFIRMED,2.240486703,1.3988,436.3,1.22,837.0,115.98,33.8,0.461,4198.0,4.689,0.574
9836959,K01715.01,Kepler-1766 b,CONFIRMED,105.0145774,7.426,296.0,2.29,406.0,6.44,33.9,0.954,5868.0,4.363,1.042
9838949,K01716.01,Kepler-935 b,CONFIRMED,4.88084456,2.5574,343.0,1.55,879.0,141.0,32.6,0.227,4929.0,4.481,0.861
9895006,K01717.01,Kepler-936 b,CONFIRMED,10.56137217,3.2645,238.4,2.43,867.0,133.56,21.7,0.963,5610.0,4.316,1.171
9896558,K01718.01,Kepler-937 b,CONFIRMED,67.6690554,9.556,961.1,3.39,495.0,14.24,37.2,0.354,6127.0,4.356,1.08
9589323,K01488.01,Kepler-861 b,CONFIRMED,3.949627144,1.5485,807.2,2.32,966.0,206.05,45.1,0.049,5155.0,4.523,0.836
9823487,K01489.01,Kepler-1753 b,CONFIRMED,16.00460392,3.9475,831.9,2.24,583.0,27.41,34.3,0.49,5180.0,4.597,0.769
9602514,K01490.01,,FALSE POSITIVE,3.55650737,8.545,293.6,3.05,1405.0,918.25,77.1,0.01,4951.0,3.876,1.843
9726659,K01491.01,Kepler-862 b,CONFIRMED,3.148661555,2.1978,550.5,2.15,1097.0,342.76,35.3,0.652,5258.0,4.458,0.873
12108312,K01492.01,,FALSE POSITIVE,0.70544824,2.9423,462.4,20.03,1868.0,2899.07,118.2,1.2,5717.0,4.564,0.826
5371776,K01557.01,Kepler-304 b,CONFIRMED,3.295701024,1.8268,1745.7,2.81,875.0,138.38,114.7,0.267,4723.0,4.628,0.691
5371776,K01557.02,Kepler-304 d,CONFIRMED,9.65349016,2.9029,1308.6,2.41,611.0,32.98,63.1,0.149,4723.0,4.628,0.691
5371776,K01557.03,Kepler-304 c,CONFIRMED,5.315954488,1.1165,965.9,2.33,746.0,73.19,37.7,0.718,4723.0,4.628,0.691
9573539,K00180.01,Kepler-484 b,CONFIRMED,10.04556377,3.2027,671.4,2.19,766.0,81.61,66.5,0.075,5632.0,4.554,0.853
5371776,K01557.04,Kepler-304 e,CONFIRMED,1.499144441,1.4259,258.9,1.09,1137.0,395.06,22.2,0.331,4723.0,4.628,0.691
9886661,K01606.01,Kepler-905 b,CONFIRMED,5.082748362,1.7732,276.7,1.4,928.0,175.06,40.9,0.063,5430.0,4.555,0.858
5477805,K01607.01,,FALSE POSITIVE,5.00673576,1.9398,191.2,2.0,1324.0,726.94,26.6,0.599,6116.0,4.158,1.383
10055126,K01608.01,Kepler-311 b,CONFIRMED,9.17617167,4.2642,206.9,1.66,960.0,200.99,34.3,0.107,5903.0,4.3,1.156
10055126,K01608.02,Kepler-311 c,CONFIRMED,19.7383992,4.894,168.1,1.61,744.0,72.32,20.3,0.732,5903.0,4.3,1.156
5009743,K01609.01,Kepler-906 b,CONFIRMED,41.6980186,5.7047,440.8,2.03,537.0,19.61,43.4,0.002,5997.0,4.466,0.971
10015937,K01720.01,Kepler-1767 b,CONFIRMED,59.6585348,5.514,1043.8,3.59,393.0,5.66,21.2,0.956,5243.0,4.547,0.831
10019065,K01721.01,Kepler-938 b,CONFIRMED,52.6298542,6.118,675.8,3.68,544.0,20.65,27.2,0.311,5339.0,4.096,1.433
7950644,K00192.01,Kepler-427 b,CONFIRMED,10.290994129,4.28889,9655.7,13.43,996.0,233.08,1245.7,0.049,5803.0,4.134,1.373
10080248,K01722.01,Kepler-939 b,CONFIRMED,14.8783945,7.491,322.8,1.63,692.0,54.19,22.9,0.749,5822.0,4.557,0.837
10213902,K01723.01,Kepler-940 b,CONFIRMED,59.6222627,6.888,993.4,3.63,486.0,13.23,31.9,0.873,6108.0,4.471,0.997
9842906,K01493.01,,FALSE POSITIVE,4.9883873,9.059,507.6,3.28,1236.0,550.52,42.4,0.944,6418.0,4.395,1.171
11821363,K01494.01,Kepler-1754 b,CONFIRMED,8.19596647,2.824,792.8,2.04,672.0,48.2,20.2,0.252,4723.0,4.557,0.747
7629518,K01495.01,Kepler-863 b,CONFIRMED,15.59466045,5.0478,867.7,2.74,718.0,62.88,49.2,0.266,5900.0,4.5,0.929
10810838,K00174.01,Kepler-482 b,CONFIRMED,56.35407916,3.4449,1037.0,2.59,352.0,3.63,59.4,0.835,4802.0,4.582,0.701
4828341,K01496.01,,FALSE POSITIVE,36.12895451,2.2348,3758.6,53.72,546.0,21.05,66.3,1.474,5921.0,4.484,0.912
10019763,K01558.01,,FALSE POSITIVE,32.50456309,2.4657,7589.6,10.68,591.0,28.8,148.1,0.927,6132.0,4.479,0.947
9899280,K01559.01,,FALSE POSITIVE,1.332560589,4.2427,566.6,1.4,1086.0,330.32,108.8,0.009,4489.0,4.662,0.609
4940438,K01561.01,,FALSE POSITIVE,9.08590495,2.0718,2121.3,6.28,861.0,130.1,50.5,0.978,5931.0,4.479,0.866
5308663,K01562.01,,FALSE POSITIVE,0.784512952,2.4623,586.0,25.48,1952.0,3432.93,44.4,1.234,5997.0,4.522,0.904
5474733,K01610.01,,FALSE POSITIVE,0.883778461,1.6339,120.1,1.09,1934.0,3316.4,31.7,0.605,5975.0,4.453,0.949
10963065,K01612.01,Kepler-408 b,CONFIRMED,2.465024332,1.262,30.7,0.69,1561.0,1406.11,23.2,0.548,6139.0,4.291,1.194
6268648,K01613.01,Kepler-907 b,CONFIRMED,15.86624787,4.25,77.3,1.31,879.0,141.18,28.4,0.858,6099.0,4.193,1.308
10125352,K00021.01,,FALSE POSITIVE,4.288515468,2.2959,3456.7,76.51,1722.0,2081.57,292.1,1.283,6378.0,3.878,2.002
5357901,K00188.01,Kepler-425 b,CONFIRMED,3.797018259,2.2608,14431.2,10.07,982.0,219.64,1549.0,0.321,5167.0,4.527,0.848
4278221,K01615.01,Kepler-908 b,CONFIRMED,1.340596782,1.6484,107.5,1.16,1783.0,2393.35,37.6,0.007,5992.0,4.385,1.125
10214162,K01724.01,Kepler-941 b,CONFIRMED,17.42393582,4.929,770.9,3.29,722.0,64.13,33.2,0.927,6018.0,4.46,0.969
10905746,K01725.01,Kepler-1651 b,CONFIRMED,9.8786461,1.8915,1472.7,1.6,393.0,5.65,49.2,0.019,3609.0,4.843,0.422
8242434,K01726.01,Kepler-942 b,CONFIRMED,44.96407458,4.981,811.6,2.0,379.0,4.89,88.0,0.11,4827.0,4.615,0.729
6185331,K01727.01,Kepler-943 b,CONFIRMED,49.7700907,10.065,3529.2,5.12,455.0,10.16,109.8,0.655,5774.0,4.567,0.818
11820830,K01728.01,,FALSE POSITIVE,12.7319385,4.4157,11449.0,70.11,1145.0,405.75,69.9,1.278,7238.0,4.221,1.568
11774387,K01497.01,,FALSE POSITIVE,0.520222869,1.2216,269.5,1.52,2145.0,5038.49,28.9,0.562,5776.0,4.527,0.889
9636135,K01498.01,Kepler-864 b,CONFIRMED,5.83376197,3.9988,532.9,2.98,1143.0,403.49,36.6,0.742,6213.0,4.387,1.195
9636135,K01498.02,Kepler-864 c,CONFIRMED,2.42150341,2.965,171.5,1.62,1532.0,1305.04,15.8,0.55,6213.0,4.387,1.195
7841925,K01499.01,Kepler-865 b,CONFIRMED,14.16400071,4.3031,728.1,2.35,694.0,54.95,71.5,0.027,5440.0,4.438,0.885
7841925,K01499.03,Kepler-865 c,CONFIRMED,6.20920207,2.637,101.9,0.89,914.0,164.98,12.1,0.272,5440.0,4.438,0.885
5219234,K01563.01,Kepler-305 b,CONFIRMED,5.48711441,2.93,1328.6,3.24,836.0,115.29,51.9,0.812,5103.0,4.562,0.787
5219234,K01563.02,Kepler-305 c,CONFIRMED,8.29084167,3.613,1033.9,3.21,728.0,66.47,34.7,0.929,5103.0,4.562,0.787
5219234,K01563.03,Kepler-305 e,CONFIRMED,3.20539622,2.143,453.6,1.7,1000.0,236.11,20.6,0.512,5103.0,4.562,0.787
5219234,K01563.04,Kepler-305 d,CONFIRMED,16.73869035,2.398,996.8,2.56,576.0,26.06,20.4,0.578,5103.0,4.562,0.787
12504988,K00181.01,,FALSE POSITIVE,5.093938816,3.93144,25026.7,17.19,1137.0,395.38,1131.7,0.618,6197.0,4.449,1.035
9015738,K01616.01,Kepler-909 b,CONFIRMED,13.93291548,2.6239,131.6,1.66,852.0,124.53,28.9,0.908,6026.0,4.321,1.207
7215603,K01618.01,Kepler-910 b,CONFIRMED,2.36436762,3.372,28.4,0.82,1752.0,2228.09,12.4,0.146,6250.0,4.184,1.543
5561278,K01621.01,Kepler-911 b,CONFIRMED,20.31047472,5.3357,164.6,2.41,931.0,177.81,46.1,0.05,6065.0,3.97,1.877
6387542,K01626.01,Kepler-912 b,CONFIRMED,2.53475568,4.5716,463.0,2.02,1218.0,519.95,51.3,0.878,5662.0,4.532,0.806
6869184,K01732.01,Kepler-944 b,CONFIRMED,43.3167427,4.995,987.5,2.42,459.0,10.47,27.1,0.034,5654.0,4.59,0.774
10799735,K00193.01,,FALSE POSITIVE,37.590298548,4.3855,19938.9,14.39,573.0,25.53,929.0,0.38,6147.0,4.463,1.003
6604328,K01736.01,Kepler-945 b,CONFIRMED,31.0033072,5.253,645.2,2.72,616.0,34.03,22.1,0.151,6090.0,4.447,1.071
9719634,K01500.01,,FALSE POSITIVE,3.351556891,2.4005,341.9,1.64,1074.0,314.73,38.8,0.129,5185.0,4.442,0.911
7439316,K01501.01,Kepler-866 b,CONFIRMED,2.617028373,2.046,499.4,1.57,996.0,233.23,30.8,0.146,4831.0,4.568,0.724
12061238,K01502.01,,FALSE POSITIVE,1.876406096,1.531,433.8,1.57,1192.0,476.68,37.0,0.302,5198.0,4.6,0.759
8323753,K00175.01,,FALSE POSITIVE,6.71425632,3.339,283.5,5.76,1565.0,1416.6,46.5,0.965,6093.0,3.737,2.623
12400538,K01503.01,Kepler-867 b,CONFIRMED,150.2412582,10.849,2378.5,4.6,327.0,2.72,72.3,0.345,5604.0,4.451,0.943
5184584,K01564.01,Kepler-891 b,CONFIRMED,53.44944498,5.3091,3437.0,5.82,486.0,13.23,119.5,0.092,5919.0,4.485,1.0
5636648,K01565.01,,FALSE POSITIVE,0.466743525,1.3956,796.1,20.43,2197.0,5480.92,103.6,1.186,5791.0,4.549,0.856
5564247,K01566.01,,FALSE POSITIVE,1.727177258,2.081,347.4,1.42,1250.0,576.55,17.1,0.676,5394.0,4.622,0.72
5438099,K01567.01,Kepler-306 c,CONFIRMED,7.24022418,2.9153,864.9,2.14,716.0,62.1,48.2,0.507,4955.0,4.61,0.721
5438099,K01567.02,Kepler-306 b,CONFIRMED,4.64622383,2.5137,446.5,1.82,830.0,112.18,28.2,0.88,4955.0,4.61,0.721
6543893,K01627.01,Kepler-913 b,CONFIRMED,10.29674097,2.7292,1011.8,5.75,1129.0,384.86,31.3,0.298,6068.0,4.04,1.797
6543893,K01627.02,Kepler-913 c,CONFIRMED,5.93919041,2.285,424.5,3.7,1357.0,801.92,15.9,0.107,6068.0,4.04,1.797
6975129,K01628.01,Kepler-312 c,CONFIRMED,19.74733983,3.4444,480.7,2.62,754.0,76.57,47.1,0.595,6243.0,4.406,1.149
11391018,K00189.01,Kepler-486 b,CONFIRMED,30.360445359,6.0134,21124.7,10.99,459.0,10.47,1126.2,0.359,4939.0,4.541,0.765
8685497,K01629.01,Kepler-914 b,CONFIRMED,4.4096675,2.1418,132.7,1.51,1192.0,476.94,26.4,0.814,5836.0,4.347,1.166
4365645,K01738.01,Kepler-1671 b,CONFIRMED,4.16787814,2.2136,168.1,1.07,962.0,202.48,32.9,0.168,5251.0,4.541,0.847
8197343,K01746.01,Kepler-946 b,CONFIRMED,11.79161234,3.036,415.4,2.41,857.0,127.75,20.7,0.034,5619.0,4.264,1.199
7032421,K01747.01,,FALSE POSITIVE,20.55848388,1.449,677.3,36.9,624.0,35.76,20.8,1.334,5578.0,4.484,0.936
6786348,K01749.01,Kepler-947 b,CONFIRMED,26.964501,3.792,601.7,2.2,573.0,25.56,20.1,0.006,5754.0,4.534,0.905
6209677,K01750.01,Kepler-948 b,CONFIRMED,7.76845639,3.689,217.8,1.35,841.0,118.09,23.6,0.353,5447.0,4.481,0.917
9641018,K01504.01,,FALSE POSITIVE,2.178154348,3.4874,428.6,22.22,1392.0,886.88,93.0,1.21,5947.0,4.482,0.881
9813499,K01505.01,Kepler-868 b,CONFIRMED,5.03257009,4.213,439.1,2.53,1047.0,283.49,26.3,0.97,5970.0,4.521,0.908
12254792,K01506.01,Kepler-869 b,CONFIRMED,40.4286676,7.102,916.1,2.92,494.0,14.08,40.9,0.872,5813.0,4.561,0.833
12020218,K01507.01,Kepler-870 b,CONFIRMED,21.3588236,5.823,640.1,2.52,691.0,53.89,33.2,0.092,6170.0,4.472,0.992
7690844,K01508.01,Kepler-871 b,CONFIRMED,22.0459163,5.22,804.8,3.05,640.0,39.69,29.7,0.837,5900.0,4.509,0.951
9535080,K01509.01,,FALSE POSITIVE,49.6456235,23.568,857.5,43.41,648.0,41.57,176.5,1.236,6273.0,4.129,1.493
5438099,K01567.03,Kepler-306 d,CONFIRMED,17.32670445,4.269,800.0,2.23,535.0,19.38,34.8,0.756,4955.0,4.61,0.721
5438099,K01567.04,Kepler-306 e,CONFIRMED,44.8411168,5.902,1051.6,2.75,390.0,5.45,28.9,0.864,4955.0,4.61,0.721
5210475,K01568.01,,FALSE POSITIVE,1.008917105,1.4577,338.5,1.51,1636.0,1698.88,34.2,0.545,5708.0,4.578,0.795
8009350,K01569.01,Kepler-892 b,CONFIRMED,13.75207851,2.8831,1215.6,2.81,556.0,22.57,36.8,0.836,4802.0,4.616,0.699
8082001,K01570.01,Kepler-893 b,CONFIRMED,6.33855946,3.4617,721.7,3.31,1034.0,270.47,57.4,0.907,6108.0,4.466,1.03
9277896,K01632.01,Kepler-915 b,CONFIRMED,4.59489816,3.1381,109.7,1.85,1319.0,716.65,27.7,0.953,6056.0,4.217,1.381
9401997,K01633.01,Kepler-916 b,CONFIRMED,32.2964275,4.561,472.2,1.9,503.0,15.14,17.9,0.207,5246.0,4.47,0.891
10686864,K01637.01,Kepler-917 b,CONFIRMED,2.97041801,2.2369,530.7,1.7,991.0,228.11,22.4,0.379,5068.0,4.608,0.743
8043714,K01765.01,,FALSE POSITIVE,6.814984472,3.05409,23915.3,14.18,836.0,115.58,742.2,0.793,5465.0,4.566,0.817
7918217,K01770.01,,FALSE POSITIVE,63.9354965,13.321,1250.6,2637.6,2590.0,10631.01,57.6,1.2,3626.0,0.684,97.41
9631995,K00022.01,Kepler-422 b,CONFIRMED,7.891448838,4.2854,10344.6,12.63,1028.0,263.54,1955.1,0.306,5972.0,4.313,1.237
7901948,K01511.01,Kepler-872 b,CONFIRMED,2.578852119,2.3581,334.3,1.63,1230.0,540.56,36.7,0.625,5743.0,4.553,0.853
11955499,K01512.01,,FALSE POSITIVE,9.04189129,2.789,783.4,3.24,729.0,66.83,34.5,0.967,5237.0,4.572,0.826
6442377,K00176.01,Kepler-483 b,CONFIRMED,30.22910274,6.6751,443.4,3.49,755.0,76.88,71.7,0.77,6325.0,4.188,1.518
9784222,K01513.01,,FALSE POSITIVE,0.798200403,1.8261,396.8,24.03,2128.0,4875.01,65.9,1.193,6258.0,4.449,1.031
5376836,K00182.01,,FALSE POSITIVE,3.479425638,3.4479,19550.0,12.86,1166.0,435.85,123.3,0.612,5907.0,4.519,0.878
5557821,K01571.01,,FALSE POSITIVE,2.92878704,4.634,549.4,22.76,1239.0,556.77,47.7,1.212,5955.0,4.534,0.883
10004519,K01572.01,Kepler-894 b,CONFIRMED,9.80321143,4.4617,813.4,2.99,896.0,152.12,53.1,0.663,6170.0,4.472,0.992
5031857,K01573.01,Kepler-1755 b,CONFIRMED,24.81097206,3.2245,2090.8,4.22,631.0,37.43,123.9,0.039,6086.0,4.511,0.921
10879038,K01641.01,Kepler-918 b,CONFIRMED,4.8538404,3.198,196.4,1.72,1052.0,288.7,15.4,0.943,5778.0,4.483,0.968
10990917,K01643.01,Kepler-919 b,CONFIRMED,11.04605365,4.799,308.3,1.8,869.0,134.66,24.3,0.064,6093.0,4.429,1.025
11043136,K01644.01,,FALSE POSITIVE,2.621706694,1.941,4572.0,34.68,1288.0,648.75,24.3,1.279,5749.0,4.436,0.881
11046025,K01646.01,Kepler-1759 b,CONFIRMED,3.72020708,1.892,156.9,0.99,954.0,195.7,15.0,0.341,5017.0,4.516,0.797
5771719,K00190.01,,FALSE POSITIVE,12.264867364,4.7366,11310.9,28.29,1077.0,317.89,560.2,0.818,5372.0,3.81,2.344
9729691,K01751.01,Kepler-949 b,CONFIRMED,8.689301216,2.563,1117.0,2.92,782.0,88.24,70.9,0.029,5211.0,4.447,0.895
9729691,K01751.02,Kepler-949 c,CONFIRMED,20.99757968,2.454,1131.8,2.97,582.0,27.2,44.7,0.277,5211.0,4.447,0.895
4950232,K01753.01,,FALSE POSITIVE,0.979442525,1.0348,469.3,1.64,1567.0,1420.01,27.0,0.388,5532.0,4.607,0.745
10904857,K00194.01,Kepler-488 b,CONFIRMED,3.120828136,2.1878,16456.0,14.16,1303.0,680.79,113.5,0.784,6122.0,4.471,0.996
8651389,K01754.01,Kepler-1768 b,CONFIRMED,15.13590453,2.236,255.7,2.57,933.0,179.16,19.8,0.46,6050.0,4.137,1.572
9520668,K01514.01,,FALSE POSITIVE,1.399326503,1.8305,206.4,1.0,1143.0,402.58,22.7,0.009,4502.0,4.572,0.728
7871954,K01515.01,Kepler-303 b,CONFIRMED,1.937029968,1.4727,312.3,0.87,802.0,97.94,42.8,0.105,4042.0,4.761,0.49
7871954,K01515.02,Kepler-303 c,CONFIRMED,7.06117322,1.0406,481.7,1.23,521.0,17.41,27.2,0.845,4042.0,4.761,0.49
12418724,K01516.01,Kepler-873 b,CONFIRMED,20.55331441,5.3136,678.3,3.19,749.0,74.49,40.6,0.795,6325.0,4.409,1.112
7456001,K01517.01,Kepler-874 b,CONFIRMED,40.0686713,5.8875,970.9,3.1,560.0,23.27,62.0,0.029,6026.0,4.411,0.992
10028792,K01574.01,Kepler-87 b,CONFIRMED,114.73658,12.0355,4850.0,12.28,476.0,12.13,230.6,0.595,5597.0,3.963,1.699
10028792,K01574.02,Kepler-87 c,CONFIRMED,191.239133,16.942,1061.2,6.47,401.0,6.14,36.8,0.876,5597.0,3.963,1.699
5553652,K01575.01,,FALSE POSITIVE,24.3282251,6.158,1120.6,294.02,520.0,17.33,26.4,4.426,5286.0,4.59,0.78
5299459,K01576.01,Kepler-307 b,CONFIRMED,10.41572666,2.7719,825.3,3.01,797.0,95.64,69.3,0.682,5511.0,4.426,0.987
11153121,K01647.01,Kepler-313 b,CONFIRMED,14.97031664,5.884,290.5,2.53,883.0,143.33,28.9,0.352,5726.0,4.123,1.483
11153121,K01647.02,Kepler-313 c,CONFIRMED,32.2753853,8.622,223.9,2.31,683.0,51.5,17.9,0.608,5726.0,4.123,1.483
11177543,K01648.01,Kepler-1760 b,CONFIRMED,38.3262237,3.073,392.1,2.43,480.0,12.56,15.0,0.963,5229.0,4.441,0.903
11337141,K01649.01,Kepler-1761 b,CONFIRMED,4.04355245,1.965,416.2,1.75,613.0,33.34,21.2,0.984,3871.0,4.744,0.532
3967760,K01760.01,Kepler-317 b,CONFIRMED,5.52418625,2.826,491.0,2.25,976.0,214.86,20.7,0.492,5334.0,4.372,1.004
3967760,K01760.02,Kepler-317 c,CONFIRMED,8.77514782,3.176,351.9,1.91,837.0,115.84,12.7,0.504,5334.0,4.372,1.004
4067336,K01761.01,,FALSE POSITIVE,10.12742274,1.2762,933.5,3.8,969.0,208.77,19.5,0.696,6392.0,4.399,1.162
5387843,K01762.01,,FALSE POSITIVE,0.870693883,1.2137,438.5,2.09,1876.0,2923.54,55.6,0.832,5985.0,4.519,0.883
7549209,K01518.01,Kepler-875 b,CONFIRMED,27.5071114,5.907,580.7,2.58,569.0,24.71,30.7,0.918,5783.0,4.539,0.88
7663405,K01519.01,Kepler-876 b,CONFIRMED,5.1443645,2.703,310.7,1.55,923.0,171.63,20.2,0.031,5157.0,4.445,0.904
9765975,K01520.01,Kepler-877 b,CONFIRMED,18.45848388,3.3703,535.3,2.5,632.0,37.81,41.5,0.832,5311.0,4.419,0.948
9818462,K01521.01,Kepler-878 b,CONFIRMED,25.9421582,4.045,569.7,1.95,501.0,14.85,31.6,0.577,5167.0,4.585,0.796
6803202,K00177.01,Kepler-1711 b,CONFIRMED,21.06075303,5.2472,301.2,1.78,669.0,47.39,54.4,0.176,5706.0,4.382,1.034
5299459,K01576.02,Kepler-307 c,CONFIRMED,13.08424286,3.0401,662.0,2.71,739.0,70.51,51.2,0.701,5511.0,4.426,0.987
9651668,K00183.01,Kepler-423 b,CONFIRMED,2.684328541,2.69382,18136.5,12.73,1265.0,603.57,2833.1,0.076,5561.0,4.411,0.956
12506770,K01577.01,Kepler-895 b,CONFIRMED,2.806243488,1.6271,599.6,1.41,771.0,83.53,22.4,0.043,4153.0,4.684,0.581
5629985,K01578.01,,FALSE POSITIVE,2.27190723,5.383,149.0,1.12,1318.0,714.27,36.8,0.719,5788.0,4.506,0.856
9898364,K01579.01,,FALSE POSITIVE,7.132351753,2.9674,744.1,49.34,1579.0,1466.12,91.2,1.206,7530.0,4.08,1.93
11337372,K01650.01,Kepler-920 b,CONFIRMED,6.53194024,3.3351,771.9,3.09,907.0,159.66,39.6,0.83,5301.0,4.391,0.977
11337833,K01651.01,Kepler-921 b,CONFIRMED,51.3011844,5.359,498.9,2.07,492.0,13.86,19.6,0.003,6032.0,4.508,0.929
11546211,K01654.01,,FALSE POSITIVE,1.097211085,1.6738,38946.0,16.07,740.0,71.01,83.5,1.145,3497.0,4.92,0.334
11547505,K01655.01,Kepler-922 b,CONFIRMED,0.938466959,1.3015,217.4,1.58,1876.0,2919.17,54.4,0.054,5499.0,4.323,1.087
11502867,K00195.01,Kepler-426 b,CONFIRMED,3.217518511,2.11481,14319.4,11.38,1185.0,464.73,1287.4,0.638,5720.0,4.473,0.903
9909735,K01779.01,Kepler-318 b,CONFIRMED,4.66271902,2.757,1630.6,3.86,1039.0,274.98,28.2,0.485,5729.0,4.514,0.939
9909735,K01779.02,Kepler-318 c,CONFIRMED,11.8150174,2.834,1003.0,3.48,762.0,79.66,10.5,0.875,5729.0,4.514,0.939
11551692,K01781.01,Kepler-411 c,CONFIRMED,7.834433676,2.89,2018.1,3.47,689.0,53.33,246.6,0.714,4920.0,4.62,0.72
11551692,K01781.02,Kepler-411 b,CONFIRMED,3.005156911,2.0747,691.6,2.2,949.0,191.27,115.1,0.844,4920.0,4.62,0.72
12266636,K01522.01,Kepler-879 b,CONFIRMED,33.3856176,5.0361,553.2,2.48,580.0,26.73,37.1,0.562,5833.0,4.407,1.022
9850893,K01523.01,,FALSE POSITIVE,8.48039789,6.249,259.7,1.71,866.0,132.85,22.7,0.486,5401.0,4.364,1.05
4826110,K01524.01,,FALSE POSITIVE,1.333395306,1.188,114.5,0.86,1390.0,880.53,11.5,0.151,5199.0,4.527,0.811
7869917,K01525.01,Kepler-880 b,CONFIRMED,7.71467686,4.5871,233.9,4.65,1622.0,1636.72,33.3,0.899,6900.0,3.843,2.599
9824805,K01526.01,Kepler-881 b,CONFIRMED,4.4444826,3.686,163.0,1.71,1217.0,518.45,18.0,0.941,6240.0,4.426,1.079
5193400,K01580.01,,FALSE POSITIVE,21.3781146,19.359,556.1,3.18,727.0,65.94,35.4,0.906,6218.0,4.417,1.131
7939330,K01581.01,Kepler-896 c,CONFIRMED,29.5422566,13.902,879.9,3.15,515.0,16.56,39.5,0.959,5510.0,4.572,0.803
7939330,K01581.02,Kepler-896 b,CONFIRMED,144.551628,16.599,1035.2,3.06,303.0,1.99,27.1,0.887,5510.0,4.572,0.803
12602568,K01583.01,Kepler-897 b,CONFIRMED,8.04727721,5.159,486.0,2.33,855.0,126.56,36.1,0.937,5840.0,4.553,0.849
9941066,K01584.01,Kepler-898 b,CONFIRMED,5.87063416,2.5736,505.6,1.44,616.0,33.99,23.2,0.642,4166.0,4.66,0.612
5972334,K00191.01,Kepler-487 b,CONFIRMED,15.358767771,4.1223,14638.1,10.89,662.0,45.46,812.6,0.487,5422.0,4.484,0.887
4650733,K01659.01,Kepler-1762 b,CONFIRMED,29.5390897,4.139,403.3,2.51,714.0,61.49,18.8,0.213,6572.0,4.365,1.238
4832197,K01661.01,,FALSE POSITIVE,0.94773253,1.7645,11306.0,45.58,2321.0,6862.81,103.9,1.186,6302.0,4.183,1.269
4844004,K01662.01,,FALSE POSITIVE,0.784031658,0.7773,352.2,1.55,1705.0,1995.65,28.2,0.102,5435.0,4.578,0.824
7831264,K00171.02,Kepler-116 c,CONFIRMED,13.07141889,3.0946,251.1,2.47,964.0,203.87,32.0,0.751,6122.0,4.173,1.439
9761199,K01459.01,,FALSE POSITIVE,0.692015479,1.1315,4518.1,19.31,1057.0,294.34,163.4,1.267,3752.0,4.747,0.497
7751571,K01460.01,,FALSE POSITIVE,17.0421346,7.507,3616.7,5.14,594.0,29.47,108.9,0.784,5367.0,4.59,0.773
9579499,K01461.01,,FALSE POSITIVE,7.94671044,2.8419,6084.4,27.43,673.0,48.5,165.3,1.255,4859.0,4.626,0.702
11913013,K01462.01,,FALSE POSITIVE,3.74781242,5.241,5367.0,38.04,1172.0,446.47,44.8,1.258,5780.0,4.438,1.0
7691260,K01528.01,Kepler-882 b,CONFIRMED,3.989544192,1.591,190.0,0.93,903.0,157.1,26.2,0.085,5229.0,4.643,0.688
9821454,K01529.01,Kepler-59 c,CONFIRMED,17.9776037,4.605,213.9,1.58,752.0,75.61,23.3,0.721,6296.0,4.46,1.006
9821454,K01529.02,Kepler-59 b,CONFIRMED,11.8693144,4.653,101.9,1.09,864.0,131.58,13.9,0.73,6296.0,4.46,1.006
11954842,K01530.01,Kepler-883 b,CONFIRMED,12.98494603,3.4497,257.2,1.64,818.0,105.74,38.4,0.046,5948.0,4.384,1.025
7972785,K00184.01,,FALSE POSITIVE,7.300735516,5.78725,13051.7,13.32,1086.0,328.98,1640.0,0.446,6434.0,4.394,1.138
5470739,K01585.01,Kepler-899 b,CONFIRMED,19.17893976,5.144,752.8,2.4,640.0,39.65,34.3,0.004,5767.0,4.538,0.881
10022908,K01586.01,Kepler-900 b,CONFIRMED,6.99130452,2.1568,555.4,1.95,716.0,62.05,36.3,0.74,4847.0,4.606,0.761
5617854,K01588.01,Kepler-901 b,CONFIRMED,3.517494725,1.5639,532.8,1.42,704.0,58.08,52.6,0.742,4132.0,4.699,0.564
4932442,K01665.01,Kepler-923 b,CONFIRMED,6.93365167,4.608,119.6,1.7,1104.0,351.27,20.1,0.904,5861.0,4.212,1.304
5183357,K01669.01,Kepler-924 b,CONFIRMED,61.0373591,8.378,437.5,3.38,610.0,32.74,40.2,0.071,6309.0,4.154,1.614
5269467,K01672.01,Kepler-925 b,CONFIRMED,33.8677783,3.72,894.8,2.31,394.0,5.69,23.8,0.787,4564.0,4.593,0.691
7672940,K01463.01,,FALSE POSITIVE,1064.2680956,11.5521,22771.7,33.63,281.0,1.47,1171.2,0.447,6340.0,3.833,2.173
7838655,K01464.01,,FALSE POSITIVE,2.113202658,3.5234,2104.8,207.71,1281.0,635.47,97.2,3.178,5482.0,4.502,0.858
7770450,K01467.01,,FALSE POSITIVE,1.157808038,3.6705,866.7,22.9,1579.0,1472.38,78.8,1.203,5566.0,4.532,0.886
11455491,K00178.01,,FALSE POSITIVE,6.14281498,4.624,122.0,1.82,1355.0,796.26,36.0,0.67,6495.0,4.128,1.554
11764462,K01531.01,Kepler-884 b,CONFIRMED,5.69919592,2.3906,159.4,1.16,964.0,204.18,35.3,0.007,5646.0,4.493,0.932
11656246,K01532.01,Kepler-885 b,CONFIRMED,18.11473813,5.2706,241.5,2.49,830.0,112.43,51.3,0.896,6109.0,4.247,1.36
7808587,K01533.01,Kepler-886 b,CONFIRMED,6.24145791,3.0998,163.7,1.6,1111.0,360.09,30.8,0.029,5810.0,4.25,1.259
4741126,K01534.01,Kepler-887 b,CONFIRMED,20.4222447,6.22,189.3,1.78,785.0,89.74,34.7,0.059,6119.0,4.274,1.299
5301750,K01589.01,Kepler-84 b,CONFIRMED,8.72585478,4.473,446.7,2.86,985.0,222.19,37.7,0.911,6036.0,4.326,1.131
5301750,K01589.02,Kepler-84 c,CONFIRMED,12.88291395,5.676,460.5,3.15,865.0,132.23,33.6,0.962,6036.0,4.326,1.131
5301750,K01589.03,Kepler-84 e,CONFIRMED,27.4345973,5.038,472.6,2.56,672.0,48.29,25.3,0.603,6036.0,4.326,1.131
5301750,K01589.04,Kepler-84 d,CONFIRMED,4.22453631,3.128,159.1,1.6,1254.0,584.24,16.7,0.823,6036.0,4.326,1.131
5301750,K01589.05,Kepler-84 f,CONFIRMED,44.5520266,6.0,362.1,2.29,572.0,25.3,16.7,0.689,6036.0,4.326,1.131
5526717,K01677.01,Kepler-926 b,CONFIRMED,52.069002,3.0089,558.3,2.92,524.0,17.76,25.6,0.275,5565.0,4.251,1.246
5972334,K00191.02,Kepler-487 d,CONFIRMED,2.418406841,2.0744,665.4,2.25,1226.0,535.84,69.1,0.018,5422.0,4.484,0.887
5530882,K01680.01,,FALSE POSITIVE,5.0825188,3.328,105.0,0.88,968.0,207.45,17.1,0.522,5706.0,4.561,0.834
6034945,K01683.01,Kepler-927 b,CONFIRMED,9.11500269,4.558,268.3,1.78,906.0,159.34,21.7,0.675,5962.0,4.431,1.028
9851226,K01468.01,,FALSE POSITIVE,8.48031942,7.297,1426.7,4.54,918.0,168.01,92.8,0.918,5951.0,4.439,0.991
8692861,K00172.01,Kepler-69 b,CONFIRMED,13.7223682,5.1231,571.1,2.23,746.0,73.16,97.9,0.009,5637.0,4.399,0.943
7543649,K01469.01,,FALSE POSITIVE,3.582076914,4.4228,1534.4,5.33,1265.0,604.27,138.4,0.966,6109.0,4.422,0.993
9480310,K01470.01,Kepler-1668 b,CONFIRMED,15.43400996,4.2572,1785.9,4.3,721.0,63.79,59.7,0.707,5900.0,4.509,0.951
11858748,K01471.01,,FALSE POSITIVE,1.780984316,2.173,590.9,2.33,1397.0,899.03,46.0,0.782,5730.0,4.545,0.87
4741126,K01534.02,Kepler-887 c,CONFIRMED,7.63846084,3.957,71.7,1.12,1089.0,333.3,16.6,0.405,6119.0,4.274,1.299
11669125,K01535.01,Kepler-888 b,CONFIRMED,70.6981724,6.632,357.7,1.63,417.0,7.11,37.7,0.026,5811.0,4.536,0.866
12159249,K01536.01,Kepler-889 b,CONFIRMED,3.74443645,2.9191,73.3,1.1,1328.0,736.89,25.4,0.169,5876.0,4.269,1.293
9963461,K01538.01,,FALSE POSITIVE,10.581581895,6.66929,112642.0,53.19,1098.0,342.98,1241.4,0.202,6168.0,4.074,1.567
8081482,K01539.01,,FALSE POSITIVE,2.819453322,4.4127,71867.0,29.8,1357.0,803.4,202.0,0.532,5767.0,4.33,1.074
5542466,K01590.02,Kepler-1756 b,CONFIRMED,2.35574505,1.796,266.9,1.34,1093.0,338.4,17.0,0.5,4915.0,4.512,0.812
10028140,K01591.01,Kepler-1757 b,CONFIRMED,19.65639342,3.226,843.2,2.83,549.0,21.5,25.5,0.955,5288.0,4.613,0.74
6048024,K01684.01,,FALSE POSITIVE,62.81584402,2.6901,1688.4,57.62,582.0,27.14,54.6,1.31,6340.0,4.23,1.492
6049190,K01685.01,Kepler-1764 b,CONFIRMED,70.468171,6.653,922.4,3.46,511.0,16.17,45.0,0.031,6461.0,4.396,1.131
6198999,K01687.01,Kepler-928 b,CONFIRMED,3.93246069,2.1763,455.5,1.65,894.0,151.31,30.6,0.416,4841.0,4.533,0.779
6310636,K01688.01,Kepler-929 b,CONFIRMED,0.921030497,2.6077,101.5,1.62,2362.0,7380.64,27.0,0.025,5843.0,4.069,1.615
6616218,K01692.01,Kepler-314 c,CONFIRMED,5.960400011,2.8617,828.3,2.85,890.0,148.26,126.1,0.8,5418.0,4.534,0.886
7761545,K01472.01,Kepler-857 b,CONFIRMED,85.3514875,6.7504,4674.7,6.31,390.0,5.44,142.8,0.052,5584.0,4.478,0.938
12365184,K01474.01,Kepler-419 b,CONFIRMED,69.72646639,3.7177,4491.2,11.65,613.0,33.3,300.7,0.019,6430.0,4.107,1.731
4770365,K01475.01,Kepler-1669 c,CONFIRMED,1.609321941,1.6067,728.5,1.57,958.0,199.28,35.3,0.016,4224.0,4.662,0.603
4770365,K01475.02,Kepler-1669 b,CONFIRMED,9.51220046,2.9497,1169.4,1.99,530.0,18.66,31.9,0.133,4224.0,4.662,0.603
4770365,K01475.03,Kepler-1669 d,CONFIRMED,4.72941177,2.234,434.3,1.22,669.0,47.3,14.6,0.236,4224.0,4.662,0.603
10748390,K00003.01,Kepler-3 b,CONFIRMED,4.887803076,2.36255,4315.8,4.82,800.0,96.67,862.3,0.054,4778.0,4.591,0.763
11804465,K00020.01,Kepler-12 b,CONFIRMED,4.437962934,4.69813,16387.6,18.05,1338.0,757.65,3535.6,0.069,5953.0,4.175,1.415
9663113,K00179.01,Kepler-458 c,CONFIRMED,20.74028645,10.3939,1023.3,4.24,798.0,95.68,155.3,0.431,6226.0,4.264,1.299
5649956,K01540.01,,FALSE POSITIVE,1.207852845,3.5802,49720.0,38.59,1539.0,1331.31,205.9,1.113,5601.0,4.533,0.797
4840513,K01541.01,,FALSE POSITIVE,2.379282197,3.1729,48434.0,25.74,1571.0,1442.19,538.0,0.003,6392.0,4.399,1.162
5217586,K01592.01,,FALSE POSITIVE,26.0692512,7.487,831.5,23.61,591.0,28.85,59.7,1.206,5585.0,4.409,0.91
5289854,K01593.01,Kepler-308 b,CONFIRMED,9.69501146,2.75,515.2,2.08,833.0,114.06,18.3,0.293,5896.0,4.516,0.914
5289854,K01593.02,Kepler-308 c,CONFIRMED,15.3825394,3.815,550.5,2.14,714.0,61.61,18.4,0.015,5896.0,4.516,0.914
9895709,K01594.01,,FALSE POSITIVE,1.818939148,1.644,331.2,1.82,1549.0,1364.15,39.3,0.56,6153.0,4.487,0.962
10006581,K01595.01,Kepler-902 b,CONFIRMED,40.1097817,5.2096,732.0,3.11,556.0,22.65,40.3,0.016,5509.0,4.265,1.169
6616218,K01692.02,Kepler-314 b,CONFIRMED,2.46106962,2.184,84.2,0.84,1195.0,483.09,18.0,0.575,5418.0,4.534,0.886
6696462,K01693.01,,FALSE POSITIVE,3.403743926,1.5017,815.9,10.77,1101.0,346.98,59.5,1.075,5596.0,4.533,0.853
7220429,K01700.01,Kepler-931 b,CONFIRMED,8.03753796,2.9118,286.5,1.54,744.0,72.44,31.1,0.821,5044.0,4.511,0.804
7222086,K01701.01,,FALSE POSITIVE,2.43902575,1.1598,82.5,2.61,2307.0,6700.04,20.5,0.483,6546.0,3.817,2.784
12406749,K01476.01,Kepler-1752 b,CONFIRMED,56.3587987,6.927,2559.6,5.04,419.0,7.29,44.4,0.906,5446.0,4.525,0.821
8692861,K00172.02,Kepler-69 c,CONFIRMED,242.467406,12.808,340.3,1.73,286.0,1.59,23.2,0.173,5637.0,4.399,0.943
12403119,K01478.01,Kepler-858 b,CONFIRMED,76.13622222,7.9393,2949.5,4.78,399.0,6.01,339.4,0.044,5591.0,4.494,0.892
9842890,K01479.01,,FALSE POSITIVE,4.9883872,9.142,638.2,2.59,990.0,227.27,52.9,0.939,5819.0,4.565,0.823
8113154,K01542.01,,FALSE POSITIVE,2.586878667,6.1614,25480.0,19.84,1666.0,1823.52,261.3,0.651,6812.0,4.343,1.172
5270698,K01543.01,,FALSE POSITIVE,3.964333304,4.7136,25886.2,37.09,1680.0,1881.78,408.5,0.094,5758.0,3.808,2.318
5024450,K01544.01,,FALSE POSITIVE,1.525924389,3.15998,24627.2,49.86,1722.0,2072.8,423.9,1.217,6203.0,4.427,1.06
5282049,K01545.01,,FALSE POSITIVE,5.910371418,3.88962,17219.2,12.62,1053.0,290.83,990.3,0.065,6200.0,4.488,0.958
10027323,K01596.01,Kepler-309 b,CONFIRMED,5.92365747,2.6302,406.5,0.99,531.0,18.87,26.4,0.045,3883.0,4.762,0.496
10027323,K01596.02,Kepler-309 c,CONFIRMED,105.3582299,3.81,1210.2,1.87,204.0,0.41,22.6,0.75,3883.0,4.762,0.496
12019440,K00186.01,Kepler-485 b,CONFIRMED,3.24325988,3.03318,16450.9,12.91,1243.0,563.17,1586.2,0.117,5823.0,4.438,1.013
10004738,K01598.01,Kepler-310 c,CONFIRMED,56.4758069,5.961,1091.8,3.22,417.0,7.14,70.0,0.862,5497.0,4.57,0.839
10004738,K01598.02,Kepler-310 d,CONFIRMED,92.8747294,7.474,658.8,2.64,353.0,3.68,37.9,0.917,5497.0,4.57,0.839
7304449,K01702.01,Kepler-1650 b,CONFIRMED,1.538180949,1.2635,841.0,1.0,602.0,30.85,47.7,0.932,3364.0,4.978,0.274
7386827,K01704.01,Kepler-1765 b,CONFIRMED,10.4188915,3.0069,670.0,3.17,855.0,126.48,42.1,0.856,5692.0,4.36,1.064
7522911,K01705.01,Kepler-1670 b,CONFIRMED,20.4998763,6.501,437.8,2.8,731.0,67.67,21.1,0.943,6249.0,4.428,1.076
7626370,K01706.01,Kepler-932 b,CONFIRMED,1.921437488,1.9046,278.7,1.77,1276.0,626.79,56.7,0.919,5238.0,4.472,0.851
7703955,K01707.01,Kepler-315 b,CONFIRMED,96.109323,9.877,982.3,4.01,409.0,6.59,28.7,0.948,5792.0,4.375,1.005
7512982,K01480.01,Kepler-859 b,CONFIRMED,20.38174802,3.7922,1597.1,3.16,528.0,18.36,46.8,0.295,4883.0,4.515,0.808
9597806,K01481.01,Kepler-860 b,CONFIRMED,5.101375725,2.595,894.6,2.84,1050.0,287.28,55.1,0.027,5869.0,4.479,0.954
7812167,K01482.01,,FALSE POSITIVE,17.7940049,4.091,879.4,312.48,762.0,79.54,27.7,3.72,6273.0,4.442,1.044
11760959,K01484.01,,FALSE POSITIVE,3.47021401,2.289,1105.2,2.4,933.0,179.02,8.3,0.076,4922.0,4.555,0.744
9940565,K01548.01,,FALSE POSITIVE,2.139325409,2.8056,6897.8,11.61,1007.0,243.34,164.4,1.019,4765.0,4.642,0.666
9663113,K00179.02,Kepler-458 b,CONFIRMED,572.376632,24.42,1743.4,5.8,264.0,1.15,78.6,0.712,6226.0,4.264,1.299
8111381,K01550.01,,FALSE POSITIVE,2.233799622,3.04,2658.5,28.63,1287.0,650.73,228.9,1.249,5741.0,4.555,0.846
5444549,K01551.01,,FALSE POSITIVE,31.13862664,5.2482,11427.0,12.88,582.0,27.22,163.7,0.889,5919.0,4.485,1.0
10004738,K01598.03,Kepler-310 b,CONFIRMED,13.93068791,2.312,186.5,1.4,665.0,46.19,14.9,0.912,5497.0,4.57,0.839
5474613,K01599.01,Kepler-1659 c,CONFIRMED,20.4074846,8.839,363.4,2.9,660.0,44.8,24.5,0.986,5823.0,4.472,0.972
4860932,K01600.01,,FALSE POSITIVE,12.36564669,3.644,388.4,24.89,804.0,98.51,22.8,1.22,6075.0,4.495,0.952
5438757,K01601.01,Kepler-903 b,CONFIRMED,10.35078415,6.253,273.1,1.97,842.0,119.01,36.5,0.79,5534.0,4.338,1.08
5438757,K01601.02,Kepler-903 c,CONFIRMED,62.9224936,11.64,417.8,2.75,462.0,10.73,28.7,0.928,5534.0,4.338,1.08
5972334,K00191.04,Kepler-487 c,CONFIRMED,38.6520796,5.607,566.5,2.07,487.0,13.28,24.8,0.038,5422.0,4.484,0.887
7815744,K01710.01,Kepler-933 b,CONFIRMED,14.20442616,3.898,800.6,1.9,602.0,31.1,26.7,0.011,5350.0,4.647,0.678
7955580,K01711.01,Kepler-934 b,CONFIRMED,55.673582,3.778,765.1,2.19,384.0,5.16,22.7,0.274,4998.0,4.53,0.808
8230616,K01713.01,Kepler-316 c,CONFIRMED,6.82778157,2.3726,545.8,1.34,577.0,26.31,32.2,0.336,4198.0,4.689,0.574
9692345,K01485.01,,FALSE POSITIVE,0.687895191,2.4233,462.5,1.35,1391.0,888.72,60.9,0.018,4478.0,4.615,0.651
7898352,K01486.01,Kepler-302 c,CONFIRMED,127.2824442,7.1545,8088.6,12.04,392.0,5.61,148.1,0.827,5733.0,4.281,1.183
11402995,K00173.01,Kepler-481 b,CONFIRMED,10.06083238,4.5718,460.2,2.58,899.0,154.16,86.4,0.672,5705.0,4.297,1.14
7898352,K01486.02,Kepler-302 b,CONFIRMED,30.1837021,5.879,974.9,3.65,634.0,38.2,37.9,0.011,5733.0,4.281,1.183
12062667,K01487.01,,FALSE POSITIVE,2.92928244,6.794,268.6,38.42,2112.0,4706.45,39.2,1.14,6634.0,3.831,2.251
7951018,K01553.01,Kepler-890 b,CONFIRMED,52.75878505,6.6517,5805.8,8.76,540.0,20.08,265.4,0.344,6228.0,4.413,1.137
9899355,K01554.01,,FALSE POSITIVE,1.332564478,6.0325,1071.5,27.04,1618.0,1627.5,119.6,1.248,5995.0,4.536,0.878
12644774,K01555.01,,FALSE POSITIVE,41.0772969,5.525,1216.8,3.25,523.0,17.74,28.8,0.03,5665.0,4.381,0.938
9902856,K01556.01,,FALSE POSITIVE,135.9121619,5.628,10188.0,40.18,370.0,4.41,99.5,1.256,6141.0,4.468,0.959
7747425,K01952.04,Kepler-341 e,CONFIRMED,42.4729078,7.253,334.0,2.03,539.0,19.93,22.8,0.361,5616.0,4.327,1.111
9892816,K01955.01,Kepler-342 b,CONFIRMED,15.17026921,4.3311,224.8,2.47,905.0,158.23,45.4,0.917,6297.0,4.26,1.369
9892816,K01955.02,Kepler-342 d,CONFIRMED,39.4576228,9.557,244.8,2.8,658.0,44.26,41.6,0.967,6297.0,4.26,1.369
9836149,K01958.01,Kepler-66 b,CONFIRMED,17.8159689,3.6765,776.8,3.12,699.0,56.48,22.5,0.911,5964.0,4.484,0.933
4813563,K01959.01,Kepler-1026 b,CONFIRMED,36.5157639,3.6577,861.3,2.55,425.0,7.71,34.7,0.787,4847.0,4.54,0.781
2985767,K02032.01,Kepler-1063 b,CONFIRMED,14.07969236,1.375,169.5,2.08,931.0,177.81,26.2,0.544,5821.0,4.097,1.547
2304320,K02033.01,Kepler-1064 b,CONFIRMED,16.54081386,2.5996,370.0,1.57,570.0,24.87,32.8,0.688,5064.0,4.572,0.769
3657758,K02034.01,Kepler-1065 b,CONFIRMED,3.609313059,1.7752,1375.1,3.26,1092.0,336.16,35.0,0.408,5668.0,4.545,0.868
9790806,K02035.01,Kepler-1066 b,CONFIRMED,1.93155546,1.614,504.9,2.25,1290.0,655.43,8.6,0.861,5461.0,4.552,0.858
6382217,K02036.01,Kepler-353 c,CONFIRMED,8.41100305,2.4553,755.6,1.8,472.0,11.71,27.6,0.905,3757.0,4.718,0.539
5375194,K01825.01,Kepler-964 b,CONFIRMED,13.52252364,3.987,690.6,2.11,652.0,42.82,22.4,0.216,5338.0,4.557,0.816
6468138,K01826.01,Kepler-965 b,CONFIRMED,134.2520474,9.0636,832.1,3.43,393.0,5.63,57.2,0.001,5818.0,4.276,1.2
10019708,K00199.01,Kepler-490 b,CONFIRMED,3.268695042,3.45188,10091.4,16.91,1597.0,1539.0,1429.9,0.065,5927.0,4.046,1.691
11875734,K01828.01,Kepler-966 b,CONFIRMED,99.7468804,6.804,1287.0,3.94,391.0,5.55,45.6,0.828,5620.0,4.363,0.974
7697568,K01829.01,,FALSE POSITIVE,22.84156293,2.5997,2940.7,30.0,557.0,22.78,47.6,1.267,5381.0,4.538,0.826
7046804,K00205.01,Kepler-492 b,CONFIRMED,11.720123999,3.0039,9763.3,7.94,660.0,44.89,707.3,0.623,5215.0,4.564,0.77
7449136,K01890.01,Kepler-1002 b,CONFIRMED,4.33643506,4.1445,108.5,1.75,1453.0,1054.56,48.0,0.641,6180.0,4.133,1.603
8680979,K01891.01,Kepler-330 c,CONFIRMED,15.95541913,3.9851,762.6,2.18,573.0,25.54,39.0,0.314,4891.0,4.516,0.805
8680979,K01891.02,Kepler-330 b,CONFIRMED,8.25980352,2.928,298.4,1.35,714.0,61.43,18.3,0.161,4891.0,4.516,0.805
9030537,K01892.01,Kepler-1674 b,CONFIRMED,62.5613879,5.907,1372.6,3.54,417.0,7.13,35.0,0.842,5662.0,4.56,0.84
6949061,K01960.01,Kepler-343 b,CONFIRMED,8.96847034,4.4073,234.3,2.17,1024.0,259.95,38.2,0.558,5808.0,4.185,1.374
7269493,K01961.01,Kepler-1027 b,CONFIRMED,1.907810683,1.8707,120.5,0.91,1268.0,609.28,40.9,0.41,5435.0,4.578,0.824
9164836,K00213.01,,FALSE POSITIVE,48.118812545,5.27958,69850.7,45.18,490.0,13.6,2145.1,1.079,6003.0,4.536,0.872
11657891,K01965.01,Kepler-1028 b,CONFIRMED,2.514628496,1.6239,228.4,1.27,1217.0,517.89,33.3,0.247,5662.0,4.56,0.84
6305192,K00219.01,Kepler-494 b,CONFIRMED,8.025118521,5.3694,3120.4,7.79,1093.0,336.73,373.0,0.454,6002.0,4.196,1.369
6382217,K02036.02,Kepler-353 b,CONFIRMED,5.79529495,2.272,334.3,1.05,534.0,19.23,14.8,0.714,3757.0,4.718,0.539
9634821,K02037.01,Kepler-1995 b,CONFIRMED,73.7578875,2.69,1836.9,4.28,375.0,4.66,20.2,0.714,5029.0,4.429,0.93
8950568,K02038.01,Kepler-85 b,CONFIRMED,8.30537702,3.751,365.6,1.69,809.0,101.43,28.5,0.489,5435.0,4.495,0.873
3326377,K01830.01,Kepler-967 b,CONFIRMED,13.22714056,3.2861,812.0,2.22,638.0,39.1,51.8,0.013,5180.0,4.548,0.8
11601584,K01831.01,Kepler-324 c,CONFIRMED,51.8098276,6.343,1025.4,2.6,410.0,6.71,56.8,0.273,5191.0,4.53,0.826
11601584,K01831.02,Kepler-324 b,CONFIRMED,4.38536428,2.5126,198.5,1.15,935.0,180.22,25.9,0.335,5191.0,4.53,0.826
11601584,K01831.03,Kepler-324 d,CONFIRMED,34.205785079,5.1691,183.2,1.1,471.0,11.67,11.6,0.319,5191.0,4.53,0.826
11601584,K01831.04,Kepler-324 e,CONFIRMED,13.97945055,1.2325,356.1,1.97,635.0,38.44,17.1,0.924,5191.0,4.53,0.826
8689793,K01893.01,Kepler-1003 b,CONFIRMED,3.554856338,2.1004,232.9,1.29,1157.0,425.04,40.8,0.331,6068.0,4.565,0.831
11673802,K01894.01,Kepler-1004 b,CONFIRMED,5.28790754,8.5274,343.9,7.1,1661.0,1802.31,90.6,0.474,4994.0,3.433,3.818
4263293,K01895.01,Kepler-331 b,CONFIRMED,8.45746636,2.2906,1320.3,1.87,540.0,20.08,21.8,0.209,4347.0,4.73,0.524
4263293,K01895.02,Kepler-331 c,CONFIRMED,17.28116957,2.829,1562.8,2.04,425.0,7.75,20.3,0.206,4347.0,4.73,0.524
4263293,K01895.03,Kepler-331 d,CONFIRMED,32.1340014,2.691,1262.0,1.84,346.0,3.39,11.8,0.256,4347.0,4.73,0.524
5695524,K01897.01,Kepler-1774 b,CONFIRMED,59.7711433,4.843,574.5,3.17,522.0,17.53,38.5,0.899,6214.0,4.382,1.122
6205897,K01967.01,Kepler-1029 b,CONFIRMED,4.417692516,2.323,279.2,1.57,790.0,92.16,35.1,0.971,4766.0,4.645,0.664
7948784,K01968.01,Kepler-1778 b,CONFIRMED,10.08744556,2.9884,568.1,3.15,942.0,186.14,39.9,0.921,6310.0,4.417,1.095
9244756,K01969.01,Kepler-1779 b,CONFIRMED,16.34355902,5.474,829.4,3.26,730.0,67.34,34.0,0.716,5730.0,4.394,1.056
9650808,K01970.01,Kepler-344 b,CONFIRMED,21.96401646,2.7509,693.4,2.57,643.0,40.41,26.9,0.483,5774.0,4.447,0.958
9650808,K01970.02,Kepler-344 c,CONFIRMED,125.602323,7.105,925.7,2.89,360.0,3.95,23.3,0.065,5774.0,4.447,0.958
8950568,K02038.02,Kepler-85 c,CONFIRMED,12.51353325,4.301,430.8,1.88,706.0,58.69,30.0,0.596,5435.0,4.495,0.873
8950568,K02038.03,Kepler-85 d,CONFIRMED,17.9134215,4.364,197.8,1.39,626.0,36.38,11.4,0.832,5435.0,4.495,0.873
8950568,K02038.04,Kepler-85 e,CONFIRMED,25.2149143,5.76,174.1,1.19,559.0,23.05,9.9,0.599,5435.0,4.495,0.873
8804845,K02039.01,Kepler-1067 c,CONFIRMED,5.42586901,2.5342,259.0,1.48,973.0,211.66,26.1,0.1,5594.0,4.489,0.934
10480915,K02040.01,Kepler-1785 b,CONFIRMED,19.58561177,1.755,532.9,3.09,666.0,46.51,27.1,0.964,5618.0,4.401,0.996
11709244,K01832.01,Kepler-325 b,CONFIRMED,4.544436472,1.8141,879.3,3.0,1017.0,253.48,42.5,0.731,5445.0,4.458,0.937
11709244,K01832.02,Kepler-325 c,CONFIRMED,12.76220558,2.0688,653.8,3.18,721.0,63.86,17.4,0.955,5445.0,4.458,0.937
11709244,K01832.03,Kepler-325 d,CONFIRMED,38.7149617,3.441,694.8,2.62,498.0,14.55,16.2,0.691,5445.0,4.458,0.937
10019708,K00199.02,,FALSE POSITIVE,8.78458274,6.459,210.8,2.6,1149.0,411.55,25.9,0.681,5927.0,4.046,1.691
11853878,K01833.01,Kepler-968 b,CONFIRMED,3.69298623,1.7744,763.3,1.74,745.0,72.66,33.9,0.775,4402.0,4.682,0.572
5728139,K00206.01,Kepler-433 b,CONFIRMED,5.334082429,6.2226,4676.5,13.08,1495.0,1180.64,653.4,0.045,6332.0,4.016,1.905
7668663,K01898.01,Kepler-1005 b,CONFIRMED,6.4980147,2.4384,190.9,1.87,1026.0,262.18,41.2,0.92,5727.0,4.328,1.104
7047922,K01899.01,Kepler-1006 b,CONFIRMED,19.76169247,3.9097,392.5,2.81,791.0,92.38,35.3,0.924,6327.0,4.327,1.175
9353314,K01900.01,Kepler-1007 b,CONFIRMED,5.18498961,2.1397,430.1,1.15,652.0,42.62,36.4,0.021,4325.0,4.68,0.56
3629967,K01901.01,Kepler-1775 b,CONFIRMED,85.6542476,6.866,476.0,3.56,522.0,17.51,36.6,0.012,5818.0,4.065,1.647
9347009,K01971.01,Kepler-1030 b,CONFIRMED,19.32945602,3.794,935.5,2.26,529.0,18.57,26.8,0.009,5026.0,4.604,0.763
4917596,K01973.01,Kepler-1032 b,CONFIRMED,3.290114076,1.5151,645.3,1.49,802.0,97.96,30.3,0.203,4484.0,4.654,0.594
4743513,K00024.01,,FALSE POSITIVE,2.086075752,2.2647,3657.8,10.3,1845.0,2747.42,102.2,0.914,6131.0,4.071,1.417
11046458,K00214.01,Kepler-424 b,CONFIRMED,3.311864148,1.4049,5976.5,9.06,1116.0,365.94,448.2,0.905,5461.0,4.499,0.937
7132798,K00220.01,Kepler-119 b,CONFIRMED,2.422084188,2.5613,1871.8,3.55,1213.0,511.66,423.7,0.058,5598.0,4.565,0.83
3448130,K02043.01,Kepler-1786 b,CONFIRMED,78.5461106,8.689,658.7,3.55,501.0,14.85,35.6,0.044,5808.0,4.172,1.397
9656252,K02044.01,Kepler-1068 b,CONFIRMED,16.92342126,4.1864,1125.3,3.4,702.0,57.37,40.8,0.515,5786.0,4.465,0.99
6026438,K02045.01,Kepler-354 b,CONFIRMED,5.47665801,2.5482,648.0,2.01,741.0,71.0,32.1,0.788,4650.0,4.589,0.706
9471268,K01835.01,Kepler-326 c,CONFIRMED,4.580346161,2.097,308.3,1.38,889.0,147.56,49.8,0.384,5103.0,4.558,0.789
9471268,K01835.02,Kepler-326 b,CONFIRMED,2.248288213,2.0361,263.2,1.25,1127.0,380.75,59.7,0.004,5103.0,4.558,0.789
9471268,K01835.03,Kepler-326 d,CONFIRMED,6.76690759,1.7062,249.3,1.31,781.0,87.79,29.7,0.648,5103.0,4.558,0.789
10657406,K01837.01,Kepler-969 b,CONFIRMED,34.1732156,4.7679,635.0,2.37,465.0,11.09,38.9,0.815,5201.0,4.573,0.834
5526527,K01838.01,Kepler-970 b,CONFIRMED,16.7364755,2.151,1147.0,2.73,464.0,10.99,9.9,0.9,4334.0,4.618,0.653
5809954,K01902.01,,FALSE POSITIVE,137.8645881,1.922,2363.0,15.9,170.0,0.2,28.2,1.265,3645.0,4.797,0.449
8766650,K01904.01,Kepler-1008 b,CONFIRMED,12.43929428,3.176,254.3,1.3,627.0,36.57,24.9,0.663,4987.0,4.531,0.773
10328393,K01905.01,Kepler-332 b,CONFIRMED,7.62635494,2.4168,296.1,1.21,703.0,57.89,32.5,0.237,4955.0,4.61,0.721
7094486,K01907.01,Kepler-1009 b,CONFIRMED,11.35010642,2.2792,1221.0,1.75,403.0,6.25,38.3,0.035,3597.0,4.734,0.514
7289577,K01974.01,Kepler-1780 b,CONFIRMED,109.4450597,3.792,1269.6,3.04,340.0,3.14,30.1,0.149,5403.0,4.5,0.868
8543100,K01975.01,Kepler-1033 b,CONFIRMED,7.56052209,3.8573,659.8,2.4,914.0,164.9,34.6,0.022,5895.0,4.503,0.94
2693736,K01976.01,Kepler-1034 b,CONFIRMED,12.12401737,3.3091,788.4,2.37,675.0,48.98,40.1,0.029,5094.0,4.469,0.87
9412760,K01977.01,Kepler-345 c,CONFIRMED,9.38740646,1.6165,384.6,1.69,575.0,25.83,22.3,0.946,4500.0,4.656,0.646
9412760,K01977.02,Kepler-345 b,CONFIRMED,7.41556471,1.973,150.4,0.79,622.0,35.37,11.8,0.434,4500.0,4.656,0.646
6026438,K02045.02,Kepler-354 d,CONFIRMED,24.2101973,4.046,458.0,1.5,451.0,9.8,14.1,0.45,4650.0,4.589,0.706
10663396,K02046.01,Kepler-1069 b,CONFIRMED,23.8990075,15.955,293.4,3.26,823.0,108.3,61.5,0.153,5511.0,3.914,1.93
11457726,K02047.01,Kepler-1070 b,CONFIRMED,6.22161107,3.4117,165.0,1.59,1101.0,348.15,29.0,0.838,6277.0,4.417,1.097
8956206,K02048.01,Kepler-1071 b,CONFIRMED,6.17998508,2.1094,750.5,2.12,814.0,104.06,29.0,0.175,5149.0,4.551,0.791
9649706,K02049.01,Kepler-1072 b,CONFIRMED,1.569066598,2.7803,147.2,1.68,1849.0,2763.39,48.7,0.097,5821.0,4.172,1.395
5856571,K01839.01,Kepler-971 b,CONFIRMED,9.59068586,3.452,544.6,3.93,1087.0,329.34,40.0,0.359,5476.0,3.904,1.673
7765528,K01840.01,Kepler-972 b,CONFIRMED,7.03932913,3.514,836.7,4.67,1060.0,298.33,48.6,0.956,5846.0,4.278,1.24
11760231,K01841.01,Kepler-973 b,CONFIRMED,49.6075771,2.9575,626.7,2.12,402.0,6.17,44.9,0.764,5187.0,4.592,0.774
7779077,K01842.01,Kepler-1770 b,CONFIRMED,16.84183355,2.6194,822.1,3.08,699.0,56.43,23.6,0.688,5602.0,4.404,1.009
6046540,K00200.01,Kepler-74 b,CONFIRMED,7.340714946,2.9987,8510.5,14.31,1155.0,421.03,856.3,0.568,6056.0,4.191,1.498
5706966,K01908.01,Kepler-333 b,CONFIRMED,12.55111099,3.1293,494.1,1.34,480.0,12.56,33.2,0.519,4213.0,4.669,0.598
3762468,K00208.01,Kepler-493 b,CONFIRMED,3.003879547,3.2848,8538.0,10.96,1438.0,1011.87,80.8,0.338,6311.0,4.398,1.172
5706966,K01908.02,Kepler-333 c,CONFIRMED,24.0884178,3.952,387.2,1.16,386.0,5.26,21.0,0.376,4213.0,4.669,0.598
10130039,K01909.01,Kepler-334 c,CONFIRMED,12.75800092,4.1828,187.9,1.49,822.0,107.96,41.7,0.011,5782.0,4.34,1.095
10130039,K01909.02,Kepler-334 b,CONFIRMED,5.47033376,3.1441,112.0,1.15,1090.0,334.27,32.7,0.074,5782.0,4.34,1.095
9518318,K01978.01,Kepler-346 b,CONFIRMED,6.51112385,1.6919,695.1,3.09,1008.0,243.67,38.4,0.882,6032.0,4.465,1.001
9518318,K01978.02,Kepler-346 c,CONFIRMED,23.85163321,2.4453,833.7,3.37,654.0,43.19,28.6,0.88,6032.0,4.465,1.001
7273277,K01979.01,Kepler-1035 b,CONFIRMED,2.714078374,1.3115,143.5,1.38,1301.0,675.86,36.8,0.868,5815.0,4.461,0.992
11769890,K01980.01,Kepler-1036 b,CONFIRMED,122.8799543,7.835,717.7,2.7,326.0,2.66,41.9,0.872,5413.0,4.51,0.861
6862721,K01982.01,Kepler-1781 b,CONFIRMED,4.88753111,2.034,679.6,2.45,1003.0,239.11,17.4,0.147,5568.0,4.499,0.957
12301181,K02059.01,Kepler-1076 b,CONFIRMED,6.14728341,2.7645,119.7,0.79,770.0,83.18,26.8,0.188,4997.0,4.598,0.746
9279354,K02060.01,Kepler-1788 b,CONFIRMED,2.800111267,1.0237,706.7,2.13,956.0,197.81,33.5,0.806,4786.0,4.579,0.704
6774880,K02062.01,Kepler-1077 b,CONFIRMED,34.3511339,4.4408,599.4,2.75,576.0,26.1,28.8,0.88,6091.0,4.487,0.967
3937519,K00221.01,Kepler-495 b,CONFIRMED,3.413036353,2.61366,3868.7,6.62,1200.0,490.24,480.7,0.046,5392.0,4.314,1.087
7449541,K02063.01,Kepler-1078 b,CONFIRMED,3.00725068,4.4302,285.8,1.56,1122.0,373.99,30.0,0.897,5667.0,4.587,0.781
5080636,K01843.01,Kepler-974 b,CONFIRMED,4.194496867,1.7807,660.7,1.57,577.0,26.2,45.0,0.863,3706.0,4.747,0.522
3338885,K01845.01,Kepler-975 b,CONFIRMED,1.970340203,1.7901,403.2,3.97,1599.0,1540.07,56.3,0.859,4883.0,3.972,1.667
3338885,K01845.02,Kepler-975 c,CONFIRMED,5.05821338,1.132,748.3,10.69,1168.0,439.8,43.2,1.004,4883.0,3.972,1.667
6776401,K01847.01,Kepler-977 b,CONFIRMED,26.85323647,4.4557,965.8,2.65,544.0,20.77,53.3,0.01,5329.0,4.455,0.869
10130039,K01909.03,Kepler-334 d,CONFIRMED,25.0985083,2.7727,167.6,1.59,656.0,43.84,21.3,0.814,5782.0,4.34,1.095
8226050,K01910.01,Kepler-1010 b,CONFIRMED,34.2685741,4.8251,699.3,2.44,477.0,12.2,38.2,0.677,5083.0,4.468,0.872
9965957,K01911.01,Kepler-1011 b,CONFIRMED,5.75321539,1.7948,733.8,3.14,920.0,169.44,31.8,0.921,5445.0,4.51,0.929
9704384,K01913.01,Kepler-1012 b,CONFIRMED,5.50860699,3.0788,203.9,1.49,934.0,179.62,38.2,0.879,5448.0,4.489,0.883
8426567,K01914.01,Kepler-1013 b,CONFIRMED,18.93055119,3.372,684.0,4.41,766.0,81.42,26.2,0.583,5015.0,3.987,1.643
12508335,K00215.01,,FALSE POSITIVE,42.94386258,3.7591,9207.9,41.62,520.0,17.26,273.0,1.285,5750.0,4.4,0.94
10094670,K01984.01,Kepler-1677 b,CONFIRMED,22.06402,4.1,388.7,2.67,712.0,60.81,31.5,0.941,6232.0,4.432,1.09
8142942,K01985.01,Kepler-1782 b,CONFIRMED,5.756245244,1.071,623.6,2.24,773.0,84.16,45.5,0.888,4931.0,4.605,0.734
8257205,K01986.01,Kepler-1038 b,CONFIRMED,148.4601819,5.499,1532.1,3.61,285.0,1.56,33.7,0.808,5159.0,4.548,0.821
9044228,K01988.01,Kepler-1039 b,CONFIRMED,0.934885365,1.4083,270.4,3.21,2080.0,4435.29,57.8,0.731,4777.0,3.909,1.795
7265298,K02051.01,Kepler-355 c,CONFIRMED,25.7626846,6.908,619.5,2.66,633.0,37.99,38.0,0.327,5739.0,4.381,1.069
7265298,K02051.02,Kepler-355 b,CONFIRMED,11.0317836,4.753,182.3,1.45,840.0,117.67,14.1,0.405,5739.0,4.381,1.069
7132798,K00220.02,Kepler-119 c,CONFIRMED,4.12511935,2.877,114.7,0.88,1016.0,252.18,21.6,0.253,5598.0,4.565,0.83
2307415,K02053.01,Kepler-356 c,CONFIRMED,13.12162167,3.6138,196.9,1.99,913.0,164.48,32.7,0.807,6140.0,4.265,1.277
7430034,K01848.01,Kepler-978 b,CONFIRMED,49.6220669,7.222,505.5,3.33,546.0,20.99,47.6,0.939,5938.0,4.331,1.184
9735426,K01849.01,Kepler-979 b,CONFIRMED,8.08801663,1.8334,952.9,2.94,792.0,92.93,46.1,0.744,5269.0,4.494,0.874
8826168,K01850.01,Kepler-980 b,CONFIRMED,11.55103848,3.3601,402.8,2.17,845.0,120.76,49.8,0.493,5907.0,4.395,1.058
10464050,K01851.01,Kepler-981 b,CONFIRMED,4.469754641,1.813,553.9,2.26,1103.0,350.69,37.1,0.494,5988.0,4.507,0.934
9763348,K01852.01,Kepler-982 b,CONFIRMED,15.77382794,4.957,313.6,2.72,955.0,196.14,30.4,0.035,6283.0,4.129,1.531
9101496,K01915.01,Kepler-335 b,CONFIRMED,6.56226483,4.0144,260.8,3.07,1290.0,654.67,41.2,0.643,5878.0,4.005,1.812
6037581,K01916.01,Kepler-336 d,CONFIRMED,20.67876365,4.6395,323.9,2.42,749.0,74.36,42.6,0.665,5865.0,4.266,1.272
10723750,K00209.01,Kepler-117 c,CONFIRMED,50.79034648,10.8474,5671.1,10.6,612.0,33.12,508.8,0.058,6163.0,4.185,1.406
6037581,K01916.02,Kepler-336 c,CONFIRMED,9.59993246,4.3206,271.2,2.08,967.0,206.91,52.0,0.063,5865.0,4.266,1.272
6037581,K01916.03,Kepler-336 b,CONFIRMED,2.0248205,2.55,63.3,1.01,1625.0,1652.5,20.2,0.248,5865.0,4.266,1.272
10779233,K01989.01,Kepler-1040 b,CONFIRMED,201.118319,10.328,584.8,2.28,300.0,1.92,34.7,0.001,5646.0,4.447,0.954
11614617,K01990.01,Kepler-1041 b,CONFIRMED,24.7577652,6.998,458.7,2.44,644.0,40.74,37.6,0.896,6106.0,4.487,0.966
11450414,K01992.01,Kepler-347 b,CONFIRMED,12.7983174,6.401,336.6,2.88,908.0,160.33,38.2,0.738,5592.0,4.115,1.451
4736569,K01996.01,Kepler-1042 b,CONFIRMED,10.13200555,3.1683,911.6,1.67,574.0,25.66,37.6,0.03,4777.0,4.689,0.561
10384798,K01997.01,Kepler-1043 b,CONFIRMED,38.505224,5.941,695.2,2.45,532.0,18.98,35.5,0.654,5974.0,4.504,0.881
2307415,K02053.02,Kepler-356 b,CONFIRMED,4.6126736,3.0643,133.2,1.6,1294.0,663.8,34.3,0.755,6140.0,4.265,1.277
3128552,K02055.01,Kepler-1073 b,CONFIRMED,8.67890312,3.5317,540.6,2.56,905.0,158.43,37.4,0.203,5509.0,4.308,1.116
10134152,K02056.01,Kepler-1787 b,CONFIRMED,39.3135699,5.0137,500.1,2.07,540.0,20.04,33.8,0.006,6060.0,4.509,0.925
9573685,K02057.01,Kepler-1074 b,CONFIRMED,5.94565516,2.1604,401.2,1.12,568.0,24.71,28.5,0.229,3974.0,4.7,0.564
10329835,K02058.01,Kepler-1075 b,CONFIRMED,1.52373073,1.4796,364.7,1.26,818.0,105.95,34.1,0.942,3746.0,4.736,0.51
6849046,K00201.01,Kepler-491 b,CONFIRMED,4.225384543,2.82038,7563.0,9.0,1111.0,360.46,1457.8,0.074,5574.0,4.403,1.054
8804397,K01853.01,Kepler-983 b,CONFIRMED,60.0853848,7.007,432.2,2.4,485.0,13.07,51.7,0.79,6028.0,4.459,1.047
9662811,K01854.01,Kepler-984 b,CONFIRMED,43.0343364,6.571,541.6,2.5,484.0,13.01,50.0,0.882,5550.0,4.476,0.911
11297236,K01857.01,Kepler-1771 b,CONFIRMED,88.6440015,7.82,625.5,2.51,391.0,5.51,57.6,0.724,5661.0,4.471,0.934
10074466,K01917.01,Kepler-1776 b,CONFIRMED,35.01190875,2.868,436.7,2.97,603.0,31.35,34.0,0.927,5872.0,4.332,1.153
8218379,K01920.01,Kepler-1014 b,CONFIRMED,16.57099265,2.9052,644.9,2.03,614.0,33.53,40.9,0.55,5483.0,4.589,0.779
7755636,K01921.01,Kepler-1015 b,CONFIRMED,16.00496657,6.5047,377.5,3.71,1040.0,276.53,49.8,0.013,6384.0,4.029,1.904
9411166,K01922.01,Kepler-1016 b,CONFIRMED,1.954525966,2.0944,392.8,2.38,1540.0,1331.18,43.1,0.673,5741.0,4.331,1.136
4989057,K01923.01,Kepler-1017 b,CONFIRMED,7.23400381,2.165,453.3,1.78,831.0,112.48,34.3,0.032,5411.0,4.523,0.85
9834040,K01998.01,Kepler-1044 b,CONFIRMED,6.77408984,2.6215,520.3,2.5,1058.0,295.82,33.6,0.026,6246.0,4.433,1.092
6152974,K00216.01,Kepler-118 c,CONFIRMED,20.172024672,3.1488,5368.1,6.24,564.0,24.0,226.8,0.334,5064.0,4.474,0.864
8802693,K02000.01,Kepler-1045 b,CONFIRMED,26.41044199,3.0715,991.1,2.45,512.0,16.27,31.2,0.674,5448.0,4.613,0.734
6061773,K02001.01,Kepler-1783 b,CONFIRMED,8.27745764,2.713,197.2,2.46,1088.0,331.35,17.3,0.261,5129.0,3.884,1.781
10024701,K02002.01,Kepler-1046 b,CONFIRMED,14.37504582,3.208,251.1,2.05,786.0,90.16,15.7,0.927,5931.0,4.403,1.053
3239671,K02066.01,Kepler-1678 b,CONFIRMED,147.97391,6.854,1267.1,3.33,329.0,2.78,26.4,0.034,5578.0,4.44,0.95
9304101,K02067.01,Kepler-1079 b,CONFIRMED,13.24503482,4.4078,156.1,1.77,887.0,146.31,35.7,0.498,5636.0,4.147,1.39
11360571,K02069.01,Kepler-1080 b,CONFIRMED,77.2550726,10.214,589.5,3.7,548.0,21.37,44.0,0.837,6564.0,4.255,1.356
6035124,K02071.01,Kepler-1081 b,CONFIRMED,3.85690686,2.0808,127.8,0.93,972.0,210.44,24.3,0.466,5272.0,4.574,0.813
8160953,K01858.01,Kepler-985 b,CONFIRMED,116.3311739,7.025,1586.3,3.26,323.0,2.59,31.5,0.032,5354.0,4.533,0.835
4157325,K01860.01,Kepler-416 b,CONFIRMED,6.31943553,3.3422,581.1,2.71,986.0,223.15,61.0,0.775,5670.0,4.397,1.022
4157325,K01860.02,Kepler-416 c,CONFIRMED,12.20951755,4.1808,538.1,2.61,791.0,92.68,45.5,0.779,5670.0,4.397,1.022
4157325,K01860.03,Kepler-416 d,CONFIRMED,3.07644709,2.6326,216.7,1.61,1253.0,583.25,29.3,0.708,5670.0,4.397,1.022
5108214,K01924.01,,FALSE POSITIVE,2.11913005,4.141,28.7,1.35,2090.0,4512.1,21.5,0.67,5799.0,3.813,2.377
9955598,K01925.01,Kepler-409 b,CONFIRMED,68.958447,3.128,123.3,1.11,402.0,6.17,30.0,0.821,5455.0,4.497,0.888
10723750,K00209.02,Kepler-117 b,CONFIRMED,18.79591276,7.5235,2431.4,7.39,852.0,124.64,282.3,0.695,6163.0,4.185,1.406
5770074,K01928.01,Kepler-1675 b,CONFIRMED,63.0380366,7.3702,658.7,2.59,465.0,11.1,53.1,0.021,5798.0,4.411,1.019
10136549,K01929.01,Kepler-337 c,CONFIRMED,9.69315023,5.6725,141.8,1.89,1017.0,253.08,45.1,0.734,5683.0,4.108,1.472
9851271,K02003.01,,FALSE POSITIVE,8.48031229,7.105,351.1,2.58,952.0,193.86,37.3,0.951,5910.0,4.364,1.078
12154526,K02004.01,Kepler-1047 b,CONFIRMED,56.1886436,6.5272,346.2,2.56,503.0,15.13,35.6,0.873,5700.0,4.327,1.176
6665512,K02005.01,Kepler-1048 b,CONFIRMED,6.92101452,4.3591,529.7,1.48,619.0,34.85,39.9,0.771,4461.0,4.661,0.585
10525027,K02006.01,Kepler-1049 b,CONFIRMED,3.27344784,1.7292,262.5,0.81,625.0,36.05,34.0,0.44,3758.0,4.769,0.496
11069176,K02007.01,Kepler-1050 b,CONFIRMED,15.3789014,4.662,185.1,2.94,1039.0,275.53,17.6,0.359,5817.0,3.877,2.153
10005758,K01783.01,Kepler-1662 b,CONFIRMED,134.4785189,5.9288,4033.5,10.52,412.0,6.81,149.9,0.924,5791.0,4.185,1.336
3128793,K01786.01,,FALSE POSITIVE,24.68662378,15.168,8052.3,48.04,1149.0,412.55,210.9,0.643,4648.0,2.996,5.132
5864975,K01787.01,Kepler-950 b,CONFIRMED,98.7179332,6.593,7320.0,6.99,360.0,3.97,124.4,0.588,5808.0,4.583,0.786
2975770,K01788.01,Kepler-951 b,CONFIRMED,71.52543938,5.9189,5904.3,5.76,340.0,3.15,111.3,0.066,4855.0,4.542,0.778
7877496,K00202.01,Kepler-412 b,CONFIRMED,1.72086129,2.0243,10184.5,13.25,1647.0,1743.61,1654.9,0.725,5742.0,4.297,1.215
7286173,K01862.01,Kepler-986 b,CONFIRMED,56.4349933,4.7381,580.0,2.37,465.0,11.04,47.7,0.019,5534.0,4.381,1.001
11126381,K01863.01,Kepler-1673 b,CONFIRMED,33.7888028,5.496,649.2,2.71,611.0,33.01,36.0,0.078,6202.0,4.436,1.062
4149450,K01864.01,Kepler-1772 b,CONFIRMED,3.215109385,4.365,158.0,1.54,1155.0,421.21,53.3,0.954,5541.0,4.472,0.934
10136549,K01929.02,Kepler-337 b,CONFIRMED,3.29276797,4.8069,80.7,1.39,1458.0,1068.95,40.8,0.663,5683.0,4.108,1.472
5511081,K01930.01,Kepler-338 b,CONFIRMED,13.72710334,7.3419,199.2,2.38,1005.0,241.58,62.5,0.025,5951.0,4.017,1.693
5511081,K01930.02,Kepler-338 c,CONFIRMED,24.3110031,8.7682,184.4,2.3,831.0,112.64,48.9,0.146,5951.0,4.017,1.693
5511081,K01930.03,Kepler-338 d,CONFIRMED,44.4304059,10.306,238.5,2.61,680.0,50.42,50.5,0.025,5951.0,4.017,1.693
5511081,K01930.04,Kepler-338 e,CONFIRMED,9.34145925,6.18,81.7,1.56,1143.0,403.44,29.4,0.455,5951.0,4.017,1.693
10978763,K01931.01,Kepler-339 b,CONFIRMED,4.97760447,2.5719,287.3,1.75,1023.0,258.91,27.5,0.474,5353.0,4.358,1.023
11069176,K02007.02,Kepler-1050 c,CONFIRMED,21.1285655,3.852,176.7,2.88,935.0,180.55,12.5,0.36,5817.0,3.877,2.153
8098728,K02008.01,,FALSE POSITIVE,24.4851178,4.642,263.8,7.14,1179.0,456.64,10.9,0.987,6655.0,3.638,2.995
6152974,K00216.02,Kepler-118 b,CONFIRMED,7.51854537,2.845,286.7,1.42,784.0,89.41,19.4,0.13,5064.0,4.474,0.864
5631630,K02010.01,Kepler-1051 b,CONFIRMED,25.96190067,6.2732,350.3,3.25,850.0,123.11,37.5,0.02,6369.0,4.088,1.729
6504954,K01790.01,Kepler-952 b,CONFIRMED,130.3543929,6.474,5128.7,7.7,369.0,4.36,103.7,0.675,5970.0,4.463,1.015
9410930,K00196.01,Kepler-41 b,CONFIRMED,1.855557556,2.35672,10570.1,10.05,1436.0,1004.89,1853.8,0.554,5657.0,4.441,0.947
6153672,K01794.01,,FALSE POSITIVE,3.364425589,1.3261,4843.0,56.83,1106.0,352.97,32.0,1.597,5813.0,4.589,0.775
10676014,K01797.01,Kepler-954 b,CONFIRMED,16.78175788,3.7386,908.0,2.25,545.0,20.82,118.8,0.502,4925.0,4.588,0.742
9520838,K01866.01,Kepler-987 b,CONFIRMED,105.3035093,6.214,1362.2,3.18,351.0,3.58,40.6,0.027,5534.0,4.515,0.875
8167996,K01867.01,Kepler-327 b,CONFIRMED,2.549562652,1.6999,495.1,1.11,682.0,50.9,43.7,0.047,3716.0,4.74,0.506
8167996,K01867.02,Kepler-327 d,CONFIRMED,13.96950181,1.5871,1110.0,2.04,387.0,5.29,37.0,0.901,3716.0,4.74,0.506
8167996,K01867.03,Kepler-327 c,CONFIRMED,5.21230171,2.098,430.0,1.04,537.0,19.7,29.3,0.187,3716.0,4.74,0.506
6773862,K01868.01,Kepler-988 b,CONFIRMED,17.76076524,1.6679,1287.2,1.93,368.0,4.34,42.6,0.627,3826.0,4.744,0.516
10978763,K01931.02,Kepler-339 d,CONFIRMED,10.55840479,3.366,194.2,1.41,796.0,94.94,14.6,0.31,5353.0,4.358,1.023
10978763,K01931.03,Kepler-339 c,CONFIRMED,6.98800953,3.103,193.2,1.39,914.0,164.86,17.1,0.024,5353.0,4.358,1.023
5202905,K01932.01,Kepler-340 c,CONFIRMED,22.8245144,6.617,322.7,3.36,946.0,189.46,15.9,0.279,6642.0,4.057,1.846
9072190,K01933.01,Kepler-1018 b,CONFIRMED,49.1011093,6.341,845.6,3.28,498.0,14.57,39.7,0.52,5393.0,4.299,1.11
5384079,K02011.01,Kepler-348 b,CONFIRMED,7.05675145,2.0261,130.0,1.68,1196.0,483.95,25.2,0.631,6388.0,4.244,1.402
9839821,K02012.01,Kepler-1052 b,CONFIRMED,34.8536903,5.333,767.7,2.4,522.0,17.62,27.0,0.493,5818.0,4.554,0.848
4056616,K02013.01,Kepler-1053 b,CONFIRMED,2.41434868,1.2701,191.0,0.97,953.0,195.08,30.0,0.221,4507.0,4.573,0.724
6707908,K02014.01,,FALSE POSITIVE,2.466070972,1.9559,704.5,24.3,1260.0,595.8,42.6,1.223,5708.0,4.529,0.884
8492026,K02016.01,Kepler-1054 b,CONFIRMED,4.30656389,4.1107,257.0,1.95,1177.0,453.2,39.8,0.894,6108.0,4.466,1.03
6867766,K01798.01,,FALSE POSITIVE,12.964717746,1.8303,3732.9,39.93,834.0,114.24,183.3,1.282,6210.0,4.45,1.033
6058614,K01799.01,,FALSE POSITIVE,1.731079436,1.8419,11974.0,56.05,1541.0,1332.5,36.2,1.404,6045.0,4.494,0.955
11017901,K01800.01,Kepler-447 b,CONFIRMED,7.794302043,1.1081,3387.4,16.51,882.0,142.82,159.2,1.06,5494.0,4.405,0.982
5088591,K01801.01,Kepler-955 b,CONFIRMED,14.5324483,3.13,1355.9,3.11,664.0,46.06,16.5,0.001,5345.0,4.473,0.86
11298298,K01802.01,Kepler-956 b,CONFIRMED,5.248667607,1.917,601.2,2.84,1056.0,293.42,59.5,0.847,5807.0,4.437,1.012
10187159,K01870.01,Kepler-989 b,CONFIRMED,7.96431492,1.5342,746.0,2.44,805.0,99.42,44.3,0.189,5185.0,4.44,0.91
9758089,K01871.01,Kepler-1996 c,CONFIRMED,92.7297248,6.83,1257.5,2.81,276.0,1.38,43.3,0.857,4580.0,4.641,0.675
10619192,K00203.01,Kepler-17 b,CONFIRMED,1.485710994,2.2874,20823.9,14.48,1562.0,1404.81,1176.6,0.105,5624.0,4.432,1.018
4939346,K01873.01,Kepler-328 c,CONFIRMED,71.3116598,8.813,2138.0,4.94,475.0,12.01,43.4,0.035,6194.0,4.445,1.069
5396122,K01935.01,,FALSE POSITIVE,15.44428875,2.0791,3596.2,37.58,731.0,67.39,44.9,1.275,5895.0,4.489,0.991
10190777,K01937.01,Kepler-1019 b,CONFIRMED,1.411230023,1.4325,388.2,1.71,1164.0,436.04,89.3,0.851,4575.0,4.564,0.737
9651234,K01938.01,Kepler-1020 b,CONFIRMED,96.9151707,6.065,862.8,2.37,325.0,2.64,53.4,0.541,5162.0,4.559,0.791
7045496,K01939.01,Kepler-1021 b,CONFIRMED,13.47472742,2.5995,729.6,1.96,634.0,38.21,25.3,0.025,5395.0,4.615,0.734
8750043,K02017.01,Kepler-1055 b,CONFIRMED,2.29503515,1.654,172.1,1.18,1304.0,681.51,11.6,0.16,5637.0,4.482,0.909
9973109,K02018.01,Kepler-1056 b,CONFIRMED,27.495634,4.858,483.3,2.11,590.0,28.66,24.7,0.664,5657.0,4.401,0.911
6226290,K02019.01,Kepler-1057 b,CONFIRMED,14.08826442,4.1847,889.4,2.66,724.0,64.97,34.2,0.133,5853.0,4.529,0.895
9595827,K00217.01,Kepler-71 b,CONFIRMED,3.905081685,2.8213,21340.5,12.78,1046.0,282.59,1315.8,0.131,5543.0,4.54,0.887
9349482,K02020.01,Kepler-1058 b,CONFIRMED,110.9643706,12.831,1283.2,2.11,239.0,0.77,42.1,0.729,4441.0,4.695,0.546
4644952,K01805.01,Kepler-319 c,CONFIRMED,6.94135824,1.8899,825.0,2.96,876.0,139.05,43.1,0.871,5527.0,4.491,0.88
2987027,K00197.01,Kepler-489 b,CONFIRMED,17.276296682,3.94738,10458.0,7.31,538.0,19.88,871.4,0.085,4941.0,4.599,0.738
4644952,K01805.02,Kepler-319 d,CONFIRMED,31.7821117,3.856,570.2,2.08,528.0,18.32,21.6,0.17,5527.0,4.491,0.88
4644952,K01805.03,Kepler-319 b,CONFIRMED,4.36273233,2.2375,341.6,1.76,1023.0,258.7,25.6,0.732,5527.0,4.491,0.88
8978528,K01874.01,Kepler-329 c,CONFIRMED,18.6848377,3.7965,1251.5,1.93,402.0,6.16,41.2,0.405,4156.0,4.712,0.545
8978528,K01874.02,Kepler-329 b,CONFIRMED,7.41634701,2.1362,505.5,1.24,547.0,21.1,20.6,0.476,4156.0,4.712,0.545
9967771,K01875.01,Kepler-990 b,CONFIRMED,9.91724268,3.2241,457.9,2.85,903.0,157.41,38.8,0.786,5539.0,4.244,1.207
11622600,K01876.01,Kepler-991 b,CONFIRMED,82.5341188,4.8556,1895.4,2.45,260.0,1.08,40.1,0.033,4316.0,4.678,0.58
10454632,K01877.01,Kepler-992 b,CONFIRMED,20.16037858,4.13,343.6,1.75,510.0,16.03,35.1,0.941,4975.0,4.614,0.724
10005788,K01940.01,Kepler-1022 b,CONFIRMED,10.99470891,1.5929,884.7,1.71,512.0,16.24,32.7,0.265,4302.0,4.661,0.586
5213902,K01941.01,,FALSE POSITIVE,1.194812329,1.3777,189.5,1.36,1806.0,2521.46,41.2,0.404,6198.0,4.475,0.97
2832589,K01942.01,Kepler-1978 b,CONFIRMED,10.84969477,3.474,1122.1,2.67,676.0,49.3,43.5,0.55,5251.0,4.592,0.778
2438513,K01944.01,Kepler-1777 b,CONFIRMED,12.18420006,2.5014,499.3,2.59,819.0,106.52,23.3,0.746,5771.0,4.374,1.068
6356207,K02021.01,Kepler-1059 b,CONFIRMED,3.76417012,2.0111,558.4,1.7,908.0,160.99,27.2,0.287,5063.0,4.617,0.728
8564674,K02022.01,Kepler-349 b,CONFIRMED,5.92972237,2.518,412.1,1.92,972.0,210.95,8.9,0.048,5741.0,4.492,0.956
8564674,K02022.02,Kepler-349 c,CONFIRMED,12.2476121,3.209,402.7,1.9,763.0,80.29,6.8,0.116,5741.0,4.492,0.956
8578780,K02023.01,Kepler-1784 b,CONFIRMED,13.59051547,3.784,621.9,2.4,724.0,64.8,27.7,0.232,5442.0,4.409,0.974
4544907,K02024.01,Kepler-1060 b,CONFIRMED,46.8776724,10.041,539.8,2.62,484.0,13.01,37.5,0.834,5504.0,4.418,0.993
7761918,K01808.01,Kepler-1769 b,CONFIRMED,89.1935737,4.0104,868.3,3.81,483.0,12.83,43.5,0.015,6071.0,4.239,1.295
8240797,K01809.01,Kepler-321 c,CONFIRMED,13.09390911,2.2805,398.7,2.2,752.0,75.58,62.2,0.86,5772.0,4.487,0.956
8240797,K01809.02,Kepler-321 b,CONFIRMED,4.915385452,2.7757,225.5,1.46,1042.0,279.43,65.6,0.484,5772.0,4.487,0.956
8164262,K01810.01,,FALSE POSITIVE,87.455958,18.257,1604.9,70.11,728.0,66.26,118.9,1.262,7700.0,4.018,2.111
6279974,K01812.01,,FALSE POSITIVE,0.805259257,1.42246,1384.3,63.55,2723.0,12990.09,329.7,1.245,5872.0,3.926,2.022
9455325,K01813.01,Kepler-958 b,CONFIRMED,9.76785911,2.1649,585.4,2.54,749.0,74.48,54.1,0.916,5371.0,4.513,0.852
3098810,K01878.01,Kepler-1773 b,CONFIRMED,40.80957343,3.158,436.1,3.44,623.0,35.68,39.3,0.949,6183.0,4.301,1.3
8367644,K01879.01,Kepler-993 b,CONFIRMED,22.08551599,2.1727,3157.4,3.34,352.0,3.63,48.5,0.656,3828.0,4.712,0.565
10332883,K01880.01,Kepler-994 b,CONFIRMED,1.151166776,1.0907,578.4,1.28,957.0,199.25,83.7,0.029,3951.0,4.73,0.535
9071386,K00023.01,,FALSE POSITIVE,4.693305543,5.17249,14522.9,17.85,1389.0,881.73,1765.2,0.23,6365.0,4.22,1.47
9305831,K00204.01,Kepler-44 b,CONFIRMED,3.246732048,3.0535,6998.2,12.4,1459.0,1072.7,775.0,0.475,5763.0,4.15,1.457
2438513,K01944.02,,FALSE POSITIVE,8.3606759,6.287,194.8,1.49,929.0,176.04,17.7,0.259,5771.0,4.374,1.068
11656918,K01945.01,Kepler-1023 b,CONFIRMED,62.1385979,4.2938,886.3,5.14,524.0,17.88,36.1,0.699,5123.0,3.992,1.621
9536692,K01948.01,,FALSE POSITIVE,26.635216,5.949,1492.8,27.64,536.0,19.45,30.6,1.242,5215.0,4.455,0.882
4636578,K02025.01,Kepler-350 c,CONFIRMED,17.84850835,5.8919,391.2,3.29,888.0,146.82,43.5,0.849,6188.0,4.152,1.465
4636578,K02025.02,Kepler-350 d,CONFIRMED,26.1363443,6.613,362.2,2.8,782.0,88.29,38.1,0.187,6188.0,4.152,1.465
4636578,K02025.03,Kepler-350 b,CONFIRMED,11.1895709,5.3,143.3,1.81,1037.0,273.37,19.9,0.541,6188.0,4.152,1.465
11923284,K02026.01,Kepler-1061 b,CONFIRMED,2.757977384,2.1489,211.0,1.69,1332.0,744.97,22.5,0.875,5919.0,4.435,1.0
9838975,K00218.01,,FALSE POSITIVE,18.692860599,3.88584,51256.5,14.81,528.0,18.4,1281.9,0.116,5190.0,4.66,0.66
5621125,K01814.01,Kepler-959 b,CONFIRMED,14.80075082,5.762,501.4,17.38,1912.0,3158.09,54.0,0.367,6327.0,3.092,7.663
9872283,K01815.01,Kepler-960 b,CONFIRMED,3.126861192,1.1926,794.6,5.12,1391.0,886.72,94.6,0.603,4854.0,3.939,1.749
10666242,K00198.01,,FALSE POSITIVE,87.24250316,4.1206,17860.5,15.86,390.0,5.49,335.2,0.884,5671.0,4.501,0.955
7870032,K01818.01,Kepler-961 b,CONFIRMED,16.87725775,3.7917,818.4,2.54,642.0,40.09,43.1,0.516,5497.0,4.512,0.872
9597058,K01819.01,Kepler-962 b,CONFIRMED,12.05705659,2.3462,523.9,1.96,689.0,53.26,20.8,0.548,5365.0,4.537,0.834
4035640,K01881.01,Kepler-995 b,CONFIRMED,28.26727385,4.5839,1160.2,2.93,517.0,16.84,42.1,0.01,5132.0,4.457,0.886
6205228,K01882.01,Kepler-996 b,CONFIRMED,3.770590654,2.029,314.4,2.13,1272.0,619.65,37.1,0.24,5714.0,4.274,1.208
11758544,K01883.01,Kepler-997 b,CONFIRMED,2.7073064,3.4378,69.5,1.36,1709.0,2012.12,31.7,0.007,6045.0,4.069,1.629
3118797,K01950.01,Kepler-1024 b,CONFIRMED,66.4159789,7.061,2053.2,3.44,376.0,4.71,33.6,0.371,5383.0,4.603,0.759
7747425,K01952.01,Kepler-341 c,CONFIRMED,8.0103929,4.2713,294.1,1.88,940.0,184.38,34.6,0.045,5616.0,4.327,1.111
7747425,K01952.02,Kepler-341 d,CONFIRMED,27.6666375,6.315,324.0,2.04,622.0,35.27,24.4,0.519,5616.0,4.327,1.111
7747425,K01952.03,Kepler-341 b,CONFIRMED,5.19559398,3.748,116.0,1.18,1085.0,327.78,16.0,0.054,5616.0,4.327,1.111
7102316,K02028.01,Kepler-351 c,CONFIRMED,57.2488518,6.083,1455.6,3.19,431.0,8.17,29.8,0.022,5642.0,4.542,0.846
7102316,K02028.02,Kepler-351 b,CONFIRMED,37.0551726,5.439,1028.8,3.19,498.0,14.59,23.2,0.884,5642.0,4.542,0.846
9489524,K02029.01,Kepler-352 c,CONFIRMED,16.33269981,2.174,300.4,1.61,591.0,28.76,17.5,0.893,5208.0,4.563,0.772
9489524,K02029.02,Kepler-352 b,CONFIRMED,10.05550267,2.951,147.7,0.92,694.0,54.96,13.6,0.061,5208.0,4.563,0.772
5940165,K02031.01,Kepler-1062 b,CONFIRMED,9.30413878,1.9254,637.3,1.67,583.0,27.35,24.2,0.488,4458.0,4.611,0.658
8277797,K01820.01,Kepler-322 c,CONFIRMED,4.33722007,2.4973,358.5,1.63,996.0,231.86,47.9,0.053,5390.0,4.499,0.876
8277797,K01820.02,Kepler-322 b,CONFIRMED,1.653889476,1.7242,124.4,0.97,1373.0,838.03,22.3,0.226,5390.0,4.499,0.876
5124667,K01822.01,Kepler-1672 b,CONFIRMED,150.8783198,8.6797,659.9,4.37,423.0,7.56,70.6,0.022,5504.0,3.999,1.737
2989404,K01824.01,Kepler-323 c,CONFIRMED,3.553831111,3.1029,191.8,1.62,1292.0,658.37,77.4,0.74,6015.0,4.37,1.081
2989404,K01824.02,Kepler-323 b,CONFIRMED,1.6783263,2.5123,146.3,1.57,1659.0,1797.15,76.1,0.91,6015.0,4.37,1.081
11413812,K01885.01,Kepler-998 b,CONFIRMED,5.65378163,1.9483,366.8,1.82,1020.0,256.14,37.8,0.439,5988.0,4.507,0.934
9549648,K01886.01,Kepler-999 b,CONFIRMED,5.99185827,1.7215,186.3,2.75,1355.0,796.76,32.1,0.905,6157.0,4.049,1.695
10063802,K01888.01,Kepler-1000 b,CONFIRMED,120.0183551,11.637,886.0,4.54,473.0,11.84,46.1,0.58,6469.0,4.253,1.467
11074178,K01889.01,Kepler-1001 b,CONFIRMED,14.30517579,4.535,863.4,3.05,693.0,54.59,37.5,0.924,5741.0,4.555,0.846
11074178,K01889.02,Kepler-1001 c,CONFIRMED,9.18189122,4.343,363.6,2.17,804.0,98.61,18.2,0.971,5741.0,4.555,0.846
5942808,K02250.01,Kepler-1814 b,CONFIRMED,2.935362067,1.5043,1052.6,3.15,1022.0,258.48,38.0,0.86,4922.0,4.505,0.823
6206214,K02252.01,Kepler-1158 b,CONFIRMED,13.53953595,4.389,134.2,2.32,1079.0,320.19,21.8,0.219,6109.0,3.985,1.997
8959839,K02253.01,Kepler-1159 b,CONFIRMED,22.7082375,3.503,298.8,1.72,677.0,49.67,22.0,0.032,6170.0,4.472,0.992
7672097,K02255.01,Kepler-1160 b,CONFIRMED,7.97033985,2.6675,490.8,1.81,839.0,116.77,23.5,0.107,5774.0,4.567,0.818
6142862,K02336.01,,FALSE POSITIVE,5.33459393,2.642,226.3,0.79,627.0,36.55,14.7,0.158,4275.0,4.704,0.533
5599774,K02337.01,Kepler-1195 b,CONFIRMED,8.49640437,2.2128,834.0,2.14,702.0,57.43,21.8,0.628,5093.0,4.586,0.709
8099138,K02338.01,Kepler-1196 b,CONFIRMED,66.1843646,5.155,560.5,2.72,436.0,8.57,21.3,0.877,5640.0,4.447,0.978
7033233,K02339.01,Kepler-1197 b,CONFIRMED,2.032318856,1.1596,287.5,1.12,1011.0,247.21,20.4,0.009,4670.0,4.635,0.682
6383785,K00239.02,Kepler-501 c,CONFIRMED,3.62275506,2.7868,180.6,1.62,1304.0,683.84,22.3,0.007,5794.0,4.282,1.216
9411412,K02101.01,Kepler-1096 b,CONFIRMED,2.892216772,1.3596,360.5,1.31,794.0,93.66,23.9,0.806,4229.0,4.655,0.615
7008211,K02102.01,Kepler-1097 b,CONFIRMED,187.746606,5.885,1583.0,2.95,267.0,1.2,20.2,0.015,5303.0,4.55,0.753
7620413,K02103.01,Kepler-1098 b,CONFIRMED,2.543063763,2.8473,152.0,1.26,1319.0,716.3,26.5,0.215,5579.0,4.389,1.029
4545187,K00223.01,Kepler-121 b,CONFIRMED,3.177414601,1.5262,1134.3,2.65,997.0,233.26,113.7,0.786,5303.0,4.63,0.708
10854546,K02104.01,Kepler-1099 b,CONFIRMED,2.168451063,1.458,466.9,2.41,1558.0,1389.18,45.5,0.207,6153.0,4.382,1.109
11774991,K02173.01,Kepler-367 b,CONFIRMED,37.8154157,4.662,286.4,1.21,401.0,6.09,22.4,0.533,4856.0,4.624,0.705
11774991,K02173.02,Kepler-367 c,CONFIRMED,53.5783052,5.194,224.9,1.16,357.0,3.82,15.4,0.769,4856.0,4.624,0.705
8261920,K02174.02,Kepler-1802 c,CONFIRMED,33.1362861,4.163,825.2,2.05,357.0,3.86,16.3,0.791,4245.0,4.641,0.637
8261920,K02174.03,Kepler-1802 b,CONFIRMED,7.72513619,2.042,382.2,1.71,581.0,26.91,10.5,0.954,4245.0,4.641,0.637
9112931,K02256.01,Kepler-1161 b,CONFIRMED,10.71253475,2.7186,1198.6,2.02,485.0,13.09,31.2,0.72,4175.0,4.715,0.544
9071593,K02257.01,Kepler-1162 b,CONFIRMED,32.5635249,5.418,578.3,2.05,490.0,13.63,24.1,0.371,5225.0,4.505,0.859
8126558,K02259.01,Kepler-1815 b,CONFIRMED,12.19140405,1.8832,665.8,2.46,763.0,80.01,19.4,0.091,5516.0,4.399,0.967
11811193,K02260.01,Kepler-1163 b,CONFIRMED,6.11784972,3.458,60.5,1.05,1211.0,509.24,25.8,0.391,6226.0,4.247,1.333
3734418,K02261.01,Kepler-1164 b,CONFIRMED,3.97599629,2.2029,206.0,1.11,936.0,181.47,27.3,0.331,5143.0,4.561,0.778
8681734,K02340.01,Kepler-1198 b,CONFIRMED,7.68478504,2.447,274.1,1.47,830.0,112.06,21.4,0.045,5344.0,4.469,0.907
10232693,K02341.01,,FALSE POSITIVE,0.990516282,2.019,101.6,3.52,2841.0,15469.83,20.4,0.989,5975.0,3.755,2.399
10212441,K02342.01,Kepler-1199 b,CONFIRMED,15.0447098,5.823,97.9,1.51,931.0,177.24,23.4,0.022,5798.0,4.025,1.525
8247771,K02344.01,Kepler-1200 b,CONFIRMED,1.118547814,1.5534,234.8,0.98,1174.0,447.97,21.7,0.221,4496.0,4.65,0.658
8165946,K02105.01,Kepler-1100 b,CONFIRMED,6.42199919,2.6192,161.6,1.25,1000.0,236.21,25.4,0.281,5985.0,4.468,0.981
12017109,K02106.01,Kepler-1679 b,CONFIRMED,9.75374033,2.348,430.8,1.87,813.0,103.3,18.9,0.295,5806.0,4.528,0.899
9225395,K02107.01,Kepler-1101 b,CONFIRMED,81.3153052,5.807,715.5,2.55,393.0,5.64,20.7,0.013,5325.0,4.39,0.975
10709622,K02108.01,Kepler-1102 b,CONFIRMED,51.3283527,9.357,692.3,3.06,546.0,21.06,34.7,0.582,6119.0,4.353,1.119
11499228,K02109.01,Kepler-1103 b,CONFIRMED,19.7919389,3.787,383.7,2.58,736.0,69.48,22.8,0.954,6285.0,4.441,1.039
9022166,K02175.01,Kepler-368 b,CONFIRMED,26.8475962,10.068,254.1,3.2,800.0,96.89,39.2,0.457,5508.0,3.897,1.988
10965588,K02177.01,Kepler-1132 b,CONFIRMED,62.8917493,6.831,791.0,2.5,384.0,5.13,22.6,0.632,5052.0,4.48,0.855
10670119,K02179.01,Kepler-369 c,CONFIRMED,14.87149773,2.4076,944.9,1.59,391.0,5.51,27.3,0.018,3825.0,4.749,0.524
10670119,K02179.02,Kepler-369 b,CONFIRMED,2.732767897,1.1102,613.1,1.42,687.0,52.68,27.0,0.748,3825.0,4.749,0.524
4043443,K00231.01,,FALSE POSITIVE,119.8401019,3.6796,5448.7,26.96,255.0,1.0,83.7,1.269,4602.0,4.637,0.675
8491277,K00234.01,Kepler-498 b,CONFIRMED,9.61375316,4.654,797.9,3.27,931.0,177.26,108.6,0.604,5997.0,4.364,1.11
8613535,K02263.01,Kepler-1165 c,CONFIRMED,29.9685917,6.678,309.5,1.91,644.0,40.76,26.5,0.282,6249.0,4.428,1.076
12256520,K02264.01,Kepler-1166 b,CONFIRMED,33.2407985,4.675,341.9,1.51,486.0,13.17,20.4,0.231,5382.0,4.571,0.827
3337432,K02265.01,,FALSE POSITIVE,2.97600846,4.274,103.2,2.27,1892.0,3034.68,25.9,0.715,6208.0,3.898,2.088
5629538,K02345.01,Kepler-1201 b,CONFIRMED,15.18727049,4.509,292.5,1.94,789.0,91.56,21.4,0.839,6136.0,4.414,1.005
8561231,K02346.01,Kepler-1202 b,CONFIRMED,28.6853212,6.307,689.1,2.69,547.0,21.09,23.8,0.922,5726.0,4.559,0.838
8235924,K02347.01,Kepler-1203 b,CONFIRMED,0.588001053,1.1451,297.4,0.99,1188.0,473.45,50.9,0.403,3814.0,4.687,0.57
6941084,K02348.01,Kepler-1204 b,CONFIRMED,85.7357202,7.625,747.7,2.94,448.0,9.54,20.8,0.033,6096.0,4.397,1.077
6200235,K02350.01,Kepler-1205 b,CONFIRMED,1.078389713,1.3394,300.5,1.98,1667.0,1817.38,23.6,0.846,5325.0,4.384,0.985
11460462,K02110.01,Kepler-1104 b,CONFIRMED,5.03728033,2.0619,76.3,1.55,1321.0,720.22,20.9,0.96,6387.0,4.271,1.381
8612275,K02111.01,Kepler-360 b,CONFIRMED,3.289726319,2.3274,234.9,1.37,1116.0,367.18,27.0,0.052,5463.0,4.492,0.91
8612275,K02111.02,Kepler-360 c,CONFIRMED,7.18644594,1.4972,402.0,2.19,860.0,129.48,23.8,0.892,5463.0,4.492,0.91
7207061,K02113.01,Kepler-417 c,CONFIRMED,15.94248453,3.4894,1093.7,2.62,616.0,34.06,34.3,0.022,5376.0,4.576,0.806
4545187,K00223.02,Kepler-121 c,CONFIRMED,41.0081117,4.376,1004.5,2.64,425.0,7.72,43.9,0.878,5303.0,4.63,0.708
7286911,K02180.01,Kepler-1133 b,CONFIRMED,11.55562042,1.6758,441.5,2.11,703.0,57.75,22.7,0.874,5420.0,4.555,0.85
8591173,K02181.01,Kepler-1804 b,CONFIRMED,12.2885046,2.807,342.1,3.22,913.0,164.61,12.0,0.632,5109.0,3.96,1.671
6962109,K02182.01,Kepler-1134 b,CONFIRMED,17.13263125,3.0555,850.2,2.31,611.0,32.91,26.4,0.298,5477.0,4.578,0.794
5706595,K02183.01,Kepler-370 c,CONFIRMED,19.0231361,3.431,401.6,2.04,647.0,41.5,19.7,0.698,5569.0,4.459,0.954
5706595,K02183.02,Kepler-370 b,CONFIRMED,4.57948235,3.106,207.1,1.35,1040.0,276.82,20.0,0.055,5569.0,4.459,0.954
10489345,K02266.01,Kepler-1167 b,CONFIRMED,1.003931703,1.4361,491.1,1.6,1419.0,962.58,25.2,0.023,4949.0,4.552,0.741
11774303,K02269.01,,FALSE POSITIVE,0.614083885,0.9817,389.5,2.55,2603.0,10827.22,36.4,0.106,6521.0,4.352,1.276
10329469,K02271.01,Kepler-1168 b,CONFIRMED,55.8224775,5.457,879.6,2.13,379.0,4.85,23.7,0.031,5162.0,4.611,0.736
9717943,K02273.01,Kepler-1169 b,CONFIRMED,6.11010439,2.314,59.7,0.93,1125.0,378.84,11.8,0.284,6213.0,4.387,1.195
8026752,K00240.01,Kepler-502 b,CONFIRMED,4.286866229,4.4726,1321.9,4.14,1217.0,517.66,167.3,0.757,6228.0,4.441,1.049
1872821,K02351.01,Kepler-1828 b,CONFIRMED,10.27380957,3.252,352.8,1.68,799.0,96.27,19.2,0.125,5806.0,4.528,0.899
8013439,K02352.01,Kepler-381 c,CONFIRMED,13.39155154,3.391,48.9,1.58,1180.0,459.23,24.5,0.539,6197.0,3.837,2.188
8013439,K02352.02,Kepler-381 b,CONFIRMED,5.62904396,3.7295,39.5,1.39,1576.0,1459.41,32.2,0.237,6197.0,3.837,2.188
8013439,K02352.03,Kepler-381 d,CONFIRMED,8.2562857,2.0378,37.3,1.49,1387.0,874.56,18.2,0.816,6197.0,3.837,2.188
7207061,K02113.02,Kepler-417 b,CONFIRMED,12.33087921,3.0664,872.2,2.34,671.0,47.99,28.3,0.011,5376.0,4.576,0.806
6921944,K02114.01,Kepler-1105 b,CONFIRMED,4.421566535,2.1229,684.0,2.19,729.0,66.94,31.9,0.869,4299.0,4.604,0.697
9532052,K02115.01,Kepler-67 b,CONFIRMED,15.72585941,3.8284,1313.1,2.69,602.0,31.13,32.7,0.122,5332.0,4.597,0.755
8164012,K02116.01,Kepler-1106 b,CONFIRMED,1.252753881,2.1472,200.0,2.44,2199.0,5545.35,40.5,0.4,5907.0,4.041,1.705
4140813,K02117.01,Kepler-1795 b,CONFIRMED,13.36019864,2.788,699.9,1.84,520.0,17.3,21.3,0.534,4500.0,4.638,0.688
8611781,K02185.01,Kepler-1135 b,CONFIRMED,76.957056,9.551,367.1,2.09,451.0,9.81,26.5,0.638,5878.0,4.363,1.041
5601258,K02191.01,Kepler-1805 b,CONFIRMED,8.84784273,2.0572,460.2,1.15,479.0,12.48,21.1,0.047,3867.0,4.718,0.552
7960980,K02274.01,Kepler-1170 b,CONFIRMED,9.98970266,3.7,988.4,2.48,705.0,58.26,24.1,0.005,5265.0,4.58,0.81
8107225,K00235.01,Kepler-499 b,CONFIRMED,5.63252508,2.1448,634.4,2.04,844.0,119.75,70.9,0.455,5216.0,4.58,0.804
3458028,K02276.01,Kepler-1171 b,CONFIRMED,1.442592305,2.9698,166.0,2.67,2700.0,12557.23,27.1,0.207,7216.0,3.983,2.043
3342794,K02278.01,Kepler-376 c,CONFIRMED,14.17222858,2.6297,246.8,2.39,873.0,137.33,24.5,0.869,5845.0,4.2,1.314
3342794,K02278.02,Kepler-376 b,CONFIRMED,4.92031063,4.046,81.0,1.18,1242.0,562.99,17.7,0.242,5845.0,4.2,1.314
5716932,K02358.01,Kepler-1830 b,CONFIRMED,56.4931698,8.704,411.9,4.43,681.0,50.79,31.8,0.707,6160.0,3.976,2.046
11288051,K00241.01,Kepler-124 c,CONFIRMED,13.82142084,3.985,765.2,2.2,560.0,23.15,75.3,0.904,4983.0,4.66,0.651
7515670,K02360.01,,FALSE POSITIVE,2.30367952,3.0898,136.4,1.3,1384.0,866.21,18.9,0.964,6191.0,4.546,0.865
11566256,K02361.01,Kepler-1831 b,CONFIRMED,5.78387049,1.3966,413.3,2.07,1051.0,288.69,20.7,0.227,6063.0,4.476,1.012
8495415,K02362.02,Kepler-1208 b,CONFIRMED,11.08507658,1.751,771.8,2.5,665.0,46.17,17.7,0.819,5080.0,4.538,0.793
4055304,K02119.01,Kepler-1107 b,CONFIRMED,0.571038347,1.1267,242.1,1.65,1897.0,3069.59,38.2,0.876,5132.0,4.457,0.886
4857213,K02120.01,Kepler-1680 b,CONFIRMED,8.77425786,2.2245,239.6,1.75,771.0,83.63,22.3,0.917,5146.0,4.445,0.905
9415108,K02121.01,Kepler-1108 b,CONFIRMED,4.51005082,2.1533,294.8,1.74,1063.0,301.74,21.5,0.115,5362.0,4.352,1.032
4262581,K02122.01,Kepler-1109 b,CONFIRMED,37.6468519,6.344,427.4,5.37,787.0,90.85,31.0,0.008,5443.0,3.74,2.652
8591693,K02123.01,Kepler-1796 b,CONFIRMED,29.4557841,3.451,533.8,2.19,598.0,30.3,26.6,0.018,6036.0,4.491,0.949
4833421,K00232.01,Kepler-122 c,CONFIRMED,12.466004437,5.0066,2232.1,5.65,897.0,152.76,304.6,0.209,6038.0,4.284,1.191
8282651,K02193.01,Kepler-1136 b,CONFIRMED,2.361724472,1.2167,587.0,1.53,922.0,170.59,34.6,0.009,4478.0,4.615,0.651
3548044,K02194.01,Kepler-371 b,CONFIRMED,34.7630543,4.309,293.7,1.75,554.0,22.23,24.0,0.731,5670.0,4.387,0.95
11401767,K02195.01,Kepler-372 c,CONFIRMED,20.0545282,7.173,305.4,2.63,755.0,76.97,26.9,0.939,6056.0,4.332,1.209
10909127,K02200.01,Kepler-1138 b,CONFIRMED,3.17059731,1.6686,325.4,1.69,1080.0,321.28,20.1,0.793,5431.0,4.563,0.843
3661886,K02279.01,Kepler-377 c,CONFIRMED,27.0142622,5.385,287.6,2.0,677.0,49.65,25.5,0.009,5949.0,4.303,1.184
3661886,K02279.02,Kepler-377 b,CONFIRMED,12.50945798,3.479,155.3,1.54,875.0,138.54,16.0,0.626,5949.0,4.303,1.184
2439243,K02280.01,Kepler-1172 b,CONFIRMED,26.0203329,4.965,1164.4,4.53,675.0,49.09,23.7,0.704,5624.0,4.218,1.244
9221517,K02281.01,Kepler-1173 b,CONFIRMED,0.769854899,1.0243,109.6,0.93,1650.0,1756.8,28.7,0.705,5173.0,4.55,0.822
6751874,K02282.01,Kepler-1174 b,CONFIRMED,6.89226333,2.4921,214.4,2.13,1156.0,422.14,22.4,0.061,5862.0,4.148,1.463
10863608,K02368.01,Kepler-1210 b,CONFIRMED,8.07127043,2.393,318.2,1.53,856.0,126.94,16.9,0.271,5766.0,4.517,0.853
5602588,K02369.01,Kepler-1211 b,CONFIRMED,11.01819178,4.635,545.7,2.64,840.0,117.97,22.0,0.883,6075.0,4.486,0.969
11288051,K00241.02,Kepler-124 d,CONFIRMED,30.9505927,5.394,301.4,1.51,428.0,7.91,23.2,0.958,4983.0,4.66,0.651
5547480,K00224.01,,FALSE POSITIVE,3.979867514,2.3607,907.6,26.5,1173.0,446.89,65.2,1.216,6032.0,4.485,0.973
9405595,K02125.01,Kepler-1797 b,CONFIRMED,23.3593589,5.389,570.1,2.98,684.0,51.68,25.9,0.94,6244.0,4.46,1.009
3546060,K02126.01,Kepler-1110 b,CONFIRMED,9.69310837,2.734,1130.7,2.12,609.0,32.4,30.4,0.534,4818.0,4.639,0.618
7019489,K02128.01,,FALSE POSITIVE,24.2598301,3.897,1540.3,25.42,547.0,21.13,26.3,1.244,5485.0,4.574,0.805
2141783,K02201.01,,FALSE POSITIVE,116.5214317,5.577,771.5,44.41,457.0,10.33,25.0,1.26,6056.0,4.179,1.411
4144576,K02202.01,Kepler-1139 b,CONFIRMED,0.813166357,1.4122,173.5,1.14,1693.0,1945.44,34.8,0.06,5237.0,4.5,0.887
8494542,K02204.01,Kepler-1807 b,CONFIRMED,10.86062378,2.2874,189.6,2.09,1108.0,356.24,20.7,0.261,6455.0,4.125,1.496
9992325,K02205.01,Kepler-1140 b,CONFIRMED,24.08632177,2.236,1041.7,2.78,500.0,14.78,18.0,0.802,4973.0,4.537,0.768
10206675,K02283.01,,FALSE POSITIVE,17.40208965,3.745,616.5,16.37,422.0,7.49,20.9,1.216,4098.0,4.662,0.615
9945370,K02285.01,Kepler-1175 b,CONFIRMED,37.9456138,4.093,1032.9,2.79,515.0,16.61,24.0,0.263,5861.0,4.546,0.865
3832716,K00027.01,,FALSE POSITIVE,1.141877248,4.33931,309490.0,88.62,2184.0,5358.79,2036.3,0.598,6158.0,4.152,1.368
8453211,K00236.01,,FALSE POSITIVE,5.77675928,6.789,3522.5,32.77,954.0,195.79,141.4,1.272,5544.0,4.435,0.875
8973129,K02286.01,Kepler-1176 b,CONFIRMED,24.1738244,3.056,532.6,2.21,595.0,29.69,21.5,0.251,5468.0,4.427,0.968
12505654,K02353.01,Kepler-1829 b,CONFIRMED,5.186737262,0.8023,712.7,2.4,860.0,129.37,25.7,0.825,5230.0,4.594,0.777
11670125,K02355.01,Kepler-1206 b,CONFIRMED,1.217000383,1.3285,459.8,1.58,1314.0,707.61,26.5,0.028,4859.0,4.545,0.757
11461844,K02356.01,Kepler-1207 b,CONFIRMED,13.6823798,4.153,179.6,1.43,802.0,97.74,17.0,0.595,6102.0,4.457,1.026
9351920,K02129.01,Kepler-1111 b,CONFIRMED,8.79618433,3.3781,286.3,1.77,938.0,183.26,27.0,0.05,6142.0,4.456,1.046
2161536,K02130.01,Kepler-1798 b,CONFIRMED,16.85592593,2.309,871.5,1.7,408.0,6.52,19.5,0.038,3967.0,4.674,0.587
10549023,K02131.01,Kepler-1112 b,CONFIRMED,14.36270451,4.564,349.4,2.31,918.0,167.88,26.8,0.272,6643.0,4.357,1.216
9661979,K02132.01,Kepler-1681 b,CONFIRMED,69.8956789,5.276,548.4,3.04,442.0,8.99,21.9,0.872,5390.0,4.303,1.104
8219268,K02133.01,Kepler-91 b,CONFIRMED,6.24667547,11.261,396.8,14.93,1902.0,3095.83,63.6,0.877,4604.0,2.936,6.221
10531955,K02208.01,Kepler-1141 b,CONFIRMED,2.344512589,1.4116,58.9,0.97,1471.0,1106.25,21.9,0.803,5821.0,4.328,1.132
4833421,K00232.02,Kepler-122 b,CONFIRMED,5.766165573,3.8314,364.8,2.27,1159.0,426.48,65.6,0.017,6038.0,4.284,1.191
8168187,K02209.01,Kepler-1142 b,CONFIRMED,18.3027235,8.262,186.7,2.72,902.0,156.71,24.7,0.742,5528.0,3.892,1.839
4142847,K02210.01,Kepler-1143 b,CONFIRMED,2.888904439,1.6043,402.2,1.68,976.0,215.06,23.7,0.77,4895.0,4.589,0.759
10203349,K02212.01,Kepler-1144 b,CONFIRMED,17.14648756,4.2354,440.3,3.64,811.0,102.24,28.3,0.918,5559.0,4.127,1.412
9718066,K02287.01,Kepler-378 b,CONFIRMED,16.09227518,2.1072,128.5,0.98,503.0,15.15,18.1,0.932,4657.0,4.641,0.67
3867615,K02289.01,Kepler-379 c,CONFIRMED,62.7843981,4.81,325.0,2.28,530.0,18.7,21.1,0.272,6053.0,4.279,1.26
12121570,K02290.01,Kepler-1816 b,CONFIRMED,91.500873,4.842,704.8,1.82,310.0,2.18,22.6,0.032,5051.0,4.628,0.706
8410415,K02291.01,Kepler-1817 b,CONFIRMED,44.2993483,4.298,797.9,2.68,463.0,10.85,23.2,0.614,5316.0,4.459,0.915
7987866,K02363.01,Kepler-1832 b,CONFIRMED,3.13877646,1.6663,174.1,0.97,1022.0,257.32,20.2,0.436,5242.0,4.556,0.722
11560897,K02365.01,Kepler-430 b,CONFIRMED,35.9682692,2.839,269.7,2.95,674.0,48.68,21.0,0.883,5883.0,4.149,1.529
11342416,K02366.01,Kepler-1209 b,CONFIRMED,25.3690868,4.746,110.1,1.67,755.0,76.9,21.6,0.845,6126.0,4.224,1.406
9086251,K02367.01,Kepler-1833 b,CONFIRMED,6.89213244,1.725,82.0,1.35,1177.0,454.45,17.3,0.541,6164.0,4.227,1.446
4254466,K02134.01,Kepler-1113 b,CONFIRMED,42.3006282,4.372,507.9,2.54,558.0,22.94,23.8,0.269,5852.0,4.353,1.129
5801571,K00225.01,,FALSE POSITIVE,0.838597429,1.68668,2482.1,44.67,2278.0,6353.25,303.7,1.274,6366.0,4.352,1.236
9904006,K02135.01,Kepler-361 c,CONFIRMED,55.1866213,9.133,375.5,2.47,568.0,24.56,36.2,0.225,6178.0,4.269,1.267
5288570,K02136.01,,FALSE POSITIVE,1.728528176,3.682,197.6,5.07,2720.0,12977.86,26.2,0.787,6153.0,3.597,3.279
9364609,K02137.01,Kepler-1114 b,CONFIRMED,14.97436238,2.4461,265.4,1.28,631.0,37.53,24.9,0.092,5311.0,4.532,0.8
7457296,K02213.01,Kepler-1145 b,CONFIRMED,3.97076603,1.814,349.2,1.6,958.0,198.43,23.9,0.775,5178.0,4.521,0.778
10328458,K02214.01,Kepler-1146 b,CONFIRMED,2.352273912,1.7389,318.6,1.29,1019.0,255.03,20.4,0.095,4816.0,4.608,0.748
7050060,K02215.01,,FALSE POSITIVE,22.0425953,61.2018,348.0,28.78,760.0,78.85,90.4,1.191,5974.0,4.216,1.26
4248120,K02216.01,Kepler-1808 b,CONFIRMED,23.34036251,2.054,615.1,2.21,601.0,30.94,18.2,0.25,5530.0,4.425,0.892
8321314,K02293.01,Kepler-1683 b,CONFIRMED,15.03366411,3.272,374.9,1.7,669.0,47.32,22.2,0.01,5523.0,4.526,0.891
11498128,K02296.01,Kepler-1177 b,CONFIRMED,106.247882,13.78,397.4,2.01,377.0,4.75,24.0,0.586,5679.0,4.435,0.972
8041216,K00237.01,Kepler-500 b,CONFIRMED,8.508333104,3.4559,646.5,2.6,909.0,161.66,93.4,0.004,5767.0,4.396,1.03
11824786,K02371.01,Kepler-1212 b,CONFIRMED,12.94123564,4.636,328.8,1.7,795.0,94.29,22.1,0.028,6119.0,4.497,0.938
12254909,K02372.01,Kepler-1213 b,CONFIRMED,5.349791,4.279,88.8,1.29,1156.0,422.79,23.3,0.867,6074.0,4.368,1.183
9364290,K02374.01,Kepler-382 b,CONFIRMED,5.26211833,3.244,194.5,1.95,1166.0,436.61,20.3,0.71,5587.0,4.188,1.309
9364290,K02374.02,Kepler-382 c,CONFIRMED,12.1628195,2.3161,306.3,3.14,882.0,142.77,15.2,0.971,5587.0,4.188,1.309
5022828,K02138.01,Kepler-1115 b,CONFIRMED,23.5541012,7.3,95.2,2.33,1381.0,859.63,29.9,0.536,9565.0,4.088,2.286
8233702,K02140.01,Kepler-1116 b,CONFIRMED,41.6977582,5.513,684.8,2.26,488.0,13.45,27.7,0.018,5730.0,4.545,0.87
11403339,K02143.01,Kepler-1117 b,CONFIRMED,4.79029482,2.7219,142.0,1.01,938.0,183.02,23.1,0.46,5412.0,4.562,0.843
8260902,K02144.01,Kepler-1118 b,CONFIRMED,38.6715843,5.532,599.3,2.45,502.0,15.03,25.2,0.773,5432.0,4.42,0.913
8381204,K02145.01,Kepler-1119 b,CONFIRMED,8.32651854,5.483,267.9,1.8,938.0,182.69,27.2,0.782,6057.0,4.45,1.0
12058204,K02218.01,Kepler-373 b,CONFIRMED,5.53533152,2.793,260.6,1.75,1054.0,292.33,27.5,0.051,5588.0,4.331,1.1
12058204,K02218.02,Kepler-373 c,CONFIRMED,16.7261969,2.708,194.9,1.56,729.0,66.83,11.6,0.496,5588.0,4.331,1.1
4833421,K00232.03,Kepler-122 d,CONFIRMED,21.58752788,4.4968,336.8,2.18,747.0,73.42,34.0,0.009,6038.0,4.284,1.191
5357545,K02219.01,Kepler-1809 b,CONFIRMED,3.757294695,0.9269,273.3,1.23,877.0,139.89,23.4,0.586,4901.0,4.618,0.716
6871071,K02220.01,Kepler-374 c,CONFIRMED,3.2828024,3.2532,142.5,1.79,1467.0,1093.39,24.4,0.159,5640.0,4.087,1.515
5342473,K02297.01,Kepler-1818 b,CONFIRMED,4.64495172,3.366,147.4,1.38,1209.0,504.23,19.8,0.301,6047.0,4.343,1.129
9963265,K02299.01,Kepler-1819 b,CONFIRMED,16.48686712,1.431,987.9,27.45,760.0,78.99,22.1,1.198,6090.0,4.447,1.071
10583761,K02300.01,Kepler-1179 b,CONFIRMED,2.685054445,1.0473,252.7,1.46,1137.0,395.08,28.9,0.762,5266.0,4.484,0.829
7542813,K02302.01,Kepler-1180 b,CONFIRMED,16.8600805,5.557,273.4,1.71,765.0,80.9,22.4,0.682,6205.0,4.419,0.973
12058147,K02072.01,Kepler-1082 b,CONFIRMED,1.54320541,2.5779,91.2,1.23,1827.0,2636.85,35.2,0.217,5866.0,4.2,1.282
8164257,K02073.01,Kepler-357 d,CONFIRMED,49.5004725,5.772,965.2,2.49,402.0,6.2,27.8,0.162,4954.0,4.5,0.828
8164257,K02073.02,Kepler-357 b,CONFIRMED,6.47539108,2.7048,530.6,1.92,793.0,93.41,28.1,0.486,4954.0,4.5,0.828
8164257,K02073.03,Kepler-357 c,CONFIRMED,16.85825609,2.0728,759.6,2.51,576.0,26.05,21.8,0.763,4954.0,4.5,0.828
10593759,K00025.01,,FALSE POSITIVE,3.132604547,3.6337,9969.2,48.73,1444.0,1028.81,222.3,1.251,6248.0,4.328,1.181
6774537,K02146.01,Kepler-1120 b,CONFIRMED,2.949029106,2.0311,358.3,1.48,1027.0,263.92,29.3,0.044,4983.0,4.512,0.807
10404582,K02147.01,Kepler-362 c,CONFIRMED,37.8658964,4.782,395.2,2.01,543.0,20.61,25.9,0.18,5757.0,4.431,1.017
5959753,K00226.01,Kepler-496 b,CONFIRMED,8.30865307,3.2747,836.1,2.42,747.0,73.53,74.3,0.333,5022.0,4.485,0.849
6021193,K02148.01,Kepler-363 d,CONFIRMED,11.93205399,6.205,178.5,1.83,905.0,158.22,32.3,0.123,5711.0,4.221,1.391
6021193,K02148.02,Kepler-363 c,CONFIRMED,7.54235832,4.73,132.5,1.59,1054.0,292.19,25.8,0.318,5711.0,4.221,1.391
6871071,K02220.02,Kepler-374 d,CONFIRMED,5.02818253,3.526,181.3,2.03,1272.0,620.0,26.1,0.3,5640.0,4.087,1.515
6871071,K02220.03,Kepler-374 b,CONFIRMED,1.897828815,2.7114,132.4,1.73,1761.0,2278.95,27.2,0.227,5640.0,4.087,1.515
6287313,K02221.01,Kepler-1147 b,CONFIRMED,10.62788695,4.576,326.7,1.87,872.0,136.34,22.6,0.473,6082.0,4.445,1.014
9278725,K02223.01,Kepler-1148 b,CONFIRMED,1.104462494,1.0458,469.1,1.6,1397.0,898.79,35.3,0.151,5002.0,4.543,0.753
4458082,K02303.01,Kepler-1181 b,CONFIRMED,4.89336495,3.485,138.3,1.6,1374.0,842.45,15.9,0.218,6688.0,4.304,1.347
8042453,K02304.01,Kepler-1182 b,CONFIRMED,11.17392077,3.307,324.8,1.64,796.0,94.84,21.4,0.025,5911.0,4.519,0.914
10874215,K02305.01,Kepler-1820 b,CONFIRMED,31.0325991,3.476,737.4,2.64,561.0,23.41,17.6,0.611,5841.0,4.52,0.931
6666233,K02306.01,,FALSE POSITIVE,0.512407185,1.0579,329.2,1.03,1255.0,583.45,46.1,0.301,3862.0,4.69,0.563
7661065,K02307.01,,FALSE POSITIVE,4.150297119,1.2058,593.4,3.03,981.0,218.44,24.2,0.971,5290.0,4.519,0.858
3937519,K00221.02,Kepler-495 c,CONFIRMED,5.89661966,3.154,144.0,1.28,1000.0,237.1,15.3,0.039,5392.0,4.314,1.087
8866137,K02074.01,Kepler-1083 b,CONFIRMED,33.4178173,4.645,1166.8,3.13,448.0,9.56,28.4,0.913,5136.0,4.607,0.744
10857519,K02075.01,Kepler-1084 b,CONFIRMED,2.053341891,2.596,65.5,1.44,1737.0,2154.14,23.2,0.966,6084.0,4.204,1.358
9517393,K02076.01,Kepler-1085 c,CONFIRMED,56.7769831,6.864,884.3,3.21,491.0,13.74,33.6,0.703,6063.0,4.476,1.012
9351316,K02078.01,Kepler-1086 b,CONFIRMED,18.78429232,3.1136,1009.5,2.14,433.0,8.3,23.8,0.658,4243.0,4.637,0.641
6021193,K02148.03,Kepler-363 b,CONFIRMED,3.61460279,3.227,64.8,1.14,1347.0,776.7,14.9,0.516,5711.0,4.221,1.391
10617017,K02149.01,Kepler-1121 b,CONFIRMED,13.15140223,5.439,97.8,1.87,1008.0,243.84,25.5,0.872,6154.0,4.12,1.636
3229150,K02150.01,Kepler-1979 b,CONFIRMED,18.5084526,6.596,758.9,29.33,683.0,51.32,30.1,1.258,5942.0,4.506,0.938
7989422,K02151.01,,FALSE POSITIVE,7.47763833,2.5693,110.0,2.05,1346.0,776.56,26.2,0.012,5957.0,3.849,1.953
9641481,K02152.01,Kepler-1122 b,CONFIRMED,42.1918331,7.083,488.7,2.35,526.0,18.08,25.7,0.067,5520.0,4.339,1.08
8892157,K02224.01,Kepler-1149 b,CONFIRMED,3.73090026,2.9095,191.2,1.48,1128.0,383.51,24.0,0.822,5709.0,4.489,0.95
11569782,K02225.01,Kepler-1150 b,CONFIRMED,2.787874175,2.0348,197.4,2.33,1432.0,993.06,22.2,0.153,4827.0,3.942,1.727
4833421,K00232.04,Kepler-122 e,CONFIRMED,37.9962369,6.7751,403.7,2.39,618.0,34.55,37.8,0.023,6038.0,4.284,1.191
7219825,K00238.01,Kepler-123 b,CONFIRMED,17.23232894,4.5568,509.8,2.79,817.0,105.47,64.1,0.395,6086.0,4.274,1.216
3749978,K02308.01,Kepler-1183 b,CONFIRMED,28.5057217,6.324,755.8,2.55,555.0,22.43,20.8,0.695,5712.0,4.534,0.87
10010440,K02309.01,Kepler-1184 b,CONFIRMED,53.5991459,6.811,523.1,2.49,529.0,18.54,23.1,0.658,6319.0,4.447,1.032
11718144,K02310.01,Kepler-1821 b,CONFIRMED,16.4581861,1.9637,435.8,1.82,644.0,40.61,22.4,0.108,5475.0,4.521,0.884
9473078,K02079.01,Kepler-1087 b,CONFIRMED,0.693842661,1.6197,49.3,0.83,2161.0,5182.78,28.9,0.195,5457.0,4.239,1.196
10864531,K02080.01,Kepler-358 c,CONFIRMED,83.4887405,6.21,955.4,2.95,411.0,6.76,24.7,0.42,5910.0,4.505,0.94
10864531,K02080.02,Kepler-358 b,CONFIRMED,34.0607677,2.471,818.9,2.96,554.0,22.32,20.5,0.786,5910.0,4.505,0.94
9472000,K02082.01,Kepler-1790 b,CONFIRMED,31.5888979,3.438,360.6,2.59,682.0,51.02,27.3,0.194,5866.0,4.175,1.367
10253547,K02153.01,Kepler-364 c,CONFIRMED,59.9809868,7.588,282.4,2.81,568.0,24.58,25.2,0.918,6103.0,4.202,1.383
10253547,K02153.02,Kepler-364 b,CONFIRMED,25.7457957,7.073,140.3,1.73,753.0,75.97,19.3,0.661,6103.0,4.202,1.383
12505076,K02154.01,Kepler-1799 b,CONFIRMED,11.92979348,6.152,709.3,2.43,770.0,83.04,27.8,0.003,5831.0,4.517,0.921
12116380,K02155.01,Kepler-1123 b,CONFIRMED,4.3394569,2.3652,337.4,2.11,1061.0,300.07,31.6,0.821,5330.0,4.366,1.013
2556650,K02156.01,Kepler-1124 b,CONFIRMED,2.852348262,0.7051,1402.9,1.66,621.0,34.95,33.3,0.295,3731.0,4.83,0.433
10600955,K02227.01,Kepler-1151 b,CONFIRMED,65.6480892,5.746,588.7,3.93,485.0,13.04,22.0,0.949,5565.0,4.251,1.246
10801100,K02228.01,,FALSE POSITIVE,102.653705,53.5887,687.3,39.16,562.0,23.66,82.1,1.184,6711.0,4.097,1.698
4473226,K02229.01,Kepler-1682 b,CONFIRMED,14.83340944,3.927,783.0,2.54,694.0,54.74,19.1,0.399,5570.0,4.471,0.904
8914779,K02230.01,,FALSE POSITIVE,0.987338654,2.591,26.5,0.98,2669.0,11973.87,25.0,0.002,6258.0,3.939,1.896
2854181,K02232.01,Kepler-1810 b,CONFIRMED,101.1323475,4.366,1502.9,3.87,380.0,4.91,25.7,0.057,5492.0,4.389,1.016
8963721,K02233.01,,FALSE POSITIVE,1.811460943,5.065,428.5,2.83,1508.0,1224.37,83.9,0.971,5700.0,4.382,1.008
10132832,K02313.01,Kepler-1186 b,CONFIRMED,16.07673148,2.205,488.0,2.14,724.0,64.75,19.3,0.108,5957.0,4.498,0.971
3219995,K02314.01,Kepler-1187 b,CONFIRMED,18.87058705,3.4701,588.0,2.67,701.0,56.97,28.5,0.878,6103.0,4.496,0.949
6062929,K02315.01,Kepler-1822 b,CONFIRMED,22.1334224,2.049,654.6,1.76,507.0,15.65,16.3,0.025,5165.0,4.633,0.702
7504778,K02316.01,Kepler-1188 b,CONFIRMED,17.1369408,6.416,362.1,2.05,775.0,85.15,25.4,0.03,6218.0,4.421,1.077
7219825,K00238.02,Kepler-123 c,CONFIRMED,26.6951944,4.576,132.6,1.4,706.0,58.81,13.4,0.136,6086.0,4.274,1.216
7097965,K02083.01,Kepler-1791 b,CONFIRMED,7.72085047,1.8264,267.0,2.53,1021.0,257.14,25.0,0.963,5887.0,4.29,1.177
4249725,K00222.01,Kepler-120 b,CONFIRMED,6.312508525,2.7455,1286.0,2.0,575.0,25.94,112.5,0.029,4090.0,4.696,0.571
3967326,K02084.01,Kepler-1792 b,CONFIRMED,4.19577385,2.1557,874.2,3.02,1047.0,283.78,23.3,0.521,5229.0,4.378,1.005
6768394,K02086.01,Kepler-60 b,CONFIRMED,7.1329472,4.368,145.0,1.64,1102.0,349.21,27.2,0.612,5862.0,4.194,1.307
6768394,K02086.02,Kepler-60 c,CONFIRMED,8.91901228,4.141,180.6,1.84,1023.0,258.92,29.6,0.619,5862.0,4.194,1.307
5211199,K02158.01,Kepler-1800 b,CONFIRMED,4.5620407,2.8521,81.6,2.82,1533.0,1306.97,22.8,0.925,5343.0,3.764,2.506
8804455,K02159.02,,FALSE POSITIVE,2.392630668,1.3705,101.5,1.33,1418.0,955.41,20.5,0.909,5716.0,4.343,1.091
5546761,K02160.01,Kepler-1125 b,CONFIRMED,17.6700291,6.693,348.4,2.89,778.0,86.37,25.0,0.932,5795.0,4.265,1.247
9205938,K02162.01,Kepler-1126 b,CONFIRMED,108.593113,7.989,338.2,1.68,374.0,4.64,24.3,0.007,5678.0,4.409,0.921
10723367,K02236.01,Kepler-375 c,CONFIRMED,19.9865916,4.391,648.0,4.22,720.0,63.67,21.8,0.962,5500.0,4.218,1.238
10723367,K02236.02,Kepler-375 b,CONFIRMED,12.12580644,3.289,327.5,2.5,851.0,123.78,14.0,0.805,5500.0,4.218,1.238
5005121,K02237.01,Kepler-1811 b,CONFIRMED,76.421501,7.218,578.4,2.81,455.0,10.11,23.9,0.015,5561.0,4.263,1.19
4833421,K00232.05,Kepler-122 f,CONFIRMED,56.2590881,8.114,348.8,2.22,543.0,20.49,29.7,0.026,6038.0,4.284,1.191
8229458,K02238.01,Kepler-1152 b,CONFIRMED,1.646801683,1.1966,284.2,0.86,806.0,99.8,25.2,0.129,3810.0,4.753,0.513
10684670,K02317.01,Kepler-1189 b,CONFIRMED,3.78861833,2.808,143.4,1.23,1158.0,424.17,18.2,0.183,5560.0,4.379,1.04
11495458,K02318.01,Kepler-1190 b,CONFIRMED,10.45839865,3.154,306.8,1.25,609.0,32.45,18.6,0.009,4641.0,4.557,0.747
9003401,K02319.01,Kepler-1823 b,CONFIRMED,21.1033014,2.059,192.5,1.56,718.0,62.99,21.3,0.125,6000.0,4.363,1.126
5978559,K02321.01,Kepler-1824 b,CONFIRMED,95.6114617,7.489,487.4,2.37,421.0,7.45,21.6,0.046,6002.0,4.424,1.081
6768394,K02086.03,Kepler-60 d,CONFIRMED,11.8984948,3.015,130.9,1.69,929.0,176.27,15.9,0.836,5862.0,4.194,1.307
6922710,K02087.01,Kepler-1088 b,CONFIRMED,23.1274171,4.901,157.3,1.44,667.0,46.89,20.9,0.737,5865.0,4.393,1.066
11348997,K02090.01,Kepler-1089 b,CONFIRMED,5.132486123,1.4575,908.4,1.69,584.0,27.41,35.4,0.217,3879.0,4.707,0.578
5705819,K02091.01,Kepler-1793 b,CONFIRMED,8.77997349,3.2201,755.7,2.12,713.0,61.24,32.7,0.481,5191.0,4.597,0.764
6696580,K02092.01,Kepler-359 c,CONFIRMED,57.6896212,5.118,1626.6,5.14,512.0,16.19,30.2,0.924,6228.0,4.441,1.049
11358389,K02163.01,Kepler-365 b,CONFIRMED,10.66489514,3.159,292.6,1.76,865.0,132.15,25.3,0.308,6014.0,4.436,1.021
7204981,K02164.01,Kepler-1127 b,CONFIRMED,5.1233204,2.7466,286.2,1.65,994.0,231.12,25.1,0.308,5364.0,4.394,0.982
3847907,K00229.01,Kepler-497 b,CONFIRMED,3.573202801,2.88,2975.0,5.81,1210.0,507.91,362.1,0.053,5646.0,4.37,1.08
4370527,K02166.01,Kepler-1128 b,CONFIRMED,61.6174528,3.816,1350.7,3.36,424.0,7.67,19.5,0.091,5480.0,4.485,0.931
6041734,K02167.01,Kepler-1129 b,CONFIRMED,24.3398202,3.891,777.3,5.09,737.0,69.79,27.8,0.928,5596.0,4.105,1.466
5125347,K02241.01,Kepler-1812 b,CONFIRMED,7.16520428,1.705,433.8,2.31,1034.0,270.34,17.6,0.142,6174.0,4.417,1.103
9336200,K02242.01,Kepler-1153 b,CONFIRMED,1.755843555,1.9425,386.0,1.94,1343.0,771.02,25.1,0.893,5569.0,4.566,0.829
4770617,K02243.01,Kepler-1154 b,CONFIRMED,5.18560081,4.054,252.6,2.34,1314.0,705.79,27.6,0.012,6172.0,4.198,1.471
4454934,K02245.01,Kepler-1155 b,CONFIRMED,33.4698571,4.749,370.7,2.45,609.0,32.52,23.2,0.876,5912.0,4.342,1.094
9458343,K02246.01,Kepler-1156 b,CONFIRMED,11.89520436,3.433,184.3,1.33,787.0,90.77,22.3,0.067,5649.0,4.411,0.992
7120108,K02325.01,Kepler-1825 b,CONFIRMED,1.025857984,0.8069,270.7,1.57,1520.0,1264.7,36.0,0.779,5123.0,4.501,0.847
10730703,K02327.01,Kepler-1191 b,CONFIRMED,5.60013327,2.6508,329.2,1.73,952.0,194.26,22.8,0.046,5288.0,4.391,0.978
8007644,K02328.01,Kepler-1192 b,CONFIRMED,25.2034128,4.515,697.1,2.42,600.0,30.62,22.3,0.168,5831.0,4.517,0.921
11192235,K02329.01,Kepler-1826 b,CONFIRMED,1.615357809,1.1435,499.6,1.37,806.0,99.32,31.2,0.931,3821.0,4.755,0.486
6383785,K00239.01,Kepler-501 b,CONFIRMED,5.640676975,2.8354,1453.3,4.59,1125.0,379.36,145.9,0.033,5794.0,4.282,1.216
6696580,K02092.02,Kepler-359 b,CONFIRMED,25.5638626,4.685,1124.9,4.0,671.0,47.94,31.6,0.85,6228.0,4.441,1.049
4249725,K00222.02,Kepler-120 c,CONFIRMED,12.7945474,3.4197,816.7,1.6,455.0,10.1,54.1,0.18,4090.0,4.696,0.571
8505920,K02094.01,Kepler-1090 c,CONFIRMED,42.4269647,5.907,632.4,3.44,496.0,14.33,26.0,0.962,5330.0,4.366,1.013
7918992,K02095.01,Kepler-1091 b,CONFIRMED,1.434745129,1.862,200.7,1.5,1664.0,1813.0,28.4,0.108,5806.0,4.4,1.064
11308499,K02168.01,Kepler-366 b,CONFIRMED,3.28192056,2.917,191.0,1.6,1326.0,728.9,24.5,0.223,5859.0,4.335,1.162
11308499,K02168.02,Kepler-366 c,CONFIRMED,12.51610549,4.853,263.0,1.87,848.0,122.54,22.6,0.023,5859.0,4.335,1.162
9006186,K02169.01,Kepler-1130 b,CONFIRMED,5.45298742,2.1328,86.0,0.92,904.0,158.12,21.0,0.879,5450.0,4.563,0.842
9006186,K02169.02,Kepler-1130 c,CONFIRMED,3.26662733,2.056,59.9,0.68,1072.0,312.85,18.6,0.623,5450.0,4.563,0.842
7802719,K02247.01,Kepler-1157 b,CONFIRMED,4.45743267,2.3226,175.7,0.79,732.0,67.7,20.8,0.175,4487.0,4.644,0.612
11030475,K02248.01,Kepler-1813 b,CONFIRMED,2.81814715,1.763,278.6,1.3,1059.0,298.2,16.5,0.305,5167.0,4.555,0.787
5023956,K00233.01,,FALSE POSITIVE,1.824649,4.2285,3218.5,5.31,1508.0,1222.28,184.3,0.901,6190.0,4.487,0.793
12401863,K02331.01,Kepler-1193 b,CONFIRMED,2.832647249,2.306,114.7,1.37,1453.0,1054.98,27.5,0.374,5865.0,4.266,1.272
5534941,K02332.01,Kepler-1827 b,CONFIRMED,3.70063251,5.408,68.6,1.24,1329.0,737.02,29.8,0.71,5423.0,4.105,1.404
11121752,K02333.01,Kepler-380 b,CONFIRMED,3.93083997,2.932,101.4,1.2,1317.0,711.45,22.0,0.222,6038.0,4.284,1.191
11121752,K02333.02,Kepler-380 c,CONFIRMED,7.63008196,2.78,124.0,1.39,1056.0,293.67,18.6,0.628,6038.0,4.284,1.191
2990873,K02335.01,Kepler-1194 b,CONFIRMED,16.22378479,2.5462,262.3,1.51,676.0,49.35,20.6,0.413,5547.0,4.46,0.925
9307509,K02096.01,Kepler-1794 b,CONFIRMED,9.76293284,3.064,553.2,1.94,703.0,57.59,23.6,0.499,5052.0,4.503,0.816
10158729,K02097.01,Kepler-1092 b,CONFIRMED,58.601926,5.522,396.4,2.06,508.0,15.8,19.1,0.392,6250.0,4.44,1.019
6105462,K02098.01,Kepler-1093 b,CONFIRMED,25.0823402,6.423,244.6,2.26,776.0,85.76,30.5,0.865,6429.0,4.241,1.262
3120355,K02099.01,Kepler-1094 b,CONFIRMED,78.0998908,8.422,656.9,3.37,480.0,12.52,23.8,0.528,5779.0,4.238,1.284
6047072,K02100.01,Kepler-1095 b,CONFIRMED,4.27103727,2.2759,180.4,1.22,1108.0,356.54,24.6,0.02,5984.0,4.521,0.906
9006186,K02169.03,Kepler-1130 d,CONFIRMED,4.27226421,2.113,48.9,0.64,981.0,218.63,13.7,0.744,5450.0,4.563,0.842
11410904,K02171.01,Kepler-1131 b,CONFIRMED,3.53232429,2.765,224.2,1.43,1159.0,427.65,12.8,0.299,5761.0,4.492,0.956
5021737,K00026.01,,FALSE POSITIVE,15.03946326,5.1008,5237.7,12.36,962.0,202.6,181.6,0.902,6501.0,4.212,1.441
3862246,K00230.01,,FALSE POSITIVE,4.702495974,2.3421,4787.3,37.24,981.0,219.08,101.1,1.303,5408.0,4.476,0.878
4173026,K02172.01,Kepler-1801 b,CONFIRMED,10.44087398,3.743,821.5,3.41,829.0,111.52,22.2,0.914,5738.0,4.426,0.981
5350244,K02555.01,Kepler-1276 b,CONFIRMED,12.5722897,4.765,86.5,1.09,886.0,145.82,12.4,0.252,6084.0,4.319,1.169
5374403,K02556.01,Kepler-1277 b,CONFIRMED,40.8366307,4.956,264.8,1.5,496.0,14.3,18.7,0.363,5529.0,4.457,0.925
10925113,K02557.01,,FALSE POSITIVE,11.7761073,2.829,281.3,1.31,619.0,34.75,15.1,0.829,5096.0,4.618,0.689
11769801,K02633.01,,FALSE POSITIVE,29.7123181,70.3707,385.4,46.43,870.0,135.31,130.0,1.202,6440.0,3.984,1.921
11752906,K00253.02,Kepler-2000 c,CONFIRMED,20.6180348,3.267,769.5,1.57,359.0,3.92,16.3,0.155,3757.0,4.681,0.576
1995519,K02634.01,Kepler-1299 b,CONFIRMED,19.9401211,4.283,758.9,2.42,588.0,28.29,18.0,0.862,5623.0,4.596,0.763
4914566,K02635.01,Kepler-1300 b,CONFIRMED,22.2420032,7.532,63.5,2.04,954.0,195.54,16.2,0.897,5979.0,3.854,2.164
6198182,K02636.01,Kepler-1864 b,CONFIRMED,3.88148385,2.679,36.3,0.59,1156.0,423.0,11.9,0.252,5854.0,4.469,0.979
10024051,K02409.01,Kepler-1228 b,CONFIRMED,0.577369336,1.0852,400.4,1.42,1757.0,2239.26,68.3,0.032,5255.0,4.617,0.716
4349452,K00244.01,Kepler-25 c,CONFIRMED,12.720370263,2.7306,1180.1,4.75,934.0,180.23,485.5,0.787,6267.0,4.28,1.258
8073806,K02411.01,Kepler-1835 b,CONFIRMED,11.96407399,4.526,784.2,3.21,808.0,100.96,22.9,0.903,5903.0,4.437,0.961
10419312,K02412.01,,FALSE POSITIVE,2.493237866,2.644,259.2,9.48,2241.0,5975.48,20.7,0.975,5002.0,3.344,4.131
3234598,K02413.01,Kepler-383 b,CONFIRMED,12.90467523,3.28,412.4,1.49,545.0,20.91,21.2,0.553,4513.0,4.574,0.722
10453588,K02484.01,Kepler-1253 b,CONFIRMED,68.8861017,5.925,143.9,1.47,501.0,14.91,19.5,0.241,5753.0,4.2,1.222
11125613,K02485.01,Kepler-1254 b,CONFIRMED,9.99115241,2.657,391.7,1.68,660.0,44.77,16.7,0.691,4838.0,4.524,0.796
7212184,K02487.01,Kepler-1255 b,CONFIRMED,36.292017,8.198,374.7,3.1,694.0,54.91,21.4,0.002,5843.0,4.069,1.615
6956014,K00031.01,,FALSE POSITIVE,0.925589891,1.967,400.8,50.6,6637.0,460202.18,20.6,0.616,4094.0,1.627,24.488
9757613,K00250.02,Kepler-26 c,CONFIRMED,17.25121397,2.0371,2054.8,2.64,385.0,5.17,68.6,0.749,3879.0,4.708,0.537
5307858,K02558.01,,FALSE POSITIVE,1.867281146,7.495,701.1,31.18,1561.0,1405.94,58.5,1.252,6117.0,4.457,1.025
6605493,K02559.01,Kepler-1686 b,CONFIRMED,9.30991834,3.455,114.5,1.21,913.0,164.38,19.2,0.551,5806.0,4.353,1.101
7259298,K02561.01,Kepler-1278 b,CONFIRMED,3.23941775,2.569,77.4,0.77,1213.0,511.14,17.2,0.386,6075.0,4.541,0.858
6211812,K02638.01,Kepler-1865 b,CONFIRMED,2.524017517,1.1968,303.0,1.5,1203.0,495.14,19.8,0.077,5420.0,4.487,0.871
3234598,K02413.02,Kepler-383 c,CONFIRMED,31.2012202,4.077,360.1,1.47,406.0,6.44,13.7,0.714,4513.0,4.574,0.722
8611832,K02414.01,Kepler-384 b,CONFIRMED,22.5968256,6.179,142.9,1.3,670.0,47.7,22.2,0.062,5610.0,4.301,1.104
8611832,K02414.02,Kepler-384 c,CONFIRMED,45.3486381,4.858,162.9,1.61,531.0,18.84,15.9,0.847,5610.0,4.301,1.104
5621586,K02415.01,Kepler-1836 b,CONFIRMED,5.25419589,2.9878,461.8,2.12,1093.0,338.15,26.1,0.007,6123.0,4.472,0.987
9210387,K02416.01,Kepler-1837 b,CONFIRMED,5.90608902,2.409,340.7,1.77,1012.0,247.83,9.3,0.025,5966.0,4.493,0.961
11852982,K00247.01,Kepler-1712 b,CONFIRMED,13.81504449,2.3244,1032.6,1.91,391.0,5.52,46.7,0.868,3732.0,4.736,0.509
8559152,K02488.01,Kepler-1256 b,CONFIRMED,12.4128518,4.298,108.1,1.5,933.0,179.24,19.4,0.711,5945.0,4.196,1.346
2718778,K02489.01,Kepler-1844 b,CONFIRMED,3.92453009,3.691,463.5,1.82,1074.0,314.25,25.3,0.112,5776.0,4.554,0.849
3122913,K02490.01,Kepler-1845 b,CONFIRMED,11.60653061,2.194,771.7,1.88,584.0,27.47,17.8,0.024,4703.0,4.582,0.701
9229657,K02491.01,Kepler-1257 b,CONFIRMED,2.66831274,2.4141,266.2,1.48,1252.0,581.38,23.3,0.333,5806.0,4.528,0.899
10415227,K02562.01,,FALSE POSITIVE,2.9322509,2.931,181.2,1.33,1312.0,700.81,13.1,0.457,6106.0,4.487,0.966
5175024,K02563.01,Kepler-1279 b,CONFIRMED,23.4772553,6.735,141.4,1.34,738.0,70.05,17.6,0.013,6384.0,4.361,1.121
9026749,K02564.01,Kepler-1280 b,CONFIRMED,66.5576728,10.532,214.2,4.96,757.0,77.68,21.3,0.254,5734.0,3.591,3.405
12216278,K02565.01,,FALSE POSITIVE,2.01948607,5.248,275.4,2.15,1430.0,988.37,27.9,0.977,5884.0,4.481,0.944
9159242,K02566.01,,FALSE POSITIVE,3.04468229,5.951,71.4,0.86,1244.0,566.03,22.2,0.623,5575.0,4.363,0.98
12061096,K02642.01,,FALSE POSITIVE,15.05028313,1.848,615.2,2.46,735.0,69.16,13.4,0.3125,5887.0,4.49,0.989
5794240,K00254.01,Kepler-45 b,CONFIRMED,2.455240626,1.72722,36911.9,10.6,730.0,67.3,1341.6,0.144,3793.0,4.697,0.568
6933567,K02643.01,Kepler-1301 b,CONFIRMED,9.08233411,2.008,296.9,1.35,734.0,68.75,15.8,0.262,5354.0,4.587,0.788
9993529,K02644.01,,FALSE POSITIVE,0.790539912,1.0567,277.3,1.24,1502.0,1200.65,31.5,0.008,4791.0,4.541,0.767
11303815,K02645.01,,FALSE POSITIVE,1.705782214,1.007,278.0,1.82,1455.0,1060.41,11.5,0.709,5387.0,4.38,1.009
6044553,K02646.01,,FALSE POSITIVE,0.532086296,4.023,495.8,16.99,1790.0,2417.28,85.2,1.199,5271.0,4.636,0.698
9654468,K02417.01,Kepler-1684 b,CONFIRMED,47.7052566,5.959,1161.5,2.89,347.0,3.42,22.8,0.918,4551.0,4.609,0.672
4349452,K00244.02,Kepler-25 b,CONFIRMED,6.238535444,3.5255,401.6,2.53,1185.0,465.61,274.5,0.008,6267.0,4.28,1.258
10027247,K02418.01,Kepler-1229 b,CONFIRMED,86.829519,7.464,751.0,1.68,196.0,0.35,15.1,0.953,3576.0,4.791,0.463
6343170,K02419.01,Kepler-1230 b,CONFIRMED,9.95667035,3.534,586.8,3.41,946.0,189.48,16.8,0.949,6165.0,4.365,1.115
7107802,K02420.01,Kepler-1231 b,CONFIRMED,10.41728722,4.125,210.4,1.64,870.0,135.34,20.3,0.12,5557.0,4.288,1.151
11752632,K02492.01,Kepler-1258 b,CONFIRMED,0.984941669,1.9724,81.4,1.49,2335.0,7044.68,22.9,0.045,5825.0,4.046,1.662
10028535,K02493.01,Kepler-1259 b,CONFIRMED,0.663085361,1.1522,322.7,1.6,1681.0,1894.94,35.3,0.841,5172.0,4.6,0.767
7047207,K02494.01,Kepler-1260 b,CONFIRMED,19.1187425,6.805,217.5,2.33,823.0,108.48,20.5,0.74,5862.0,4.148,1.463
5212220,K02495.01,,FALSE POSITIVE,1.08749101,1.6192,126.4,4.91,3081.0,21388.7,33.5,0.979,5988.0,3.594,3.204
9964748,K02496.01,,FALSE POSITIVE,1.183818383,1.393,84.3,0.91,1775.0,2337.65,12.7,0.17,6014.0,4.459,0.992
9842937,K02567.01,,FALSE POSITIVE,4.98845099,7.453,193.9,1.33,1055.0,292.71,23.3,0.041,5695.0,4.411,0.961
9757613,K00250.03,Kepler-26 d,CONFIRMED,3.543919702,1.8717,507.0,1.21,652.0,42.68,38.2,0.022,3879.0,4.708,0.537
11962284,K02647.01,Kepler-1302 b,CONFIRMED,8.83929462,1.719,316.2,1.94,778.0,86.5,14.8,0.924,5330.0,4.491,0.87
2573056,K02648.01,,FALSE POSITIVE,0.631795416,1.0703,145.2,1.88,2797.0,14547.08,24.7,0.433,6414.0,4.173,1.519
6842682,K02649.01,Kepler-1303 b,CONFIRMED,7.56126152,2.851,180.6,1.2,891.0,149.17,15.7,0.253,5853.0,4.529,0.895
8890150,K02650.01,Kepler-395 c,CONFIRMED,34.9897847,4.208,498.5,1.14,292.0,1.71,11.5,0.034,3765.0,4.725,0.521
8890150,K02650.02,Kepler-395 b,CONFIRMED,7.05429483,1.716,359.3,1.0,497.0,14.46,11.2,0.48,3765.0,4.725,0.521
11360805,K02422.01,Kepler-1232 b,CONFIRMED,26.7838935,4.584,365.3,1.59,523.0,17.69,20.9,0.036,5242.0,4.512,0.856
9845898,K02423.01,Kepler-1233 b,CONFIRMED,45.126216,6.656,373.1,2.32,604.0,31.54,17.1,0.49,6499.0,4.378,1.169
12453581,K02424.01,Kepler-1234 b,CONFIRMED,11.94019101,2.866,631.7,1.86,625.0,35.99,15.6,0.348,5073.0,4.607,0.748
11922678,K02425.01,,FALSE POSITIVE,3.51295674,3.06,83.1,1.1,1434.0,999.6,22.5,0.499,6453.0,4.326,1.17
11179076,K02497.01,Kepler-1261 b,CONFIRMED,48.4313003,4.03,886.4,2.78,396.0,5.81,17.3,0.846,4891.0,4.516,0.805
5364071,K00248.01,Kepler-49 b,CONFIRMED,7.203855862,2.5418,1765.9,2.25,509.0,15.87,101.1,0.037,3834.0,4.708,0.539
5959719,K02498.01,Kepler-390 b,CONFIRMED,6.73808701,2.591,92.9,0.73,786.0,90.19,14.4,0.148,5168.0,4.566,0.769
5544903,K02499.01,,FALSE POSITIVE,7.57571414,2.357,418.5,2.45,1075.0,315.8,12.8,0.413,6418.0,4.395,1.171
5542983,K02501.01,,FALSE POSITIVE,4.76887671,1.672,115.8,2.11,1532.0,1303.61,20.0,0.654,6063.0,3.926,1.855
8256453,K02573.01,,FALSE POSITIVE,1.347512632,1.9817,2651.8,23.45,1346.0,775.18,88.7,1.252,5316.0,4.585,0.685
9474493,K02574.01,,FALSE POSITIVE,0.512581697,1.5789,259.1,1.32,2009.0,3827.79,45.2,0.283,5547.0,4.571,0.82
4551663,K02576.01,,FALSE POSITIVE,12.07760884,2.233,151.0,1.03,708.0,59.51,14.0,0.264,5370.0,4.471,0.845
11752908,K02651.01,,FALSE POSITIVE,6.38315744,1.7075,1112.6,2.35,787.0,91.0,23.8,0.029,5262.0,4.623,0.714
7021681,K00255.01,Kepler-505 b,CONFIRMED,27.52194772,4.047,2312.8,2.47,314.0,2.28,106.5,0.35,3780.0,4.746,0.511
4346178,K02652.01,Kepler-1304 b,CONFIRMED,16.1289679,6.271,389.0,2.94,715.0,61.87,21.3,0.968,5392.0,4.314,1.087
9664142,K02654.01,Kepler-1305 b,CONFIRMED,13.5631157,5.438,336.4,1.75,733.0,68.41,15.4,0.704,5853.0,4.529,0.895
10018233,K02655.01,Kepler-1306 b,CONFIRMED,16.2959916,2.116,369.6,1.83,678.0,49.81,15.7,0.213,5495.0,4.442,0.961
8081899,K02426.01,Kepler-1235 b,CONFIRMED,4.16056658,2.61,75.8,0.7,985.0,222.54,16.3,0.069,5481.0,4.574,0.815
10189557,K02427.01,,FALSE POSITIVE,2.93101771,2.231,199.1,1.15,1134.0,390.28,15.0,0.523,5485.0,4.5,0.788
8478994,K00245.01,Kepler-37 d,CONFIRMED,39.79220077,4.466,610.4,1.9,458.0,10.38,179.5,0.019,5437.0,4.571,0.781
9965184,K02428.01,,FALSE POSITIVE,16.2276756,3.699,525.8,2.11,648.0,41.57,20.5,0.633,5328.0,4.447,0.883
9911882,K02429.01,,FALSE POSITIVE,1.595630597,1.793,259.6,17.94,1346.0,778.05,18.3,1.21,5632.0,4.616,0.729
8631504,K02503.01,Kepler-1846 b,CONFIRMED,14.8200596,3.902,184.9,0.96,552.0,21.92,21.9,0.059,4825.0,4.603,0.732
8110767,K02504.01,Kepler-1685 b,CONFIRMED,20.49041,4.369,661.8,2.34,625.0,36.01,23.3,0.011,5681.0,4.524,0.923
5471574,K02505.01,,FALSE POSITIVE,0.962827066,4.48,86.3,29.27,3399.0,31471.91,28.7,1.079,6534.0,3.647,3.028
6767840,K02506.01,Kepler-1262 b,CONFIRMED,8.679037,2.864,301.6,1.79,949.0,191.84,19.9,0.224,6117.0,4.42,1.027
8379705,K02507.01,Kepler-1847 b,CONFIRMED,11.1296971,2.942,371.0,1.93,843.0,119.44,14.7,0.572,6122.0,4.487,0.964
9896018,K02579.01,Kepler-1859 b,CONFIRMED,2.7296036,2.721,145.6,1.53,1455.0,1056.15,18.4,0.509,5887.0,4.292,1.235
11037511,K02580.01,Kepler-1281 b,CONFIRMED,3.11604194,1.7763,345.2,1.59,1123.0,375.55,18.8,0.195,5591.0,4.559,0.86
9757613,K00250.04,Kepler-26 e,CONFIRMED,46.82767725,1.9033,1537.7,2.13,276.0,1.37,32.4,0.393,3879.0,4.708,0.537
11818872,K02581.01,Kepler-1860 b,CONFIRMED,12.7372371,3.358,100.8,0.87,697.0,55.82,12.9,0.364,5420.0,4.502,0.868
11771430,K02582.01,Kepler-1861 b,CONFIRMED,40.0306267,4.815,214.5,2.01,617.0,34.19,19.5,0.322,5855.0,4.227,1.373
5513012,K02668.01,Kepler-1310 b,CONFIRMED,0.679336747,1.2188,240.7,1.4,1883.0,2982.78,36.7,0.209,5440.0,4.491,0.913
11761199,K02669.01,,FALSE POSITIVE,213.6103207,10.7643,110990.0,46.07,291.0,1.69,534.5,0.977,5931.0,4.554,0.845
8074805,K02670.01,,FALSE POSITIVE,170.8658492,16.9895,29840.8,24.4,387.0,5.33,897.0,0.684,5989.0,4.221,1.324
2437505,K02671.02,,FALSE POSITIVE,17.5509742,4.064,3859.0,5.97,700.0,56.9,9.7,0.2023,5780.0,4.438,1.0
11253827,K02672.01,Kepler-396 c,CONFIRMED,88.5122014,6.8214,2518.7,4.7,390.0,5.47,63.1,0.242,5593.0,4.45,0.945
3533469,K02430.01,,FALSE POSITIVE,10.21507506,3.395,258.6,1.5,780.0,87.48,17.4,0.1,5406.0,4.433,0.95
8956706,K02431.01,,FALSE POSITIVE,8.3806973,3.028,650.8,1.91,701.0,57.04,4.6,0.5317,5062.0,4.601,0.735
7047363,K02432.01,Kepler-1236 b,CONFIRMED,31.0572947,3.401,636.6,1.85,480.0,12.57,15.8,0.335,5395.0,4.615,0.734
11968463,K02433.01,Kepler-385 c,CONFIRMED,15.1622287,7.332,479.8,3.12,829.0,111.74,28.5,0.959,6325.0,4.409,1.112
11968463,K02433.02,Kepler-385 b,CONFIRMED,10.04378351,5.548,437.9,2.94,951.0,193.39,28.8,0.953,6325.0,4.409,1.112
9880190,K02509.01,Kepler-1263 b,CONFIRMED,4.5513988,2.457,188.7,1.13,907.0,159.65,19.4,0.248,5009.0,4.491,0.84
5364071,K00248.02,Kepler-49 c,CONFIRMED,10.91274065,2.1801,1387.2,2.13,443.0,9.12,57.4,0.685,3834.0,4.708,0.539
5392702,K02510.01,,FALSE POSITIVE,12.2141545,10.262,535.8,18.13,683.0,51.37,24.7,1.175,5435.0,4.578,0.824
8429566,K02511.01,,FALSE POSITIVE,3.732261,2.054,153.6,1.09,1119.0,369.47,15.7,0.4,5762.0,4.495,0.867
10387742,K02583.01,Kepler-1998 b,CONFIRMED,3.03267135,1.774,42.4,0.6,1187.0,468.31,15.6,0.238,5640.0,4.492,0.921
7673841,K02585.01,Kepler-392 b,CONFIRMED,5.34182466,3.577,70.5,0.95,1125.0,379.09,19.2,0.07,5767.0,4.287,1.135
9827149,K02586.01,Kepler-1282 b,CONFIRMED,2.131945045,1.8061,269.4,1.66,1418.0,955.16,22.9,0.209,5845.0,4.469,1.013
5546691,K02587.01,Kepler-1283 b,CONFIRMED,12.9462567,9.568,168.7,1.13,764.0,80.34,15.7,0.109,6058.0,4.54,0.867
12156347,K02588.01,Kepler-1687 b,CONFIRMED,5.77957133,2.5213,396.6,1.5,598.0,30.22,18.9,0.946,4102.0,4.687,0.581
8547429,K02658.01,Kepler-1866 b,CONFIRMED,11.6601667,5.882,181.0,2.08,834.0,114.36,20.4,0.983,5791.0,4.381,1.083
8803882,K02659.01,,FALSE POSITIVE,89.465468,9.88,67.9,2.57,549.0,21.43,5.7,0.931,5192.0,3.773,2.46
9893318,K02660.01,Kepler-1307 b,CONFIRMED,18.0161227,4.016,499.5,2.39,768.0,82.38,16.7,0.023,6245.0,4.406,1.065
6864885,K02434.01,,FALSE POSITIVE,40.8777605,9.745,719.1,29.55,526.0,18.15,23.6,1.262,5930.0,4.489,0.937
5097868,K02435.01,,FALSE POSITIVE,6.80243431,3.817,249.1,2.6,895.0,151.72,14.9,1.0,5836.0,4.561,0.816
8570333,K02436.01,Kepler-1237 b,CONFIRMED,84.5733346,5.762,891.6,2.59,366.0,4.26,20.4,0.024,5418.0,4.543,0.888
8478994,K00245.02,Kepler-37 c,CONFIRMED,21.30181863,3.8763,87.3,0.72,564.0,23.89,32.4,0.086,5437.0,4.571,0.781
5036705,K02437.01,Kepler-1238 b,CONFIRMED,4.14789051,3.829,137.6,1.93,1389.0,878.32,16.4,0.878,6150.0,4.223,1.417
9653622,K02513.01,Kepler-2002 b,CONFIRMED,19.0054098,1.843,542.4,28.47,758.0,78.19,20.2,1.228,6347.0,4.423,1.036
4391348,K02514.01,,FALSE POSITIVE,1.96433113,2.381,139.1,1.33,1638.0,1704.63,14.2,0.16,6306.0,4.405,1.121
8947520,K02517.01,Kepler-1264 b,CONFIRMED,0.968527683,1.3672,114.6,1.21,1677.0,1867.0,16.9,0.941,5580.0,4.538,0.886
10468885,K02589.01,Kepler-1284 b,CONFIRMED,0.664074145,1.0925,212.6,1.19,1703.0,1998.48,20.9,0.525,5178.0,4.585,0.797
12016267,K02590.01,,FALSE POSITIVE,11.7489907,4.043,36.7,1.01,1114.0,363.51,12.5,0.1228,6440.0,4.081,1.655
3861595,K00004.01,Kepler-1658 b,CONFIRMED,3.849371737,2.632,1298.6,12.94,2034.0,4055.29,132.7,0.915,6244.0,3.657,2.992
5725087,K00033.01,,FALSE POSITIVE,0.366197145,1.2335,275.3,51.34,9983.0,2335438.28,16.7,0.319,4448.0,1.694,31.5
10489206,K00251.01,Kepler-125 b,CONFIRMED,4.164384505,1.8464,2338.0,2.54,590.0,28.75,132.1,0.59,3808.0,4.754,0.508
3426367,K02662.01,Kepler-1308 b,CONFIRMED,2.10433534,1.1168,242.1,0.79,662.0,45.34,20.7,0.872,3605.0,4.837,0.433
5562090,K02664.01,Kepler-1309 b,CONFIRMED,28.8431751,3.171,756.7,2.66,491.0,13.77,15.0,0.913,5151.0,4.528,0.785
11548140,K00256.01,,FALSE POSITIVE,1.378649746,1.2232,22462.0,6.51,734.0,68.34,172.2,0.099,3440.0,4.82,0.439
12110786,K02665.01,,FALSE POSITIVE,1.112207126,1.35,54.7,0.73,1797.0,2467.09,13.0,0.402,6046.0,4.486,0.972
3654095,K02667.01,,FALSE POSITIVE,1.303576682,1.021,245.5,1.51,1694.0,1940.45,22.1,0.08,6045.0,4.494,0.955
5078939,K02438.01,,FALSE POSITIVE,1.958577398,2.388,453.0,1.8,1252.0,579.19,24.5,0.59,5402.0,4.568,0.816
6867555,K02439.01,Kepler-1239 b,CONFIRMED,5.19103699,4.222,290.1,1.92,1183.0,462.91,25.2,0.117,6321.0,4.417,1.125
5339567,K02440.01,Kepler-1240 b,CONFIRMED,4.86638504,2.296,143.8,1.32,1121.0,372.7,17.1,0.176,5688.0,4.333,1.111
4459924,K02441.01,,FALSE POSITIVE,4.79176993,4.52,116.6,0.81,883.0,143.74,23.0,0.372,5138.0,4.536,0.756
11080405,K02442.01,Kepler-386 c,CONFIRMED,25.1933989,4.62,481.2,1.95,513.0,16.34,18.0,0.679,5009.0,4.491,0.84
5529738,K02518.01,,FALSE POSITIVE,0.759762021,4.912,227.0,24.2,2280.0,6419.35,65.3,1.183,6386.0,4.402,1.123
10059645,K02520.01,Kepler-1265 b,CONFIRMED,6.49441464,2.344,357.3,1.75,732.0,68.05,17.7,0.911,4769.0,4.557,0.742
5364071,K00248.03,Kepler-49 d,CONFIRMED,2.576571021,1.5997,852.8,1.57,717.0,62.42,63.6,0.187,3834.0,4.708,0.539
7183745,K02521.01,Kepler-1266 b,CONFIRMED,28.4750006,4.718,763.8,2.64,489.0,13.5,21.4,0.835,4996.0,4.497,0.831
8212002,K02593.01,Kepler-1285 b,CONFIRMED,14.7966306,5.613,56.1,0.98,874.0,138.25,22.4,0.182,6175.0,4.299,1.307
8004903,K02594.01,Kepler-1286 b,CONFIRMED,11.25401871,4.759,433.4,2.42,888.0,147.13,17.0,0.603,5995.0,4.351,1.118
8883329,K02595.01,Kepler-393 b,CONFIRMED,9.18244299,4.318,87.6,1.24,1052.0,289.74,20.3,0.257,6194.0,4.242,1.314
8883329,K02595.02,Kepler-393 c,CONFIRMED,14.6134781,5.266,72.8,1.12,901.0,155.87,15.2,0.086,6194.0,4.242,1.314
3644653,K02596.01,,FALSE POSITIVE,119.682075,31.28,1704.1,30.39,351.0,3.59,38.1,1.259,5778.0,4.531,0.911
11253827,K02672.02,Kepler-396 b,CONFIRMED,42.9923284,4.726,1120.1,3.32,496.0,14.33,34.1,0.643,5593.0,4.45,0.945
5514383,K00257.01,Kepler-506 b,CONFIRMED,6.88341278,2.0674,487.4,2.63,1080.0,321.63,35.4,0.083,6139.0,4.359,1.193
10747445,K02673.01,,FALSE POSITIVE,4.593595496,2.7468,45034.0,44.14,1022.0,258.12,92.0,1.147,5717.0,4.538,0.884
8022489,K02674.01,Kepler-1311 d,CONFIRMED,197.5111484,11.106,2575.6,9.52,391.0,5.54,175.2,0.814,5616.0,4.004,1.674
8022489,K02674.02,Kepler-1311 b,CONFIRMED,11.1726723,6.106,76.8,1.5,1019.0,255.06,17.0,0.504,5616.0,4.004,1.674
8022489,K02674.03,Kepler-1311 c,CONFIRMED,2.53573284,3.989,68.0,1.36,1671.0,1842.18,25.5,0.054,5616.0,4.004,1.674
9209624,K02443.01,Kepler-387 b,CONFIRMED,6.79164656,3.343,102.6,1.01,994.0,230.81,18.5,0.121,5772.0,4.351,1.003
9209624,K02443.02,Kepler-387 c,CONFIRMED,11.8376933,3.381,92.9,1.0,826.0,110.03,12.7,0.557,5772.0,4.351,1.003
3354846,K02444.01,Kepler-1241 b,CONFIRMED,18.5525162,4.385,771.5,2.53,612.0,33.14,17.2,0.78,5569.0,4.566,0.829
8478994,K00245.03,Kepler-37 b,CONFIRMED,13.3669309,3.733,12.2,0.27,656.0,43.71,7.4,0.4064,5417.0,4.567,0.772
3946023,K02447.01,,FALSE POSITIVE,1.045492348,2.933,28.7,0.83,2291.0,6522.69,21.7,0.708,6057.0,4.088,1.457
7183745,K02521.02,Kepler-1266 c,CONFIRMED,4.86634094,1.885,366.7,1.94,881.0,142.39,15.2,0.895,4996.0,4.497,0.831
9177629,K02522.01,Kepler-1848 b,CONFIRMED,5.60402307,1.0273,224.9,1.25,774.0,84.65,20.6,0.8,4847.0,4.581,0.737
7778767,K02523.01,Kepler-1267 b,CONFIRMED,13.0313583,4.521,573.3,2.88,774.0,84.94,18.9,0.813,5514.0,4.345,1.071
7515762,K02524.01,Kepler-1268 b,CONFIRMED,40.9905002,7.336,297.3,2.41,627.0,36.5,15.4,0.048,5842.0,4.17,1.41
5942949,K02525.01,Kepler-1849 b,CONFIRMED,57.2932309,4.878,773.6,1.95,355.0,3.76,15.7,0.021,4806.0,4.564,0.729
12120307,K02597.01,Kepler-394 b,CONFIRMED,8.00504749,3.32,187.5,1.52,1035.0,271.68,15.6,0.054,6398.0,4.411,1.101
12120307,K02597.02,Kepler-394 c,CONFIRMED,12.13070414,3.843,211.2,1.61,901.0,155.85,15.3,0.083,6398.0,4.411,1.101
12120307,K02597.03,Kepler-394 d,CONFIRMED,5.61357653,2.905,162.3,1.41,1165.0,435.61,15.2,0.119,6398.0,4.411,1.101
9777251,K02600.01,,FALSE POSITIVE,1.33255087,3.565,123.3,1.19,1728.0,2107.29,14.0,0.415,5774.0,4.347,1.054
6864893,K02375.01,,FALSE POSITIVE,40.8792243,7.005,413.6,1.62,437.0,8.59,23.4,0.79,5383.0,4.609,0.72
11701407,K02376.01,Kepler-1214 b,CONFIRMED,18.8262877,2.344,795.8,2.34,591.0,28.85,19.9,0.198,5215.0,4.481,0.845
11288051,K00241.03,Kepler-124 b,CONFIRMED,3.41045981,2.866,136.2,1.06,892.0,149.88,22.5,0.971,4983.0,4.66,0.651
10813132,K02378.01,Kepler-1215 b,CONFIRMED,4.76702759,2.013,163.4,1.19,1046.0,282.97,14.3,0.077,5629.0,4.43,0.937
5857540,K02448.01,Kepler-1242 b,CONFIRMED,13.62801048,3.5374,912.8,3.28,639.0,39.48,26.7,0.927,5052.0,4.48,0.855
7289317,K02450.01,Kepler-1243 b,CONFIRMED,16.83203175,4.031,326.0,1.86,690.0,53.44,21.6,0.533,5518.0,4.4,1.008
6500206,K02451.01,,FALSE POSITIVE,13.37499553,1.639,458.1,2.01,703.0,57.85,16.9,0.045,5263.0,4.404,0.961
5545815,K02452.01,,FALSE POSITIVE,4.35370136,1.913,168.9,1.33,1179.0,456.83,12.2,0.535,5992.0,4.382,0.985
3116302,K02526.01,,FALSE POSITIVE,134.96694,18.43,68.4,0.87,385.0,5.18,6.9,0.0156,6154.0,4.416,1.053
7879433,K02527.01,Kepler-1850 b,CONFIRMED,1.385787741,1.6449,85.4,0.55,1008.0,245.15,19.1,0.35,4239.0,4.667,0.6
9205907,K02528.01,Kepler-1851 b,CONFIRMED,12.02295362,1.2667,778.6,3.28,776.0,85.78,20.1,0.965,5982.0,4.535,0.879
8463346,K02529.01,Kepler-436 c,CONFIRMED,16.79716262,3.83,1023.8,2.75,503.0,15.19,21.2,0.899,4652.0,4.617,0.697
5364071,K00248.04,Kepler-49 e,CONFIRMED,18.59611518,2.3052,813.8,1.53,371.0,4.48,27.6,0.014,3834.0,4.708,0.539
10489206,K00251.02,Kepler-125 c,CONFIRMED,5.77440326,1.768,245.3,0.8,529.0,18.6,11.8,0.425,3808.0,4.754,0.508
7531677,K02601.01,,FALSE POSITIVE,2.622134451,4.735,128.2,1.64,1548.0,1359.14,42.9,0.664,5864.0,4.199,1.369
10068659,K02602.01,Kepler-1287 b,CONFIRMED,11.47685263,2.756,240.6,1.58,796.0,94.94,16.5,0.07,5550.0,4.384,1.032
9718379,K02379.01,,FALSE POSITIVE,40.0088894,3.616,582.3,20.75,585.0,27.65,20.2,1.16,6237.0,4.403,1.023
4055774,K02381.01,,FALSE POSITIVE,6.58738839,4.758,258.5,1.35,871.0,136.02,15.7,0.523,5616.0,4.564,0.822
6670075,K02382.01,,FALSE POSITIVE,0.759706632,1.0896,39.7,1.38,3834.0,51080.76,21.6,0.52,8621.0,4.101,2.094
9395024,K02383.01,Kepler-1216 b,CONFIRMED,4.37033233,2.845,177.8,1.56,1191.0,475.39,17.7,0.093,5657.0,4.282,1.182
11401822,K02454.01,,FALSE POSITIVE,1.08070294,3.363,145.6,1.04,1565.0,1419.52,17.6,0.688,5482.0,4.539,0.813
6507427,K02455.01,,FALSE POSITIVE,4.74254518,1.023,305.7,1.77,1118.0,369.34,13.2,0.051,6046.0,4.478,1.007
5521300,K02456.01,,FALSE POSITIVE,18.13559979,2.019,452.7,24.49,744.0,72.36,16.4,1.194,6184.0,4.448,1.038
9753154,K02457.01,Kepler-1244 b,CONFIRMED,3.70429015,3.37,55.7,1.45,1839.0,2708.57,15.9,0.001,6732.0,3.958,1.927
9011825,K02530.01,Kepler-1269 b,CONFIRMED,37.3331165,7.643,187.8,2.5,657.0,44.17,22.5,0.851,5623.0,4.079,1.588
5174858,K02532.01,Kepler-1852 b,CONFIRMED,7.9709719,1.2893,488.4,2.27,760.0,79.1,17.3,0.911,5237.0,4.572,0.826
11074835,K02533.01,Kepler-1270 b,CONFIRMED,6.03355539,10.049,89.5,3.34,1598.0,1540.84,26.1,0.35,4924.0,3.356,3.588
1996180,K02534.01,Kepler-1271 b,CONFIRMED,3.02558494,3.0008,128.3,1.62,1484.0,1148.47,23.8,0.839,6123.0,4.263,1.263
10407221,K02605.01,,FALSE POSITIVE,0.933746783,4.255,417.5,1.3,1309.0,696.63,62.8,0.007,4643.0,4.61,0.663
5991936,K02606.01,,FALSE POSITIVE,6.09740316,4.635,568.5,45.49,1826.0,2630.31,14.0,1.2051,8828.0,4.227,1.828
6269070,K02608.01,Kepler-1288 b,CONFIRMED,2.7612237,3.681,66.8,1.84,2017.0,3906.36,14.2,0.238,6381.0,3.897,2.232
6705137,K02609.01,,FALSE POSITIVE,5.59727625,1.659,200.8,1.26,975.0,213.15,15.3,0.403,5796.0,4.522,0.876
8345172,K02385.01,,FALSE POSITIVE,50.5715805,3.726,1282.6,2.74,406.0,6.44,19.9,0.074,5262.0,4.59,0.783
12254378,K02387.01,Kepler-1217 b,CONFIRMED,2.032319072,1.6762,315.5,1.87,1542.0,1333.35,24.5,0.133,6156.0,4.443,1.05
4247791,K00028.01,,FALSE POSITIVE,4.100870416,8.15361,123521.0,82.46,1413.0,939.61,2619.2,0.938,5923.0,4.118,1.51
7604328,K02458.01,Kepler-1245 b,CONFIRMED,4.35407371,2.427,277.1,1.63,1043.0,279.53,19.0,0.734,5455.0,4.421,0.909
11236244,K02460.01,Kepler-1246 b,CONFIRMED,11.32269749,3.517,311.0,1.51,554.0,22.24,16.0,0.951,4563.0,4.624,0.642
9837685,K02461.01,Kepler-1247 b,CONFIRMED,13.71218522,2.437,786.7,2.47,676.0,49.26,22.6,0.68,5550.0,4.562,0.831
5042210,K02462.01,Kepler-1838 b,CONFIRMED,12.14684625,6.197,70.7,1.75,1097.0,342.49,27.1,0.687,5877.0,3.927,1.963
12454461,K02463.01,Kepler-1248 b,CONFIRMED,7.46718958,3.633,75.7,1.04,1035.0,271.25,18.8,0.486,6161.0,4.399,1.169
9635606,K02535.01,Kepler-1853 b,CONFIRMED,48.8882668,6.468,462.8,2.96,386.0,5.23,13.5,0.988,4821.0,4.529,0.788
3728701,K02536.01,Kepler-1272 b,CONFIRMED,51.1319346,6.019,382.3,2.43,542.0,20.36,19.6,0.829,6071.0,4.353,1.107
10861715,K02537.01,,FALSE POSITIVE,133.516435,2.196,510.0,2.01,344.0,3.3,6.5,0.6285,5989.0,4.553,0.848
1849702,K02538.01,Kepler-1854 b,CONFIRMED,39.8312536,2.442,388.8,1.46,420.0,7.33,15.8,0.24,5026.0,4.58,0.759
9390653,K00249.01,Kepler-504 b,CONFIRMED,9.549277089,1.5832,1826.9,1.57,374.0,4.62,112.2,0.068,3547.0,4.899,0.369
11187837,K00252.01,Kepler-1663 b,CONFIRMED,17.60461401,3.716,2292.1,2.64,362.0,4.07,80.1,0.715,3744.0,4.737,0.516
8885673,K02611.01,,FALSE POSITIVE,1.228721184,1.041,465.6,1.62,1324.0,728.99,26.4,0.208,4897.0,4.542,0.764
8025596,K02615.01,Kepler-1290 b,CONFIRMED,4.69505576,3.058,240.0,1.49,1098.0,343.6,15.9,0.204,5999.0,4.494,0.959
5956787,K02616.01,,FALSE POSITIVE,0.569115976,2.028,796.9,1.8,1589.0,1504.24,59.8,0.068,4788.0,4.61,0.656
3642741,K00242.01,Kepler-503 b,FALSE POSITIVE,7.258450123,5.7297,3714.7,5.53,880.0,141.3,288.6,0.05,5638.0,4.513,0.92
12071037,K02388.01,,FALSE POSITIVE,6.0959841,10.39,112.7,0.99,988.0,225.07,29.2,0.657,5826.0,4.43,0.885
8494617,K02389.01,Kepler-1218 b,CONFIRMED,22.9221181,8.2,140.3,1.33,684.0,51.7,24.0,0.603,5897.0,4.357,1.081
10289119,K02390.01,Kepler-1219 b,CONFIRMED,16.10474503,5.712,124.1,3.21,1159.0,425.93,25.4,0.224,5822.0,3.683,2.886
7382313,K02392.01,Kepler-1220 b,CONFIRMED,7.42697378,3.206,205.2,1.4,899.0,154.52,15.4,0.337,5573.0,4.434,0.982
9887224,K02464.01,,FALSE POSITIVE,0.874629873,1.782,68.1,0.72,1597.0,1538.25,19.2,0.665,5099.0,4.491,0.832
7542369,K02465.01,,FALSE POSITIVE,5.46091846,1.781,172.0,1.25,1106.0,353.34,21.2,0.4,6319.0,4.465,0.93
8544992,K02466.01,Kepler-388 b,CONFIRMED,3.17323012,1.9094,204.5,0.88,830.0,112.21,21.4,0.085,4500.0,4.632,0.633
8544992,K02466.02,Kepler-388 c,CONFIRMED,13.2970695,3.283,219.7,0.91,515.0,16.64,14.9,0.03,4500.0,4.632,0.633
11295426,K00246.01,Kepler-68 b,CONFIRMED,5.398752862,3.4303,346.5,2.21,1140.0,398.33,289.6,0.015,5790.0,4.279,1.198
7289162,K02539.01,,FALSE POSITIVE,5.26648126,1.964,97.8,1.07,1155.0,420.53,16.0,0.403,6204.0,4.394,1.065
3001885,K02540.01,,FALSE POSITIVE,2.67596808,2.021,420.6,1.57,998.0,234.19,17.5,0.115,4732.0,4.53,0.795
12306058,K02541.01,Kepler-391 b,CONFIRMED,7.41683033,7.274,72.6,3.36,1425.0,973.85,20.6,0.873,4938.0,3.45,3.324
6183511,K02542.01,Kepler-1855 b,CONFIRMED,0.727331746,0.8323,357.4,0.67,849.0,122.92,20.4,0.153,3460.0,4.92,0.356
12469800,K02543.01,Kepler-1856 b,CONFIRMED,1.302017467,1.3692,290.5,1.37,1344.0,772.73,21.4,0.286,4948.0,4.508,0.816
4915638,K02617.01,Kepler-1291 b,CONFIRMED,8.63050092,3.144,325.8,1.43,739.0,70.63,14.9,0.595,5352.0,4.599,0.764
6351097,K02618.01,,FALSE POSITIVE,12.49117388,2.848,189.9,1.36,763.0,80.08,17.0,0.747,5753.0,4.461,0.911
8081905,K02619.01,Kepler-1292 b,CONFIRMED,3.27645723,2.219,323.0,1.71,1195.0,482.56,17.9,0.001,5812.0,4.504,0.963
11465950,K02620.01,Kepler-1862 b,CONFIRMED,16.0573291,3.546,575.0,2.27,645.0,41.04,17.5,0.883,5644.0,4.575,0.806
9996632,K02621.01,,FALSE POSITIVE,8.44326557,3.353,359.5,1.97,934.0,179.79,19.0,0.42,6081.0,4.468,1.023
4665571,K02393.01,Kepler-1834 b,CONFIRMED,4.60300256,2.6848,302.5,1.32,848.0,122.02,22.2,0.072,4821.0,4.529,0.788
4829935,K02395.01,,FALSE POSITIVE,16.9329284,1.218,488.3,2.46,793.0,93.34,20.4,0.319,6310.0,4.417,1.095
9269042,K02397.01,Kepler-1221 b,CONFIRMED,12.00089667,3.266,420.7,1.47,632.0,37.81,20.0,0.595,5195.0,4.598,0.69
6199056,K02398.01,,FALSE POSITIVE,1.169010526,1.1717,165.9,91.91,3766.0,47688.8,37.1,1.13,5944.0,3.25,5.847
11461433,K02399.01,Kepler-1222 b,CONFIRMED,1.916940872,1.4243,105.1,0.89,1246.0,571.25,17.7,0.405,5083.0,4.468,0.872
11818607,K02467.01,Kepler-1839 b,CONFIRMED,5.05661302,3.926,137.9,1.15,1049.0,286.32,17.6,0.616,5926.0,4.506,0.939
8380709,K02468.01,Kepler-1249 b,CONFIRMED,24.3344939,6.557,323.1,1.74,647.0,41.3,18.1,0.017,6091.0,4.487,0.967
6149910,K02469.01,Kepler-1840 b,CONFIRMED,131.187921,6.905,915.9,2.34,284.0,1.54,23.9,0.069,4898.0,4.518,0.803
9108085,K02470.01,,FALSE POSITIVE,2.17489806,4.599,74.8,1.08,1496.0,1187.26,29.3,0.76,5749.0,4.323,1.15
5436013,K02471.01,Kepler-1841 b,CONFIRMED,25.8859397,4.548,217.1,1.66,542.0,20.35,16.1,0.922,5190.0,4.446,0.899
8676148,K02544.01,Kepler-1273 b,CONFIRMED,28.6253502,4.551,652.7,2.38,573.0,25.54,18.3,0.021,5774.0,4.508,0.941
9696358,K02545.01,Kepler-1274 b,CONFIRMED,6.98141327,6.527,38.0,1.42,1384.0,865.81,20.9,0.699,6054.0,3.923,2.163
5039129,K02546.01,,FALSE POSITIVE,1.319677953,1.978,100.7,1.13,1843.0,2729.71,17.4,0.62,6306.0,4.426,1.076
4484336,K02547.01,Kepler-1857 b,CONFIRMED,8.94337724,2.469,215.1,1.48,946.0,188.93,18.4,0.163,6074.0,4.375,1.005
9757613,K00250.01,Kepler-26 b,CONFIRMED,12.282998287,2.7096,2794.7,2.83,431.0,8.14,137.2,0.047,3879.0,4.708,0.537
10527135,K02622.01,,FALSE POSITIVE,0.328686504,0.8592,171.9,1.11,2324.0,6891.11,26.8,0.233,5430.0,4.535,0.847
11752906,K00253.01,Kepler-2000 b,CONFIRMED,6.383159135,1.7504,2313.2,2.73,530.0,18.73,64.4,0.197,3757.0,4.681,0.576
10916600,K02623.01,Kepler-1293 b,CONFIRMED,5.57654782,3.673,53.6,0.92,1183.0,462.81,13.2,0.45,6187.0,4.341,1.238
8429314,K02624.01,Kepler-1294 b,CONFIRMED,115.6863392,4.65,945.9,3.52,401.0,6.09,20.7,0.226,5800.0,4.327,1.149
9153570,K02625.01,Kepler-1295 b,CONFIRMED,3.81371423,1.973,281.0,1.37,1029.0,264.63,11.4,0.306,5547.0,4.571,0.82
11768142,K02626.01,Kepler-1652 b,CONFIRMED,38.0970717,4.307,913.3,1.58,242.0,0.81,17.0,0.953,3554.0,4.867,0.398
9592579,K00243.01,,FALSE POSITIVE,2.637574744,5.4573,5423.5,9.16,1385.0,868.86,222.8,0.909,6108.0,4.466,1.03
8481129,K02402.01,Kepler-1223 b,CONFIRMED,16.3012727,3.974,259.5,1.54,557.0,22.73,19.7,0.88,4873.0,4.558,0.796
2142522,K02403.01,Kepler-1224 b,CONFIRMED,13.32354078,3.873,116.6,1.32,872.0,136.61,16.3,0.225,6113.0,4.341,1.218
9395719,K02472.01,Kepler-1250 b,CONFIRMED,2.607545159,1.3916,351.5,2.07,1431.0,993.79,23.0,0.206,6147.0,4.435,1.096
8753896,K02473.01,Kepler-389 b,CONFIRMED,3.24417541,1.992,371.9,1.84,1047.0,283.66,18.0,0.761,5094.0,4.469,0.87
8746295,K02475.01,,FALSE POSITIVE,6.85567248,2.268,197.7,1.27,897.0,153.07,17.2,0.479,5734.0,4.538,0.883
10090257,K02476.01,,FALSE POSITIVE,2.28607282,7.82,261.8,1.01,942.0,186.39,35.9,0.059,4583.0,4.65,0.654
11295426,K00246.02,Kepler-68 c,CONFIRMED,9.60505976,3.0063,55.0,0.91,941.0,185.15,32.2,0.54,5790.0,4.279,1.198
10679583,K02549.01,,FALSE POSITIVE,3.54789928,2.861,185.3,0.99,987.0,224.45,13.6,0.325,5399.0,4.619,0.725
8757824,K02552.01,Kepler-1275 b,CONFIRMED,3.65690909,2.064,107.4,1.32,1368.0,828.52,12.8,0.217,6078.0,4.294,1.271
9832208,K02553.01,Kepler-1858 b,CONFIRMED,88.0712769,6.758,885.4,2.4,330.0,2.79,18.1,0.347,4939.0,4.506,0.819
6124512,K02627.01,Kepler-1296 b,CONFIRMED,8.38395796,5.2,108.5,3.24,1285.0,645.64,14.1,0.892,5405.0,3.741,2.605
10070468,K02628.01,Kepler-1297 b,CONFIRMED,1.68189051,2.992,83.2,1.27,1790.0,2432.14,17.4,0.415,5827.0,4.191,1.374
10031656,K02629.01,,FALSE POSITIVE,8.59000355,6.68,298.1,1.82,843.0,119.26,18.9,0.909,5817.0,4.538,0.876
7584650,K02631.01,Kepler-1863 b,CONFIRMED,44.9977604,9.686,170.2,1.59,508.0,15.74,21.4,0.928,5871.0,4.493,0.983
11337566,K02632.01,Kepler-1298 b,CONFIRMED,7.12815163,5.522,45.9,1.36,1373.0,839.5,22.0,0.201,6311.0,3.998,1.994
10202759,K02405.01,,FALSE POSITIVE,0.872952088,1.4499,137.3,25.5,3165.0,23715.46,41.6,1.1,7102.0,3.972,2.082
5007345,K02406.01,Kepler-1225 b,CONFIRMED,7.01074295,2.1787,222.8,3.76,1453.0,1054.63,21.3,0.427,5814.0,3.745,2.476
12120484,K02407.01,Kepler-1226 b,CONFIRMED,17.2922631,7.042,203.1,2.13,809.0,101.22,23.7,0.865,5936.0,4.261,1.299
6429812,K02408.01,Kepler-1227 b,CONFIRMED,94.289223,4.102,505.4,2.11,369.0,4.39,22.5,0.613,5632.0,4.537,0.904
6846911,K02477.01,Kepler-1842 b,CONFIRMED,14.02634692,1.2808,403.6,2.66,822.0,108.07,19.3,0.877,5970.0,4.355,1.131
5385439,K02478.01,,FALSE POSITIVE,12.425866431,29.1428,257.9,2.12,741.0,71.19,62.2,0.977,5428.0,4.404,0.94
5963582,K02479.01,Kepler-1843 b,CONFIRMED,25.5433704,8.567,138.6,2.11,772.0,84.0,28.4,0.44,5422.0,3.945,1.782
4476423,K02481.01,,FALSE POSITIVE,33.8542586,12.689,253.3,15.96,1326.0,730.99,10.0,0.1881,4553.0,2.605,10.472
11403389,K02482.01,Kepler-1251 b,CONFIRMED,45.0909201,4.605,436.3,2.44,487.0,13.27,14.1,0.957,5790.0,4.528,0.9
9851662,K02483.01,Kepler-1252 b,CONFIRMED,15.0539886,4.422,221.5,1.44,665.0,46.3,16.3,0.886,5475.0,4.479,0.818
8758204,K02841.01,Kepler-1881 b,CONFIRMED,159.388788,8.432,1033.0,2.73,289.0,1.65,17.3,0.109,5135.0,4.464,0.874
8733898,K02842.01,Kepler-446 b,CONFIRMED,1.565412613,0.7572,2754.6,1.73,648.0,41.85,48.6,0.003,3464.0,4.923,0.328
8733898,K02842.02,Kepler-446 d,CONFIRMED,5.14892346,0.9613,2355.0,1.72,436.0,8.54,25.4,0.719,3464.0,4.923,0.328
3228945,K02917.01,,FALSE POSITIVE,0.730943372,3.004,134.7,1.37,2190.0,5461.14,27.0,0.792,6143.0,4.418,1.067
7008149,K02918.01,,FALSE POSITIVE,0.515552803,1.7869,1224.1,13.96,1807.0,2508.21,79.6,1.128,5068.0,4.556,0.73
10332213,K02919.01,Kepler-1885 b,CONFIRMED,2.522590567,1.406,210.2,25.82,1205.0,499.07,18.5,1.261,5591.0,4.559,0.86
7090524,K02920.01,Kepler-1386 b,CONFIRMED,6.73968289,4.183,142.0,1.48,1011.0,246.9,15.4,0.662,5511.0,4.261,1.176
11133306,K00276.01,Kepler-509 b,CONFIRMED,41.74598855,4.6125,421.8,2.4,584.0,27.58,110.5,0.049,5978.0,4.316,1.171
6307063,K02702.01,,FALSE POSITIVE,75.378004,6.744,447.8,3.82,455.0,10.13,20.5,0.989,5876.0,4.374,1.077
5871985,K02703.01,Kepler-1318 b,CONFIRMED,213.258526,7.768,1992.3,2.72,202.0,0.39,36.1,0.037,4477.0,4.649,0.637
8292840,K00260.02,Kepler-126 d,CONFIRMED,100.2830675,10.8636,351.2,2.51,475.0,12.07,81.9,0.535,6214.0,4.238,1.297
9730163,K02704.01,Kepler-445 c,CONFIRMED,4.871223664,1.5916,6462.0,1.56,341.0,3.18,50.5,0.706,3157.0,5.112,0.18
9730163,K02704.02,Kepler-445 b,CONFIRMED,2.984157711,1.2637,2598.0,0.92,401.0,6.12,24.3,0.45,3157.0,5.112,0.18
11453592,K02705.01,Kepler-1319 b,CONFIRMED,2.8867624,0.9879,631.8,1.24,557.0,22.75,37.1,0.92,3483.0,4.875,0.389
3834322,K02763.01,,FALSE POSITIVE,0.498434645,0.955,239.2,1.08,1676.0,1873.28,26.8,0.288,4784.0,4.618,0.708
11188249,K02765.01,,FALSE POSITIVE,2.75505467,3.426,85.5,1.74,1783.0,2387.41,27.8,0.738,6257.0,4.063,1.748
4677282,K02766.01,,FALSE POSITIVE,1.572181216,7.219,219.5,77.12,3384.0,30903.98,48.2,1.149,6622.0,3.421,4.315
5097470,K02767.01,,FALSE POSITIVE,1.28805834,3.419,92.6,1.08,1736.0,2142.23,28.1,0.214,5631.0,4.33,1.132
4858610,K02844.01,,FALSE POSITIVE,2.72288246,2.408,152.6,1.06,1162.0,431.75,15.5,0.08,5458.0,4.53,0.872
10591855,K02845.01,Kepler-1367 b,CONFIRMED,1.574090323,1.5796,224.9,0.93,998.0,234.92,17.7,0.071,4313.0,4.662,0.65
4832175,K02846.01,,FALSE POSITIVE,0.947738312,1.206,202.2,0.88,1229.0,537.85,13.9,0.022,4464.0,4.643,0.638
7749773,K02848.01,Kepler-1882 b,CONFIRMED,13.7872627,5.747,75.1,1.55,894.0,150.64,23.9,0.921,5691.0,4.139,1.458
9451706,K00271.03,Kepler-127 b,CONFIRMED,14.4359459,3.414,107.3,1.46,884.0,144.45,22.0,0.613,6075.0,4.264,1.352
10064256,K02849.01,Kepler-1692 b,CONFIRMED,5.95958637,2.899,133.1,1.02,897.0,153.48,16.1,0.26,5452.0,4.535,0.9
4381282,K02922.01,,FALSE POSITIVE,0.497581917,1.46,140.6,0.76,1801.0,2487.04,17.1,0.328,5271.0,4.634,0.63
7609553,K02924.01,Kepler-1387 b,CONFIRMED,2.279523364,1.6202,126.8,0.87,1123.0,374.78,16.7,0.033,5017.0,4.516,0.797
10122538,K02926.01,Kepler-1388 b,CONFIRMED,12.2854718,2.996,1617.1,2.21,434.0,8.39,23.8,0.291,3891.0,4.718,0.564
10122538,K02926.02,Kepler-1388 c,CONFIRMED,5.53609368,2.2942,1223.3,2.2,566.0,24.23,22.6,0.791,3891.0,4.718,0.564
5480640,K02707.01,Kepler-399 d,CONFIRMED,58.0337426,5.584,807.1,3.21,486.0,13.17,34.9,0.021,5467.0,4.271,1.152
5480640,K02707.02,Kepler-399 b,CONFIRMED,14.4252635,3.754,221.2,1.68,773.0,84.28,15.2,0.013,5467.0,4.271,1.152
5480640,K02707.03,Kepler-399 c,CONFIRMED,26.6757818,2.696,474.8,2.69,630.0,37.15,20.0,0.713,5467.0,4.271,1.152
5175986,K02708.01,Kepler-1320 b,CONFIRMED,0.868386354,1.066,488.5,1.52,1389.0,880.33,27.3,0.135,4792.0,4.627,0.704
9008737,K02768.01,Kepler-404 b,CONFIRMED,11.8288843,3.337,191.0,1.18,730.0,67.13,9.1,0.2658,5653.0,4.551,0.857
9008737,K02768.02,Kepler-404 c,CONFIRMED,14.7512034,1.25,261.1,1.63,678.0,49.97,8.3,0.8759,5653.0,4.551,0.857
9692128,K02769.01,,FALSE POSITIVE,1.480323978,1.833,166.2,1.46,1743.0,2180.25,43.4,0.617,5996.0,4.342,1.081
6521045,K00041.02,Kepler-100 b,CONFIRMED,6.88707073,4.4679,68.7,1.3,1155.0,420.97,38.2,0.696,5788.0,4.122,1.474
8167959,K00267.01,,FALSE POSITIVE,165.75597,8.45,57.3,15049.8,398.0,5.96,12.8,98.6021,5800.0,4.119,1.412
4075015,K02850.01,,FALSE POSITIVE,1.11431205,2.112,160.4,1.07,1635.0,1691.99,15.5,0.141,5776.0,4.554,0.849
6697605,K02851.01,Kepler-1985 b,CONFIRMED,3.42064689,1.767,356.8,2.27,1129.0,382.68,13.9,0.92,5370.0,4.411,0.966
6294819,K02852.01,Kepler-1368 b,CONFIRMED,0.675650404,1.8261,200.7,1.36,2085.0,4473.06,22.4,0.03,5966.0,4.493,0.961
3230753,K02928.01,,FALSE POSITIVE,17.7337356,5.558,217.3,1.24,597.0,29.95,17.0,0.514,5335.0,4.56,0.831
8358012,K02929.01,,FALSE POSITIVE,10.06478627,2.86,285.7,1.49,729.0,66.74,18.6,0.729,5438.0,4.574,0.82
4664046,K02930.01,,FALSE POSITIVE,1.12976597,3.096,133.7,0.83,1429.0,987.44,14.3,0.338,5366.0,4.625,0.715
11401755,K00277.01,Kepler-36 c,CONFIRMED,16.23191704,7.461,501.6,3.54,926.0,174.1,194.9,0.017,5919.0,4.042,1.585
4180401,K02709.01,,FALSE POSITIVE,15.4126766,3.402,599.8,2.82,618.0,34.56,7.5,0.958,5240.0,4.555,0.856
6350476,K02710.01,,FALSE POSITIVE,1.110599919,1.3493,157.6,1.07,1539.0,1320.65,38.7,0.214,5227.0,4.463,0.867
8292840,K00260.03,Kepler-126 c,CONFIRMED,21.86965714,5.5177,125.5,1.51,790.0,92.0,43.5,0.557,6214.0,4.238,1.297
5272233,K02711.01,Kepler-400 b,CONFIRMED,9.02436414,3.011,214.6,1.62,939.0,183.39,23.5,0.014,5885.0,4.348,1.111
5272233,K02711.02,Kepler-400 c,CONFIRMED,17.3408735,3.398,159.0,1.43,755.0,76.86,13.5,0.489,5885.0,4.348,1.111
11456382,K02771.01,,FALSE POSITIVE,0.814280672,2.326,134.9,1.91,2563.0,10224.99,12.3,0.701,6366.0,4.167,1.543
3130548,K02773.01,,FALSE POSITIVE,0.878855771,1.1014,269.7,1.57,1864.0,2857.19,25.3,0.41,5727.0,4.438,0.937
9593757,K02774.01,,FALSE POSITIVE,2.49432176,2.3269,8043.0,8.91,1342.0,766.49,43.2,0.069,5780.0,4.438,1.0
4275117,K02776.01,,FALSE POSITIVE,1.00652785,1.3175,125.9,1.03,1815.0,2556.97,17.9,0.467,6089.0,4.527,0.889
6545051,K02777.01,,FALSE POSITIVE,1.99566293,4.514,197.0,1.11,1182.0,462.26,21.9,0.564,5235.0,4.595,0.771
5513866,K02854.01,,FALSE POSITIVE,0.755111225,3.164,168.0,1.38,1999.0,3759.62,76.4,0.694,5780.0,4.438,1.0
5688910,K02856.01,Kepler-1369 b,CONFIRMED,25.8730914,5.085,694.4,2.88,667.0,46.82,20.1,0.196,6036.0,4.382,1.093
6345732,K02857.01,Kepler-1370 b,CONFIRMED,20.2642023,4.664,185.3,2.12,770.0,82.92,19.9,0.914,5937.0,4.251,1.291
6345732,K02857.02,Kepler-1370 c,CONFIRMED,7.44136102,4.554,79.7,1.33,1075.0,315.02,14.2,0.862,5937.0,4.251,1.291
8611257,K02931.01,Kepler-1389 b,CONFIRMED,99.2532336,7.208,538.0,2.17,300.0,1.93,20.5,0.947,5010.0,4.623,0.715
3861611,K02932.01,,FALSE POSITIVE,3.84933401,2.299,503.9,2.12,1147.0,408.84,13.6,0.591,5984.0,4.521,0.906
10880507,K02936.01,Kepler-1390 b,CONFIRMED,6.4802138,3.27,142.0,1.26,934.0,180.05,13.7,0.725,5496.0,4.417,0.983
5443604,K02713.01,,FALSE POSITIVE,21.3910125,3.512,645.8,1.72,483.0,12.88,25.1,0.347,4889.0,4.637,0.686
12206313,K02714.01,Kepler-401 b,CONFIRMED,14.3832267,8.378,178.5,1.84,889.0,147.78,39.0,0.7,6115.0,4.249,1.291
12206313,K02714.02,Kepler-401 c,CONFIRMED,47.3186631,10.465,263.4,2.1,598.0,30.22,36.2,0.189,6115.0,4.249,1.291
9837661,K02715.01,Kepler-1321 b,CONFIRMED,11.12827427,2.6118,6057.0,4.04,408.0,6.52,65.6,0.594,3640.0,4.744,0.503
7769819,K02778.01,Kepler-1342 b,CONFIRMED,2.21571296,1.8211,285.1,1.7,1283.0,638.56,22.1,0.796,5417.0,4.447,0.901
11874577,K02779.01,Kepler-1875 b,CONFIRMED,34.4585495,7.434,431.0,1.88,559.0,23.05,23.7,0.626,6161.0,4.545,0.862
12164564,K02780.01,Kepler-1343 b,CONFIRMED,3.35184041,1.9855,345.3,1.88,1294.0,661.69,20.0,0.091,6198.0,4.464,1.005
8190354,K02781.01,,FALSE POSITIVE,1.615758517,1.734,41.7,1.31,2158.0,5140.67,18.0,0.234,5622.0,3.813,2.017
10397751,K02859.01,Kepler-1371 b,CONFIRMED,3.4462125,2.101,83.5,0.7,1015.0,251.24,15.6,0.704,5374.0,4.555,0.721
10397751,K02859.02,Kepler-1371 c,CONFIRMED,2.005414293,1.934,59.5,0.65,1216.0,516.85,13.9,0.874,5374.0,4.555,0.721
7815931,K02861.01,,FALSE POSITIVE,1.868564038,1.192,176.7,1.4,1565.0,1417.56,17.2,0.456,6065.0,4.427,1.023
9642292,K02946.01,Kepler-1392 b,CONFIRMED,15.1408916,4.359,476.8,1.93,714.0,61.42,20.1,0.136,5926.0,4.532,0.887
6356692,K02948.01,Kepler-1888 b,CONFIRMED,11.39169531,5.0,51.0,1.02,886.0,145.67,19.0,0.849,5557.0,4.198,1.249
4991208,K02951.01,Kepler-1393 b,CONFIRMED,2.44358543,1.852,59.1,0.67,1249.0,574.37,11.9,0.258,5561.0,4.486,0.873
8243283,K02952.01,,FALSE POSITIVE,1.7592691,2.381,140.4,1.21,1519.0,1254.94,13.5,0.564,5784.0,4.416,0.984
9837661,K02715.02,Kepler-1321 c,CONFIRMED,2.226496196,1.7073,1839.1,2.1,697.0,55.76,36.0,0.048,3640.0,4.744,0.503
9837661,K02715.03,Kepler-1321 d,CONFIRMED,5.72084599,2.744,1316.0,1.78,509.0,15.84,20.5,0.166,3640.0,4.744,0.503
9092504,K02716.01,Kepler-1322 b,CONFIRMED,0.962864171,1.6802,303.5,1.52,1666.0,1828.67,31.6,0.736,5704.0,4.575,0.804
5383248,K00261.01,Kepler-96 b,CONFIRMED,16.23847733,3.9699,646.7,2.76,711.0,60.35,125.8,0.766,5683.0,4.422,0.993
9092504,K02716.02,Kepler-1322 c,CONFIRMED,6.46004728,1.979,394.2,1.8,883.0,144.06,17.0,0.828,5704.0,4.575,0.804
10001368,K02785.01,Kepler-1344 b,CONFIRMED,4.76831033,3.2363,251.8,1.78,1219.0,522.81,35.4,0.191,6237.0,4.374,1.116
9466429,K02786.01,Kepler-1345 b,CONFIRMED,44.616751,7.831,239.7,2.31,693.0,54.56,28.4,0.618,6763.0,4.22,1.424
4365442,K02787.01,,FALSE POSITIVE,1.714410345,3.336,50.4,1.84,2551.0,10025.53,22.9,0.56,6340.0,3.731,2.498
8885643,K02789.01,Kepler-1346 b,CONFIRMED,3.40165617,1.9617,155.9,1.34,1236.0,552.42,19.9,0.906,6177.0,4.516,0.906
5652893,K02790.01,Kepler-1347 b,CONFIRMED,14.00948631,3.399,169.9,0.98,617.0,34.32,22.6,0.268,5153.0,4.551,0.767
3241557,K02863.01,,FALSE POSITIVE,1.703359172,1.914,57.6,0.69,1525.0,1284.58,13.9,0.152,6026.0,4.503,0.904
3957082,K02864.01,,FALSE POSITIVE,3.77881664,5.819,47.1,3.99,2580.0,10473.57,22.2,0.628,6115.0,3.267,5.544
8681833,K02865.01,Kepler-1372 b,CONFIRMED,1.311558909,1.919,141.3,1.15,1655.0,1776.99,17.2,0.218,5926.0,4.501,0.963
4138951,K02866.01,Kepler-1373 b,CONFIRMED,1.291233083,1.855,66.0,0.89,1887.0,2993.7,15.9,0.2,6384.0,4.419,1.086
3102384,K00273.01,Kepler-454 b,CONFIRMED,10.573751447,1.7259,298.9,2.07,844.0,120.25,82.0,0.785,5720.0,4.4,1.08
10471515,K02961.01,Kepler-1395 b,CONFIRMED,3.7847507,2.924,33.5,0.7,1311.0,699.15,12.2,0.021,6017.0,4.326,1.206
8760040,K02963.01,Kepler-1396 b,CONFIRMED,18.2206024,5.109,201.8,1.78,786.0,90.43,19.7,0.125,5951.0,4.283,1.262
10098844,K02964.01,Kepler-1397 b,CONFIRMED,47.4497134,10.675,206.4,1.61,551.0,21.82,16.9,0.016,6007.0,4.353,1.126
9467404,K02717.01,Kepler-1323 b,CONFIRMED,0.929906166,1.743,108.7,1.48,2291.0,6514.57,79.7,0.102,6039.0,4.169,1.413
5308666,K02718.01,,FALSE POSITIVE,0.784513087,1.9206,316.6,131.4,10634.0,3036857.56,47.7,0.029,3853.0,0.892,78.869
5184911,K02719.01,Kepler-1324 b,CONFIRMED,4.11585514,1.4858,425.8,1.93,895.0,151.55,20.8,0.807,4827.0,4.508,0.823
6587105,K02721.01,Kepler-1325 b,CONFIRMED,33.878639,6.194,700.1,3.52,564.0,24.0,27.9,0.923,5533.0,4.348,1.072
11662184,K02791.01,Kepler-1348 b,CONFIRMED,27.5722144,5.256,296.3,1.94,636.0,38.62,20.0,0.562,5912.0,4.397,1.09
11127479,K02792.01,Kepler-1349 b,CONFIRMED,2.12821621,3.146,25.9,0.7,1668.0,1831.55,22.1,0.098,5952.0,4.227,1.377
5428668,K02794.01,,FALSE POSITIVE,0.703399912,0.823,531.4,2.15,2013.0,3879.31,32.0,0.393,5955.0,4.52,0.91
5041569,K02795.01,,FALSE POSITIVE,2.5355023,7.189,354.6,2.7,1477.0,1127.68,37.6,0.965,6268.0,4.429,1.1
9899181,K02867.01,,FALSE POSITIVE,1.332560553,3.315,31.7,0.4,1249.0,574.99,26.1,0.37,4947.0,4.621,0.714
9899181,K02867.02,,FALSE POSITIVE,18.936061,22.27,24.3,0.34,516.0,16.7,14.0,0.285,4947.0,4.621,0.714
8884274,K02868.01,Kepler-1374 b,CONFIRMED,10.65275054,2.684,740.7,2.2,737.0,69.81,17.5,0.051,5602.0,4.571,0.817
7767162,K02869.01,Kepler-1375 b,CONFIRMED,3.30040818,4.462,98.8,1.43,1543.0,1341.9,19.3,0.008,6333.0,4.229,1.438
4861791,K02870.01,,FALSE POSITIVE,5.62950902,6.542,297.5,2.11,979.0,216.41,14.3,0.974,5822.0,4.529,0.898
4385148,K02942.02,Kepler-1886 b,CONFIRMED,24.2758992,4.59,702.2,2.25,580.0,26.68,17.0,0.441,5745.0,4.559,0.837
9838468,K02943.01,Kepler-1391 b,CONFIRMED,54.4099612,9.314,193.0,1.56,513.0,16.35,20.8,0.157,5746.0,4.309,1.133
6781548,K02944.01,,FALSE POSITIVE,9.12209336,4.347,906.8,28.17,863.0,131.35,22.2,1.236,5899.0,4.499,0.96
8617363,K02945.01,Kepler-1887 b,CONFIRMED,19.94752741,1.756,861.3,2.52,625.0,36.14,16.0,0.094,5749.0,4.547,0.864
11401755,K00277.02,Kepler-36 b,CONFIRMED,13.84984567,7.2783,84.6,1.45,977.0,214.98,35.2,0.012,5919.0,4.042,1.585
7673192,K02722.01,Kepler-402 c,CONFIRMED,6.12479773,3.466,129.3,1.51,1140.0,399.43,20.1,0.79,6052.0,4.285,1.202
7673192,K02722.02,Kepler-402 e,CONFIRMED,11.24284815,4.241,136.0,1.44,931.0,177.7,17.4,0.52,6052.0,4.285,1.202
7673192,K02722.03,Kepler-402 b,CONFIRMED,4.02877097,3.173,100.4,1.21,1311.0,699.45,18.6,0.193,6052.0,4.285,1.202
7673192,K02722.04,Kepler-402 d,CONFIRMED,8.92114318,3.933,110.8,1.27,1006.0,241.79,15.3,0.12,6052.0,4.285,1.202
11807274,K00262.01,Kepler-50 b,CONFIRMED,7.81285862,4.098,117.3,1.68,1196.0,483.06,32.3,0.03,6237.0,4.136,1.543
7670943,K00269.01,Kepler-1713 b,CONFIRMED,18.01164974,6.7367,107.8,1.83,900.0,155.37,60.8,0.924,6477.0,4.224,1.459
6697756,K02798.01,Kepler-1351 b,CONFIRMED,0.916142298,1.1555,98.5,0.6,1212.0,507.47,23.0,0.232,4374.0,4.639,0.614
5649833,K02799.01,,FALSE POSITIVE,0.597933473,1.918,106.0,1.24,2564.0,10196.42,26.0,0.562,6543.0,4.382,1.159
10518399,K02800.01,,FALSE POSITIVE,2.69636494,3.892,109.0,1.24,1406.0,925.14,22.2,0.628,5653.0,4.25,1.139
5905822,K02801.01,Kepler-1876 b,CONFIRMED,6.99205021,5.037,33.4,1.06,1194.0,479.87,24.4,0.944,6057.0,4.139,1.467
10793172,K02871.01,Kepler-1693 b,CONFIRMED,12.0999065,3.558,165.5,1.39,807.0,100.37,15.1,0.14,5553.0,4.33,1.098
10793172,K02871.02,Kepler-1693 c,CONFIRMED,5.36375016,2.94,114.3,1.15,1059.0,296.73,14.4,0.008,5553.0,4.33,1.098
7136729,K02872.01,,FALSE POSITIVE,3.17319407,2.512,135.8,0.91,1077.0,318.23,16.2,0.211,5369.0,4.508,0.784
6364276,K02873.01,,FALSE POSITIVE,5.24368302,10.873,225.4,0.91,654.0,43.13,36.9,0.006,4194.0,4.633,0.629
5108946,K02955.01,,FALSE POSITIVE,0.591280187,1.1656,135.0,1.3,2385.0,7620.01,21.6,0.395,6246.0,4.433,1.092
8801316,K02956.01,Kepler-1394 b,CONFIRMED,3.93766786,4.655,24.3,1.36,1947.0,3388.82,16.8,0.226,6277.0,3.728,2.741
10876237,K02960.01,,FALSE POSITIVE,1.465943491,1.513,52.3,1.6,2472.0,8804.6,15.8,0.211,6230.0,3.847,2.19
12314973,K00279.01,Kepler-450 b,CONFIRMED,28.45489091,8.1593,1418.6,6.08,769.0,82.7,244.7,0.5,6206.0,4.159,1.573
3346154,K02723.01,Kepler-1871 b,CONFIRMED,1.952711161,0.872,403.0,2.58,1403.0,917.15,30.7,0.962,5741.0,4.495,0.946
5308387,K02724.01,,FALSE POSITIVE,0.620739667,2.477,108.2,29.28,2947.0,17924.29,30.8,1.158,6559.0,4.133,1.602
6233573,K02725.01,,FALSE POSITIVE,0.587470828,2.4382,193.8,51.02,3434.0,33039.47,48.3,1.161,5787.0,3.678,2.667
10363281,K02726.01,,FALSE POSITIVE,0.934924739,2.052,73.8,2.29,3156.0,23533.0,20.3,0.309,6477.0,3.781,2.628
4861527,K02727.01,,FALSE POSITIVE,25.7054557,6.059,266.3,1.75,670.0,47.76,27.6,0.722,6326.0,4.459,1.001
5775129,K02802.01,Kepler-1691 b,CONFIRMED,3.84822189,2.013,203.9,1.72,1283.0,641.53,17.6,0.368,5927.0,4.323,1.193
9898447,K02803.01,Kepler-1877 b,CONFIRMED,2.37752442,2.307,32.1,0.53,1278.0,632.62,15.9,0.256,5615.0,4.505,0.936
5307568,K02804.01,,FALSE POSITIVE,2.62838097,3.193,89.9,1.01,1375.0,846.09,15.3,0.087,5884.0,4.408,1.07
11135308,K02805.01,Kepler-1352 b,CONFIRMED,1.877878538,2.39,47.5,0.78,1701.0,1977.35,20.6,0.248,6324.0,4.352,1.115
6521045,K00041.03,Kepler-100 d,CONFIRMED,35.3331932,5.966,99.7,1.55,670.0,47.52,28.8,0.656,5788.0,4.122,1.474
8077137,K00274.01,Kepler-128 b,CONFIRMED,15.0896415,4.3349,77.8,1.42,968.0,207.64,29.5,0.02,6063.0,4.061,1.613
7019524,K02877.01,Kepler-1376 b,CONFIRMED,5.30873978,3.018,127.5,1.08,1042.0,279.21,16.7,0.173,5914.0,4.483,0.955
5106313,K02878.01,Kepler-1694 b,CONFIRMED,3.89524296,1.689,189.0,1.13,956.0,197.66,16.2,0.224,5018.0,4.492,0.838
9825174,K02880.01,Kepler-1377 b,CONFIRMED,0.740926358,1.0163,195.5,1.22,1873.0,2909.21,20.0,0.202,5618.0,4.494,0.874
8429415,K02965.01,,FALSE POSITIVE,1.352564873,3.469,56.7,1.45,2447.0,8505.97,34.9,0.669,6463.0,3.959,1.823
5014903,K02966.01,,FALSE POSITIVE,7.72768833,2.06,404.8,1.89,899.0,154.46,14.6,0.203,5765.0,4.468,0.94
5980783,K02967.01,Kepler-1889 b,CONFIRMED,37.3033197,7.793,551.7,2.31,493.0,14.0,19.5,0.908,5646.0,4.55,0.817
8560804,K02969.01,,FALSE POSITIVE,31.9729501,9.41,156.3,2.41,757.0,77.49,38.3,0.773,6007.0,4.064,1.759
12008872,K02729.01,Kepler-1327 b,CONFIRMED,14.8877665,4.981,252.5,1.96,831.0,112.85,28.4,0.795,6143.0,4.344,1.116
8415200,K02730.01,Kepler-1328 b,CONFIRMED,4.52158614,3.4702,106.2,1.31,1214.0,513.68,26.2,0.203,5576.0,4.201,1.289
4072333,K02731.01,,FALSE POSITIVE,2.007750531,2.0715,352.0,1.64,1319.0,716.79,21.8,0.42,5645.0,4.549,0.865
9886361,K02732.01,Kepler-403 b,CONFIRMED,7.03146295,5.922,85.4,1.38,1194.0,480.26,33.8,0.014,6170.0,4.192,1.499
9886361,K02732.03,Kepler-403 c,CONFIRMED,54.2811949,5.517,147.8,2.07,604.0,31.45,20.0,0.85,6170.0,4.192,1.499
3730335,K02808.01,,FALSE POSITIVE,0.596087893,0.7159,105.1,1.92,2967.0,18259.79,30.3,0.283,6049.0,3.997,1.827
6528464,K00270.01,Kepler-449 b,CONFIRMED,12.58229808,6.375,118.7,1.53,917.0,167.41,62.1,0.044,5587.0,4.091,1.423
7428316,K02809.01,,FALSE POSITIVE,7.12684695,3.179,206.3,1.38,941.0,185.17,20.7,0.71,6050.0,4.525,0.896
10275766,K02810.01,,FALSE POSITIVE,0.661749944,4.112,215.6,23.92,2420.0,8123.02,34.5,1.169,6363.0,4.386,1.198
10275766,K02810.02,,FALSE POSITIVE,354.95118,13.02,421.9,2.53,303.0,1.99,7.0,0.0405,6392.0,4.366,1.23
6370120,K02811.01,,FALSE POSITIVE,1.35477049,1.618,145.3,0.8,1102.0,348.9,14.8,0.24,4414.0,4.621,0.689
5642620,K02882.02,,FALSE POSITIVE,0.493393859,1.1319,264.7,1.4,1505.0,1203.14,20.3,0.961,4474.0,4.67,0.614
5209845,K02883.01,Kepler-1378 b,CONFIRMED,11.95401876,2.656,855.9,2.1,525.0,17.92,19.3,0.744,4359.0,4.611,0.659
9652649,K02884.01,,FALSE POSITIVE,2.48883033,4.268,51.4,0.64,1230.0,540.34,15.1,0.696,5615.0,4.514,0.833
11100670,K02885.01,,FALSE POSITIVE,20.2340219,3.674,193.6,0.99,562.0,23.53,11.5,0.249,5528.0,4.627,0.71
6129524,K02886.01,Kepler-1379 b,CONFIRMED,0.88184263,1.3117,249.9,1.24,1564.0,1419.46,21.2,0.454,5268.0,4.594,0.776
5794570,K02675.01,Kepler-1312 b,CONFIRMED,5.448321078,2.2213,529.4,2.17,978.0,215.95,55.1,0.614,5721.0,4.517,0.905
5794570,K02675.02,Kepler-1312 c,CONFIRMED,1.116127169,1.3235,109.2,1.0,1659.0,1797.63,19.2,0.648,5721.0,4.517,0.905
5649325,K02676.01,,FALSE POSITIVE,195.613824,23.777,1651.9,10.65,467.0,11.24,102.7,0.891,5970.0,3.835,2.229
6779260,K02678.01,Kepler-1313 b,CONFIRMED,3.833087643,1.51,461.4,2.25,1012.0,247.8,40.2,0.932,5397.0,4.543,0.831
11807274,K00262.02,Kepler-50 c,CONFIRMED,9.37663713,2.1033,118.4,1.89,1125.0,379.3,21.0,0.828,6237.0,4.136,1.543
5953297,K02733.01,Kepler-1688 b,CONFIRMED,5.62006198,2.751,190.1,1.45,772.0,84.01,17.4,0.969,4868.0,4.6,0.746
7659389,K02734.01,Kepler-1872 b,CONFIRMED,3.8259005,1.8057,857.2,3.45,1005.0,241.25,20.3,0.951,5223.0,4.505,0.885
9472074,K02735.01,Kepler-1873 b,CONFIRMED,0.558841234,0.7918,280.9,1.33,1787.0,2412.15,26.3,0.307,5151.0,4.592,0.792
10842192,K02736.01,Kepler-1329 b,CONFIRMED,9.33648141,2.5449,885.4,2.39,577.0,26.22,23.1,0.901,4442.0,4.619,0.648
2442448,K02812.01,Kepler-1354 b,CONFIRMED,76.6139446,10.22,498.7,2.61,466.0,11.12,28.6,0.851,6173.0,4.408,1.03
9665922,K02815.01,,FALSE POSITIVE,1.545388842,3.037,52.8,0.56,1421.0,964.53,20.6,0.341,5782.0,4.594,0.767
11283615,K02816.01,Kepler-1355 b,CONFIRMED,1.289590179,1.3541,286.0,1.38,1448.0,1040.23,18.9,0.401,5467.0,4.578,0.808
7605093,K02817.01,Kepler-1356 b,CONFIRMED,0.634003002,0.9207,316.9,1.35,1714.0,2030.16,21.0,0.367,5226.0,4.606,0.75
3859363,K02887.01,,FALSE POSITIVE,1.56859048,11.591,280.6,23.41,1693.0,1935.28,43.3,1.198,6248.0,4.442,1.002
8077137,K00274.02,Kepler-128 c,CONFIRMED,22.8030252,4.768,62.9,1.29,843.0,119.6,20.4,0.291,6063.0,4.061,1.613
12023078,K02888.01,,FALSE POSITIVE,0.623441939,1.4053,128.1,13.89,3219.0,25489.88,40.6,1.027,5385.0,3.639,2.871
6364162,K02889.01,,FALSE POSITIVE,5.24364571,16.984,270.4,25.01,1149.0,411.58,45.6,1.201,6197.0,4.406,1.056
7463685,K02890.01,Kepler-1884 b,CONFIRMED,8.98826122,4.96,160.8,1.39,864.0,131.92,14.5,0.92,5984.0,4.521,0.906
11231334,K00258.01,,FALSE POSITIVE,4.15743922,9.572,1472.0,96.99,2089.0,4503.26,52.5,1.242,6529.0,3.657,3.131
6878240,K02681.01,Kepler-397 c,CONFIRMED,135.4978256,6.769,5038.1,6.01,295.0,1.8,73.2,0.804,5307.0,4.572,0.757
6878240,K02681.02,Kepler-397 b,CONFIRMED,22.2508509,1.745,618.7,2.07,539.0,20.01,11.4,0.771,5307.0,4.572,0.757
2436378,K02682.01,,FALSE POSITIVE,8.53161917,2.9596,65744.0,54.6,891.0,148.92,86.1,1.118,5780.0,4.438,1.0
6614629,K02737.01,,FALSE POSITIVE,0.526615152,1.0582,64.0,1.46,2959.0,18152.32,40.9,0.028,5718.0,3.966,1.832
6630943,K02738.01,,FALSE POSITIVE,0.690405794,1.7407,178.4,1.04,1731.0,2129.33,43.0,0.281,5204.0,4.515,0.786
4831728,K02739.01,Kepler-1330 b,CONFIRMED,10.10773789,3.828,294.9,1.98,879.0,140.75,25.3,0.151,5480.0,4.26,1.174
3336765,K02740.01,,FALSE POSITIVE,1.844857057,1.6557,85.6,0.97,1601.0,1548.86,21.5,0.594,6143.0,4.403,1.004
4270565,K02819.01,,FALSE POSITIVE,18.0116764,6.006,417.2,2.02,695.0,55.07,23.3,0.683,6003.0,4.507,0.932
6528464,K00270.02,Kepler-449 c,CONFIRMED,33.67280658,8.2267,170.9,1.86,661.0,45.09,61.2,0.309,5587.0,4.091,1.423
11963206,K02820.01,Kepler-1357 b,CONFIRMED,3.00912491,2.228,191.4,1.22,1177.0,452.27,16.5,0.009,5713.0,4.541,0.893
8263545,K02822.01,Kepler-1878 b,CONFIRMED,4.44589508,2.3816,441.4,1.94,1063.0,302.6,20.9,0.704,5918.0,4.544,0.865
10068024,K02891.01,,FALSE POSITIVE,2.023126394,1.2771,72.2,0.92,1607.0,1582.75,19.2,0.391,6349.0,4.422,1.059
9636563,K02892.01,,FALSE POSITIVE,10.63609504,3.48,290.6,1.36,728.0,66.5,20.9,0.029,5546.0,4.575,0.81
6937402,K02894.01,Kepler-1380 b,CONFIRMED,10.3108232,5.617,204.0,1.27,786.0,90.1,14.0,0.129,5708.0,4.521,0.893
5475641,K02895.01,,FALSE POSITIVE,1.069842837,5.275,540.3,1.77,1433.0,998.07,65.2,0.001,4999.0,4.523,0.786
2853828,K02896.01,,FALSE POSITIVE,1.077467951,2.1125,75.7,31.06,2339.0,7064.38,47.4,1.181,6329.0,4.137,1.508
4035667,K02684.01,,FALSE POSITIVE,2.8736467,1.682,215.7,6.47,2866.0,15977.28,21.2,0.985,8173.0,3.744,3.169
9612825,K02685.01,,FALSE POSITIVE,2.846517614,4.228,2154.4,1.88,528.0,18.32,58.0,0.931,3468.0,4.931,0.32
7826659,K02686.01,Kepler-1868 b,CONFIRMED,211.032819,7.119,1953.4,3.43,215.0,0.5,69.3,0.808,4658.0,4.632,0.686
7202957,K02687.01,Kepler-1869 c,CONFIRMED,1.716828304,2.068,59.5,0.74,1455.0,1056.84,14.2,0.7,5808.0,4.522,0.902
5513893,K02741.01,,FALSE POSITIVE,0.755103143,2.885,43.8,1.49,2927.0,17302.11,27.3,0.662,5996.0,3.87,2.128
10514430,K00263.01,,FALSE POSITIVE,20.71927223,4.0388,224.6,2.51,818.0,105.78,36.0,0.744,5729.0,4.058,1.545
8095441,K02743.01,Kepler-1332 b,CONFIRMED,11.87457664,1.9797,220.7,1.32,728.0,66.33,21.4,0.432,5523.0,4.506,0.88
5881813,K02744.01,Kepler-1333 b,CONFIRMED,109.6469948,6.568,899.7,4.85,428.0,7.95,26.7,0.797,5332.0,4.083,1.453
12456601,K02745.01,Kepler-1334 b,CONFIRMED,15.64588656,3.959,572.1,2.18,710.0,60.08,26.9,0.033,5896.0,4.518,0.916
10341917,K02823.01,,FALSE POSITIVE,0.93375241,6.352,518.0,3.18,1594.0,1528.26,55.5,0.989,5402.0,4.581,0.815
3241604,K02824.01,,FALSE POSITIVE,1.70336496,1.7045,316.7,1.67,1484.0,1151.45,19.8,0.508,5881.0,4.516,0.915
9591070,K02825.01,,FALSE POSITIVE,0.764174368,2.346,100.2,1.18,2241.0,5972.52,34.5,0.626,6321.0,4.417,1.125
8227661,K02826.01,,FALSE POSITIVE,1.85373924,1.816,348.6,0.23,345.0,3.36,18.0,0.551,2661.0,5.283,0.116
7428736,K02827.01,Kepler-1358 b,CONFIRMED,7.06321927,2.411,207.2,1.21,827.0,110.22,12.6,0.56,5305.0,4.489,0.818
5817986,K02897.01,,FALSE POSITIVE,0.584310213,2.1801,809.4,23.09,2053.0,4190.91,91.9,1.209,5783.0,4.539,0.88
11129258,K02898.01,Kepler-1381 b,CONFIRMED,25.384175,3.576,594.0,2.44,649.0,42.01,15.8,0.245,6137.0,4.471,0.994
10586004,K00275.01,Kepler-129 b,CONFIRMED,15.79196594,7.2772,203.1,2.4,910.0,161.97,77.3,0.032,5758.0,4.072,1.704
7202957,K02687.02,Kepler-1869 b,CONFIRMED,8.16733851,3.337,104.9,1.03,865.0,132.43,14.8,0.801,5808.0,4.522,0.902
6521045,K00041.01,Kepler-100 c,CONFIRMED,12.81590421,6.3856,220.5,2.26,939.0,183.68,106.7,0.58,5788.0,4.122,1.474
5790807,K00259.01,,FALSE POSITIVE,79.99623328,6.3339,24383.5,40.73,717.0,62.49,721.9,0.594,6796.0,3.88,2.49
8892303,K02688.01,Kepler-1314 b,CONFIRMED,5.424749327,1.139,7680.0,5.15,625.0,36.05,78.0,0.016,4137.0,4.658,0.591
5369827,K02690.01,Kepler-1870 b,CONFIRMED,3.606940379,1.0418,432.3,2.04,1046.0,283.23,20.8,0.857,5508.0,4.569,0.84
5302643,K02746.01,,FALSE POSITIVE,69.2002312,5.679,2271.5,45.24,585.0,27.66,30.0,1.276,7044.0,4.337,1.267
6586746,K02747.01,Kepler-1335 b,CONFIRMED,6.26404774,2.39,378.7,1.55,809.0,101.27,20.1,0.232,5032.0,4.511,0.817
9962455,K02748.01,Kepler-1336 b,CONFIRMED,23.1985852,9.821,224.7,2.61,793.0,93.34,28.2,0.305,5416.0,3.951,1.756
9962455,K02748.02,Kepler-1336 c,CONFIRMED,5.77721259,2.462,134.3,2.17,1260.0,596.37,17.7,0.692,5416.0,3.951,1.756
8687088,K02749.01,,FALSE POSITIVE,0.905037231,1.4351,37.5,1.1,2627.0,11199.46,29.0,0.323,6223.0,4.01,1.763
6436029,K02828.01,Kepler-1359 b,CONFIRMED,59.4969009,5.404,1262.1,2.92,369.0,4.36,23.2,0.406,4817.0,4.499,0.833
6197215,K02829.01,Kepler-1879 b,CONFIRMED,10.61345333,0.9829,150.2,1.77,987.0,224.63,20.0,0.535,5865.0,4.163,1.388
9451706,K00271.01,Kepler-127 d,CONFIRMED,48.6303805,7.0805,339.8,2.48,590.0,28.6,53.9,0.034,6075.0,4.264,1.352
9244508,K02830.01,Kepler-1360 b,CONFIRMED,40.5289885,10.604,360.7,5.92,933.0,178.81,35.3,0.325,6443.0,3.74,3.086
9692557,K02831.01,,FALSE POSITIVE,0.571940563,0.9031,54.3,1.88,3320.0,28727.59,22.8,0.792,5827.0,3.74,2.286
9366886,K02901.01,,FALSE POSITIVE,0.633514386,1.2792,179.1,0.81,1357.0,807.27,22.3,0.231,4330.0,4.64,0.618
3657176,K02903.01,,FALSE POSITIVE,17.4166143,2.445,314.2,1.84,723.0,64.73,13.1,0.489,5946.0,4.444,1.017
3969687,K02904.01,Kepler-1382 b,CONFIRMED,16.3583482,9.858,116.4,2.23,959.0,200.1,30.0,0.887,6133.0,4.084,1.765
9369366,K02905.01,,FALSE POSITIVE,36.0054414,3.262,117.5,3.33,1024.0,259.71,14.6,0.745,7048.0,3.797,2.838
6716545,K02906.01,Kepler-1383 b,CONFIRMED,13.9093544,6.765,86.8,1.33,928.0,175.14,15.6,0.132,6052.0,4.183,1.424
2989706,K02692.01,,FALSE POSITIVE,1.257689465,0.8399,945.6,2.45,1513.0,1244.66,45.6,0.197,5676.0,4.571,0.787
5185897,K02693.01,Kepler-398 b,CONFIRMED,4.081411554,2.3239,171.9,1.0,755.0,77.0,36.9,0.876,4498.0,4.661,0.635
5185897,K02693.02,Kepler-398 c,CONFIRMED,11.41941928,3.3075,150.5,0.99,536.0,19.47,22.9,0.918,4498.0,4.661,0.635
5185897,K02693.03,Kepler-398 d,CONFIRMED,6.83440674,2.2726,177.1,1.01,636.0,38.68,29.1,0.871,4498.0,4.661,0.635
9881077,K02751.01,Kepler-1337 b,CONFIRMED,24.4004378,2.987,860.5,2.47,437.0,8.64,20.2,0.909,4583.0,4.606,0.674
3097346,K00264.01,,FALSE POSITIVE,4.029810359,3.3316,111.1,1.77,1479.0,1132.21,62.8,0.45,5929.0,4.055,1.651
5717567,K02752.01,,FALSE POSITIVE,1.287622419,0.821,36.5,0.87,1957.0,3450.59,16.9,0.819,6170.0,4.308,1.274
6265792,K02753.01,Kepler-1338 b,CONFIRMED,0.935115863,1.6172,64.8,1.05,2124.0,4811.82,21.6,0.243,5874.0,4.252,1.297
9995402,K02832.01,Kepler-1361 b,CONFIRMED,3.57551429,2.364,92.8,0.89,1061.0,299.19,16.6,0.462,5213.0,4.434,0.917
5609593,K02834.01,Kepler-1362 b,CONFIRMED,136.205112,5.568,1209.3,2.35,248.0,0.89,20.0,0.49,4648.0,4.631,0.675
5436338,K02835.01,Kepler-1880 b,CONFIRMED,6.30922043,1.3251,691.2,1.37,606.0,31.73,22.5,0.118,4380.0,4.71,0.53
11414465,K02836.01,Kepler-1363 b,CONFIRMED,2.94194296,2.056,278.0,1.22,988.0,225.15,18.2,0.03,4901.0,4.544,0.758
2708885,K02907.01,,FALSE POSITIVE,1.146934644,1.7247,256.2,1.39,1554.0,1382.04,19.7,0.405,5423.0,4.502,0.862
6612284,K02908.01,,FALSE POSITIVE,1.245353252,2.152,224.2,1.48,1704.0,1996.55,20.3,0.528,5982.0,4.493,0.96
10586004,K00275.02,Kepler-129 c,CONFIRMED,82.2001239,10.627,233.9,2.57,525.0,17.96,47.9,0.001,5758.0,4.072,1.704
4483138,K02910.01,Kepler-1384 b,CONFIRMED,15.3626052,3.736,468.3,1.8,608.0,32.23,19.7,0.25,5011.0,4.484,0.851
9475552,K02694.01,Kepler-1315 b,CONFIRMED,0.843379985,1.4474,343.3,1.7,1541.0,1329.99,53.6,0.696,4818.0,4.481,0.856
9475552,K02694.02,Kepler-1315 c,CONFIRMED,6.56606941,1.8455,402.4,1.83,777.0,86.27,25.8,0.687,4818.0,4.481,0.856
8292840,K00260.01,Kepler-126 b,CONFIRMED,10.49566303,4.7356,106.1,1.34,1009.0,244.59,48.7,0.16,6214.0,4.238,1.297
10905911,K02754.01,Kepler-1339 b,CONFIRMED,1.34155642,1.6462,58.2,0.74,1642.0,1715.26,23.7,0.259,5779.0,4.44,0.97
3545135,K02755.01,Kepler-1689 b,CONFIRMED,8.48299282,2.505,69.1,0.8,879.0,141.04,21.3,0.564,5827.0,4.471,0.933
6964929,K02756.01,Kepler-1340 b,CONFIRMED,0.665025941,1.7542,104.7,1.11,2174.0,5246.66,26.5,0.448,5884.0,4.408,1.07
6432345,K02757.01,Kepler-1690 b,CONFIRMED,234.635652,6.965,868.5,2.56,267.0,1.2,26.7,0.025,5422.0,4.481,0.885
11565924,K02837.01,Kepler-1364 b,CONFIRMED,13.32191461,6.213,133.5,2.88,1299.0,672.06,24.3,0.784,6995.0,3.925,2.274
6607357,K02838.01,Kepler-1365 b,CONFIRMED,7.69994466,4.432,70.9,0.92,969.0,208.61,17.4,0.018,5727.0,4.328,1.104
6607357,K02838.02,Kepler-1365 c,CONFIRMED,4.77466043,3.804,54.3,0.81,1137.0,395.06,15.5,0.03,5727.0,4.328,1.104
9451706,K00271.02,Kepler-127 c,CONFIRMED,29.39337161,7.0445,327.0,2.5,698.0,55.98,69.7,0.512,6075.0,4.264,1.352
6186964,K02839.01,Kepler-1366 b,CONFIRMED,2.164570593,1.2862,525.1,1.27,783.0,88.91,19.8,0.338,3941.0,4.713,0.554
5471202,K02911.01,,FALSE POSITIVE,12.4258343,28.1171,449.4,2.75,830.0,111.92,72.0,0.967,6185.0,4.472,0.991
9640439,K02912.01,,FALSE POSITIVE,0.873227249,0.7948,221.8,1.68,2152.0,5053.02,21.9,0.14,6341.0,4.409,1.111
9693006,K02913.01,Kepler-1385 b,CONFIRMED,2.88878583,2.977,40.9,0.84,1423.0,969.05,17.2,0.242,5696.0,4.247,1.331
6627507,K02697.01,,FALSE POSITIVE,7.37453336,3.745,304.4,87.08,1654.0,1770.84,33.1,1.139,5028.0,3.289,4.991
5128673,K02698.01,Kepler-1316 b,CONFIRMED,87.9724227,14.638,866.7,3.39,446.0,9.37,64.6,0.015,5837.0,4.305,1.159
6690836,K02699.01,Kepler-1317 b,CONFIRMED,0.568874717,1.2177,378.4,1.49,1796.0,2473.19,50.4,0.05,5223.0,4.593,0.78
5481148,K02701.01,,FALSE POSITIVE,22.023514,1.932,1670.0,4.79,639.0,39.45,10.2,0.934,5860.0,4.489,0.936
7877978,K02760.01,Kepler-1874 b,CONFIRMED,56.5732318,4.188,688.5,2.69,356.0,3.79,21.6,0.942,4701.0,4.54,0.775
7903086,K02761.01,,FALSE POSITIVE,1.846861455,1.6605,648.6,2.23,1337.0,753.4,35.9,0.48,5591.0,4.559,0.86
12024120,K00265.01,Kepler-507 b,CONFIRMED,3.568099612,3.2131,98.4,1.36,1407.0,926.89,52.5,0.531,6007.0,4.232,1.334
8210018,K02762.01,Kepler-1341 b,CONFIRMED,132.9955503,7.436,1275.4,2.51,241.0,0.8,29.3,0.703,4523.0,4.636,0.659
3642289,K00301.01,Kepler-135 b,CONFIRMED,6.002548291,4.1628,202.0,2.33,1209.0,504.79,71.6,0.914,6204.0,4.269,1.36
3642289,K00301.02,Kepler-135 c,CONFIRMED,11.44865823,4.953,75.2,1.32,975.0,213.39,21.9,0.824,6204.0,4.269,1.36
3662838,K00302.01,Kepler-516 b,CONFIRMED,24.85466504,9.182,776.2,7.61,1095.0,339.33,88.0,0.746,6967.0,3.864,2.527
5966322,K00303.01,Kepler-517 b,CONFIRMED,60.92818866,6.3336,755.6,2.78,467.0,11.28,120.1,0.009,5638.0,4.359,1.023
6029239,K00304.01,Kepler-518 b,CONFIRMED,8.512037736,2.1861,597.8,2.14,839.0,117.11,102.2,0.005,5767.0,4.538,0.881
12106929,K00359.01,,FALSE POSITIVE,5.93720557,4.882,371.4,1.84,894.0,150.81,59.9,0.976,5857.0,4.633,0.712
12107021,K00360.01,,FALSE POSITIVE,5.93719982,3.95,175.6,1.47,1059.0,297.14,37.0,0.748,6102.0,4.457,1.026
8248939,K00061.01,,FALSE POSITIVE,1.63345402,3.817,359.0,24.87,1750.0,2211.18,7.4,1.19,6283.0,4.372,1.091
12404954,K00361.01,Kepler-537 b,CONFIRMED,3.247548814,2.5146,209.7,1.41,1181.0,460.67,51.6,0.31,5703.0,4.498,0.975
1571511,K00362.01,,FALSE POSITIVE,14.022451457,8.08619,20082.9,14.93,810.0,101.92,2707.7,0.189,6061.0,4.401,1.05
2438070,K00363.01,,FALSE POSITIVE,2.442945167,4.0145,677.9,38.29,1587.0,1499.89,102.8,1.217,5657.0,4.121,1.428
3747262,K03005.01,,FALSE POSITIVE,1.312459403,1.459,36.9,1.65,2824.0,15018.33,13.9,0.732,6543.0,3.782,2.507
9070666,K03008.01,Kepler-1408 b,CONFIRMED,2.99792926,4.398,45.4,1.12,1616.0,1611.51,16.0,0.403,5888.0,4.061,1.645
3642335,K03010.01,Kepler-1410 b,CONFIRMED,60.8660974,4.397,714.3,1.39,244.0,0.84,15.4,0.004,3808.0,4.734,0.522
3328052,K03011.01,,FALSE POSITIVE,2.11547854,3.665,222.9,1.66,1521.0,1264.56,21.6,0.755,6208.0,4.454,1.024
9119568,K03087.01,,FALSE POSITIVE,5.54867998,4.665,68.9,0.68,882.0,143.26,15.4,0.095,5258.0,4.514,0.835
9119568,K03087.02,,FALSE POSITIVE,1.22174063,7.443,32.2,0.46,1461.0,1081.5,19.4,0.004,5258.0,4.514,0.835
9020114,K03088.01,Kepler-1901 b,CONFIRMED,3.48412874,1.422,161.6,1.16,1132.0,389.41,13.3,0.106,5696.0,4.519,0.921
6196457,K00285.01,Kepler-92 b,CONFIRMED,13.74883059,6.0968,425.9,3.63,975.0,213.84,167.6,0.658,5862.0,4.05,1.67
6063220,K00305.01,Kepler-99 b,CONFIRMED,4.603575293,2.3499,440.4,1.51,810.0,101.65,79.7,0.246,4783.0,4.602,0.741
6071903,K00306.01,Kepler-519 b,CONFIRMED,24.30784323,2.6054,677.1,2.14,532.0,18.87,35.6,0.425,5313.0,4.571,0.82
6289257,K00307.01,Kepler-520 b,CONFIRMED,19.67409703,3.7535,204.9,1.78,711.0,60.37,39.0,0.914,6023.0,4.423,1.031
10905239,K00046.01,Kepler-101 b,CONFIRMED,3.487688776,3.83661,1298.8,5.64,1445.0,1033.07,350.6,0.026,5576.0,4.065,1.593
11623629,K00365.01,Kepler-538 b,CONFIRMED,81.737872,6.6923,628.8,2.16,385.0,5.2,135.4,0.02,5559.0,4.502,0.873
4815520,K00367.01,Kepler-1656 b,CONFIRMED,31.578651216,2.12791,2125.4,4.52,570.0,24.94,324.3,0.04,5733.0,4.442,0.99
6603043,K00368.01,,FALSE POSITIVE,110.32167272,13.3624,7296.6,18.6,761.0,79.11,2217.1,0.715,9244.0,4.159,2.025
7175184,K00369.01,Kepler-144 b,CONFIRMED,5.88527364,1.9531,112.7,1.59,1253.0,583.47,27.4,0.622,6070.0,4.157,1.431
7109851,K03012.01,,FALSE POSITIVE,1.086486129,0.8383,66.0,1.69,2539.0,9816.28,20.2,0.524,5911.0,3.861,2.0
7347246,K03014.01,Kepler-1411 b,CONFIRMED,86.1160885,6.058,875.2,3.11,441.0,8.93,17.8,0.016,6161.0,4.454,1.053
11403530,K03015.01,Kepler-1412 b,CONFIRMED,3.61460332,3.227,43.9,0.9,1397.0,900.38,15.4,0.026,5799.0,4.161,1.375
5088536,K00282.02,Kepler-130 b,CONFIRMED,8.45744892,3.2893,77.4,1.02,982.0,220.05,31.0,0.494,5903.0,4.304,1.137
6609270,K03090.01,Kepler-1902 b,CONFIRMED,3.82223397,1.924,362.7,1.05,601.0,30.84,15.9,0.725,3729.0,4.733,0.514
12406807,K03091.01,Kepler-1903 b,CONFIRMED,17.067644,6.026,262.4,1.62,769.0,82.56,13.5,0.106,6347.0,4.464,0.996
8046689,K03092.01,,FALSE POSITIVE,5.78542702,2.271,256.2,1.91,1212.0,510.79,15.4,0.163,6555.0,4.374,1.178
5096590,K03093.01,Kepler-1424 b,CONFIRMED,29.6099055,7.433,120.1,1.74,629.0,37.12,14.3,0.984,5812.0,4.329,1.122
9650989,K03095.01,Kepler-1905 b,CONFIRMED,3.42390809,1.773,153.1,1.25,1212.0,508.75,13.1,0.213,5788.0,4.442,1.015
6289257,K00307.02,Kepler-520 c,CONFIRMED,5.21104597,3.3447,102.7,1.18,1107.0,354.82,36.9,0.833,6023.0,4.423,1.031
6291837,K00308.01,Kepler-1715 b,CONFIRMED,35.5969684,6.691,684.5,3.72,646.0,41.06,52.5,0.895,6212.0,4.309,1.209
7024222,K00309.01,,FALSE POSITIVE,1.633107509,1.491,60.8,0.53,1083.0,324.97,21.7,0.35,4579.0,4.596,0.684
7024511,K00311.01,,FALSE POSITIVE,66.1544958,6.945,1972.0,3.33,315.0,2.33,42.7,0.8526,4679.0,4.627,0.643
7050989,K00312.01,Kepler-136 b,CONFIRMED,11.57890926,2.7207,243.4,2.06,951.0,193.48,54.8,0.359,6156.0,4.284,1.303
7175184,K00369.02,Kepler-144 c,CONFIRMED,10.10463142,2.369,114.6,1.59,1046.0,283.38,24.1,0.571,6070.0,4.157,1.431
8494142,K00370.01,Kepler-145 c,CONFIRMED,42.88247951,9.7471,408.9,3.61,709.0,59.6,112.2,0.391,6143.0,4.039,1.763
11554435,K00063.01,Kepler-63 b,CONFIRMED,9.43414171,2.8112,3977.0,5.73,791.0,92.39,40.2,0.538,5578.0,4.518,0.886
8494142,K00370.02,Kepler-145 b,CONFIRMED,22.95062278,4.4814,129.8,2.17,873.0,137.23,32.9,0.748,6143.0,4.039,1.763
5652983,K00371.01,,FALSE POSITIVE,498.391282,6.135,1590.0,17.14,339.0,3.11,49.7,0.959,5134.0,3.611,3.107
6471021,K00372.01,Kepler-539 b,CONFIRMED,125.6291479,9.108,7841.6,10.02,388.0,5.35,150.4,0.471,5819.0,4.334,1.111
7906671,K03018.01,,FALSE POSITIVE,45.1178526,3.737,389.2,2.78,517.0,16.87,17.3,0.97,5585.0,4.339,1.038
8709688,K03019.01,Kepler-1893 b,CONFIRMED,4.17939037,2.647,172.8,1.52,1194.0,478.98,16.1,0.317,5633.0,4.296,1.162
3348285,K03021.01,,FALSE POSITIVE,0.803835923,1.397,52.6,0.78,2129.0,4863.18,12.4,0.447,6242.0,4.442,1.047
11618601,K03022.01,Kepler-1894 b,CONFIRMED,2.76263737,1.821,185.0,1.25,1231.0,544.05,14.1,0.46,5772.0,4.528,0.901
7582689,K03097.01,Kepler-431 d,CONFIRMED,11.9216035,5.009,43.2,0.87,851.0,123.89,15.1,0.929,6006.0,4.403,1.082
7582689,K03097.02,Kepler-431 b,CONFIRMED,6.80257947,4.608,32.7,0.73,1026.0,262.26,14.7,0.889,6006.0,4.403,1.082
7582689,K03097.03,Kepler-431 c,CONFIRMED,8.70312154,4.807,32.0,0.72,945.0,188.7,13.0,0.886,6006.0,4.403,1.082
9959589,K03098.01,,FALSE POSITIVE,1.332557603,6.043,225.3,19.88,1703.0,1983.27,28.1,1.174,6091.0,4.487,0.967
9025922,K00043.01,,FALSE POSITIVE,11.32029599,4.5866,4303.5,8.02,811.0,102.12,85.0,0.914,5780.0,4.438,1.0
6196457,K00285.02,Kepler-92 c,CONFIRMED,26.723169,8.501,195.0,2.31,781.0,88.1,67.5,0.035,5862.0,4.05,1.67
7050989,K00312.02,Kepler-136 c,CONFIRMED,16.39926461,3.4108,220.8,1.94,847.0,121.53,46.4,0.115,6156.0,4.284,1.303
7419318,K00313.01,Kepler-137 c,CONFIRMED,18.73577127,3.0356,567.2,2.1,568.0,24.66,81.8,0.785,5188.0,4.547,0.795
7419318,K00313.02,Kepler-137 b,CONFIRMED,8.43639829,3.2451,345.5,1.5,742.0,71.51,76.8,0.51,5188.0,4.547,0.795
7603200,K00314.01,Kepler-138 c,CONFIRMED,13.78109471,2.3188,756.0,1.42,402.0,6.17,112.8,0.545,3846.0,4.738,0.503
7603200,K00314.02,Kepler-138 d,CONFIRMED,23.08902241,1.7012,598.3,1.24,338.0,3.1,57.4,0.32,3846.0,4.738,0.503
10905239,K00046.02,Kepler-101 c,CONFIRMED,6.02977241,3.961,54.6,1.18,1204.0,496.46,11.5,0.379,5576.0,4.065,1.593
7364176,K00373.01,Kepler-1718 b,CONFIRMED,135.1879934,8.8191,663.4,2.32,345.0,3.33,85.8,0.023,5731.0,4.451,0.906
8686097,K00374.01,Kepler-540 b,CONFIRMED,172.7046083,11.347,659.1,2.85,355.0,3.77,92.9,0.004,5851.0,4.302,1.116
12356617,K00375.01,Kepler-1704 b,CONFIRMED,988.8811177,5.9504,5060.0,10.81,223.0,0.58,136.4,0.1667,5755.0,4.101,1.549
12643589,K00376.01,,FALSE POSITIVE,44.14599042,3.4015,4467.8,121.48,624.0,35.87,99.6,1.902,6692.0,4.383,1.152
12643589,K00376.02,,FALSE POSITIVE,1.411627439,1.0814,515.2,2.99,1966.0,3523.63,53.1,0.853,6692.0,4.383,1.152
3323887,K00377.01,Kepler-9 b,CONFIRMED,19.270825843,4.1281,6660.5,7.74,661.0,45.05,577.1,0.169,5779.0,4.491,0.956
11618601,K03022.02,Kepler-1894 c,CONFIRMED,5.05368985,2.514,171.5,1.21,1007.0,243.06,11.5,0.53,5772.0,4.528,0.901
7732285,K03023.01,,FALSE POSITIVE,4.39049637,3.0112,113.5,2.07,1637.0,1701.16,31.1,0.389,6429.0,3.989,1.908
9716391,K03025.01,Kepler-1413 b,CONFIRMED,13.1829329,3.594,518.0,1.84,661.0,45.19,13.8,0.016,5382.0,4.571,0.827
6929841,K03026.01,Kepler-1414 b,CONFIRMED,3.51575492,1.381,237.4,1.35,1033.0,269.57,15.2,0.061,5094.0,4.45,0.901
5088536,K00282.03,Kepler-130 d,CONFIRMED,87.5177787,2.55,136.5,1.85,451.0,9.76,12.2,0.983,5903.0,4.304,1.137
5124254,K03099.01,,FALSE POSITIVE,14.0498182,2.907,472.0,1.45,480.0,12.56,14.5,0.569,4228.0,4.618,0.652
11508644,K03101.01,Kepler-1426 b,CONFIRMED,14.2563272,4.796,206.1,1.73,797.0,95.22,14.3,0.894,6140.0,4.455,1.027
8895758,K03106.01,Kepler-1427 b,CONFIRMED,0.968980781,1.517,118.5,1.08,1844.0,2730.51,12.8,0.065,5866.0,4.473,1.0
10031500,K03107.01,,FALSE POSITIVE,8.589562,9.885,245.4,15.95,891.0,148.61,14.0,1.138,5766.0,4.404,0.945
7603200,K00314.03,Kepler-138 b,CONFIRMED,10.31282204,2.0138,137.6,0.59,443.0,9.07,22.0,0.061,3846.0,4.738,0.503
7700622,K00315.01,Kepler-1716 b,CONFIRMED,35.58349688,3.9885,937.6,2.03,408.0,6.54,90.8,0.001,4894.0,4.637,0.684
8008067,K00316.01,Kepler-139 b,CONFIRMED,15.77111067,5.0574,547.1,2.62,752.0,75.61,123.2,0.009,5620.0,4.333,1.143
8008067,K00316.02,Kepler-139 c,CONFIRMED,157.0659976,8.1289,551.4,2.63,350.0,3.53,50.9,0.004,5620.0,4.333,1.143
8008067,K00316.03,Kepler-139 d,CONFIRMED,7.305706326,1.4228,264.9,2.11,972.0,210.72,43.6,0.826,5620.0,4.333,1.143
3323887,K00377.02,Kepler-9 c,CONFIRMED,38.90787517,4.5271,6159.1,7.98,523.0,17.66,366.1,0.6883,5779.0,4.491,0.956
3323887,K00377.03,Kepler-9 d,CONFIRMED,1.59295975,1.9313,248.3,1.48,1517.0,1251.43,48.9,0.0779,5779.0,4.491,0.956
2449074,K00378.01,,FALSE POSITIVE,4.94402197,4.062,363.3,32.92,1419.0,958.29,33.0,1.157,6013.0,4.035,1.7
2446113,K00379.01,,FALSE POSITIVE,6.71725648,2.5207,272.7,2.78,1264.0,603.71,49.1,0.163,6078.0,4.094,1.683
11137180,K03027.01,Kepler-1895 b,CONFIRMED,6.07032548,1.341,311.6,1.36,789.0,91.45,11.9,0.454,5076.0,4.598,0.763
9838804,K03028.01,,FALSE POSITIVE,1.33256952,2.915,163.5,1.06,1461.0,1076.99,16.5,0.463,5547.0,4.571,0.82
5524881,K03030.01,,FALSE POSITIVE,7.19552624,4.095,214.6,1.67,1037.0,273.05,15.6,0.593,6242.0,4.432,1.093
3756264,K03108.01,Kepler-1906 b,CONFIRMED,7.36272124,1.3287,429.3,1.86,901.0,155.72,17.8,0.253,5868.0,4.53,0.894
11572193,K03109.01,Kepler-1428 b,CONFIRMED,10.6761592,4.594,151.0,1.79,1049.0,285.79,14.1,0.403,6460.0,4.267,1.434
11285870,K03110.01,Kepler-1429 b,CONFIRMED,4.48494315,2.752,134.9,1.23,1199.0,488.22,12.4,0.3,6217.0,4.437,1.051
6196457,K00285.03,Kepler-92 d,CONFIRMED,49.3567907,10.954,130.2,1.91,637.0,38.86,35.0,0.277,5862.0,4.05,1.67
8121310,K00317.01,Kepler-521 b,CONFIRMED,22.20809549,7.3327,463.2,3.02,803.0,98.36,92.7,0.017,6336.0,4.266,1.403
8156120,K00318.01,Kepler-522 b,CONFIRMED,38.5833679,12.391,1388.2,8.56,761.0,79.08,46.1,0.905,6273.0,4.04,1.927
8684730,K00319.01,Kepler-2004 b,CONFIRMED,46.15119482,6.3427,1817.3,10.02,703.0,57.8,286.0,0.904,5877.0,3.927,1.963
8700558,K00320.01,,FALSE POSITIVE,4.79179893,2.9283,123.9,26.26,1249.0,575.43,46.3,1.209,6499.0,4.408,1.103
8753657,K00321.01,Kepler-406 b,CONFIRMED,2.426304127,2.6624,185.4,1.41,1302.0,679.12,97.0,0.694,5678.0,4.484,0.97
3847708,K00389.01,,FALSE POSITIVE,3.741231778,2.469,419.0,1.55,951.0,193.55,66.6,0.25,5206.0,4.598,0.767
3849155,K00390.01,,FALSE POSITIVE,1.168310132,1.31,283.3,1.43,1577.0,1469.16,64.7,0.107,5509.0,4.487,0.857
3858804,K00391.01,,FALSE POSITIVE,25.9525478,21.328,478.4,74.69,865.0,132.4,57.0,1.228,5211.0,3.715,2.721
3942670,K00392.01,Kepler-147 c,CONFIRMED,33.4160553,8.605,275.8,2.98,689.0,53.18,29.3,0.947,6007.0,4.178,1.42
3942670,K00392.02,Kepler-147 b,CONFIRMED,12.6119685,6.372,76.5,1.33,953.0,194.9,12.2,0.709,6007.0,4.178,1.42
10585738,K03032.01,Kepler-1415 b,CONFIRMED,0.636424848,0.947,217.9,1.31,1846.0,2754.93,18.1,0.319,5343.0,4.538,0.885
7186665,K03033.01,,FALSE POSITIVE,8.55935323,4.303,148.8,1.21,921.0,169.77,20.4,0.744,6115.0,4.462,0.919
7676423,K03113.01,Kepler-1430 b,CONFIRMED,2.46050095,1.861,276.8,1.03,969.0,208.54,16.7,0.052,4811.0,4.626,0.634
11714231,K03115.01,Kepler-1431 b,CONFIRMED,5.8660127,3.985,183.0,1.45,1064.0,302.77,16.8,0.539,6020.0,4.427,1.04
11720424,K03116.01,Kepler-1432 b,CONFIRMED,23.9107056,4.996,294.0,1.91,709.0,59.76,12.9,0.398,6338.0,4.418,1.091
7837302,K00048.01,,FALSE POSITIVE,23.836808884,6.02854,29684.7,59.31,919.0,168.28,2793.4,1.008,6095.0,3.894,1.94
8753657,K00321.02,Kepler-406 c,CONFIRMED,4.62334491,3.0189,62.0,0.77,1050.0,287.25,25.2,0.388,5678.0,4.484,0.97
8948424,K00322.01,,FALSE POSITIVE,5.888835386,3.7988,19466.0,584.67,1008.0,243.87,208.2,6.217,5780.0,4.438,1.0
9139084,K00323.01,Kepler-523 b,CONFIRMED,5.83599485,2.062,553.3,1.92,884.0,144.5,11.2,0.129,5423.0,4.542,0.828
9641041,K00324.01,,FALSE POSITIVE,1.089077863,2.4676,133.6,1.96,2359.0,7312.11,104.8,0.778,6280.0,4.098,1.551
9724984,K00325.01,,FALSE POSITIVE,7.86335883,3.4303,467.3,7.84,1195.0,482.18,74.3,0.995,5731.0,4.005,1.913
2452450,K00380.01,,FALSE POSITIVE,8.0970583,5.699,680.7,4.83,1203.0,495.31,76.4,0.959,6573.0,4.2,1.455
3230578,K00381.01,,FALSE POSITIVE,6.337614357,1.742,1807.4,9.57,1351.0,787.89,132.7,0.972,6581.0,4.138,1.536
3231137,K00382.01,,FALSE POSITIVE,3.900140077,3.77,543.1,23.78,1253.0,582.32,53.6,1.205,6407.0,4.48,0.955
3353050,K00384.01,Kepler-541 b,CONFIRMED,5.0800579,5.207,222.8,3.95,1673.0,1851.94,56.7,0.636,6049.0,3.769,2.52
3446746,K00385.01,Kepler-542 b,CONFIRMED,13.14496741,3.6399,300.8,1.59,698.0,56.15,44.1,0.591,5411.0,4.477,0.888
5695396,K00283.01,Kepler-131 b,CONFIRMED,16.09196369,2.8943,415.8,2.13,718.0,62.74,84.9,0.546,5680.0,4.414,1.016
5217891,K03036.01,,FALSE POSITIVE,161.239891,24.472,1075.4,3.48,294.0,1.77,23.0,0.946,5514.0,4.569,0.826
8051946,K03038.01,Kepler-1416 b,CONFIRMED,1.4951513,3.43,52.0,1.44,1870.0,2880.38,14.2,0.974,5635.0,4.117,1.452
5445681,K03039.01,Kepler-1417 b,CONFIRMED,20.3504704,7.225,101.8,1.01,695.0,55.07,16.6,0.192,5952.0,4.41,1.002
11499192,K03120.01,Kepler-1433 b,CONFIRMED,4.13592927,2.377,156.2,1.43,1226.0,535.42,15.2,0.168,5886.0,4.345,1.152
12416661,K03122.01,Kepler-1434 b,CONFIRMED,8.05337912,5.382,38.3,1.28,1320.0,717.7,14.9,0.035,6231.0,3.976,2.062
8258171,K00286.01,,FALSE POSITIVE,23.6272223,7.9,154.6,3.84,1358.0,804.44,65.8,0.711,8308.0,3.861,2.879
9880467,K00326.01,,FALSE POSITIVE,8.97349999,3.1408,935.1,36.0,2262.0,6178.9,44.1,0.56,4751.0,2.52,11.536
9880467,K00326.02,,FALSE POSITIVE,108.546946,7.567,711.3,29.67,985.0,222.7,15.3,0.055,4751.0,2.52,11.536
9881662,K00327.01,Kepler-140 b,CONFIRMED,3.254277742,2.9903,159.9,1.38,1301.0,675.56,58.6,0.303,5945.0,4.402,1.089
9881662,K00327.02,Kepler-140 c,CONFIRMED,91.3514816,8.707,210.0,1.57,428.0,7.93,25.5,0.008,5945.0,4.402,1.089
9895004,K00328.01,,FALSE POSITIVE,2.250826647,1.536,534.4,30.03,1489.0,1161.8,104.3,1.221,5779.0,4.308,1.119
3656121,K00386.01,Kepler-146 b,CONFIRMED,31.1588249,5.1803,959.0,3.56,639.0,39.46,73.6,0.029,5951.0,4.319,1.155
10620329,K00066.01,,FALSE POSITIVE,0.436282594,1.3988,536.4,83.25,5187.0,170399.16,218.3,1.269,8491.0,3.853,2.622
3656121,K00386.02,Kepler-146 c,CONFIRMED,76.7324556,6.243,685.7,3.08,473.0,11.86,34.3,0.462,5951.0,4.319,1.155
3733628,K00387.01,Kepler-543 b,CONFIRMED,13.89963233,3.5791,1121.7,2.46,521.0,17.37,98.2,0.777,4538.0,4.607,0.663
3831053,K00388.01,Kepler-1719 b,CONFIRMED,6.14955931,5.5694,333.7,3.26,1287.0,649.26,87.3,0.368,5687.0,3.973,1.775
5092266,K03045.01,Kepler-1896 b,CONFIRMED,44.8702042,4.199,636.1,2.56,536.0,19.5,16.4,0.436,6122.0,4.471,0.996
4076976,K03124.01,,FALSE POSITIVE,4.8807805,9.4,79.0,0.48,706.0,58.98,15.9,0.581,4763.0,4.738,0.516
8751796,K03125.01,Kepler-1435 b,CONFIRMED,4.45342418,3.654,46.6,0.9,1331.0,740.51,16.3,0.569,6256.0,4.269,1.269
7097534,K03126.01,,FALSE POSITIVE,2.21396685,4.374,81.6,0.84,1418.0,952.61,19.1,0.017,5986.0,4.461,0.93
9907129,K03127.01,Kepler-1436 b,CONFIRMED,9.705693,7.702,140.8,2.07,1001.0,237.46,14.2,0.941,5808.0,4.178,1.385
9527334,K00049.01,Kepler-461 b,CONFIRMED,8.31377304,2.964,837.4,2.74,886.0,145.51,19.6,0.002,5900.0,4.509,0.951
10031885,K00329.01,,FALSE POSITIVE,8.58969597,8.471,245.1,20.8,882.0,143.02,45.9,1.197,6024.0,4.523,0.9
11361646,K00330.01,Kepler-524 b,CONFIRMED,7.97420583,5.3503,293.1,1.85,974.0,212.75,55.1,0.128,5973.0,4.386,1.081
11361646,K00330.02,Kepler-524 c,CONFIRMED,1.88899036,3.486,59.0,0.83,1574.0,1449.92,18.2,0.011,5973.0,4.386,1.081
10285631,K00331.01,Kepler-525 b,CONFIRMED,18.68405716,6.9329,381.5,3.64,832.0,113.34,54.2,0.858,5548.0,4.038,1.614
3964109,K00393.01,Kepler-544 b,CONFIRMED,21.41624083,7.081,314.5,2.09,748.0,74.2,42.7,0.081,6156.0,4.331,1.18
4159347,K00394.01,,FALSE POSITIVE,12.28351275,3.634,597.8,74.76,1342.0,765.56,23.4,1.224,6171.0,3.668,2.759
3544595,K00069.01,Kepler-93 b,CONFIRMED,4.72674037,2.9267,273.1,1.56,1028.0,264.08,287.8,0.657,5648.0,4.472,0.894
4165960,K00395.01,,FALSE POSITIVE,6.77449545,2.5416,481.9,29.41,1219.0,521.03,41.9,1.178,6517.0,4.265,1.342
4376644,K00397.01,,FALSE POSITIVE,27.677680103,2.1704,11545.0,14.41,618.0,34.55,431.6,0.933,6075.0,4.486,0.969
9301506,K03047.01,,FALSE POSITIVE,0.605223042,0.8986,232.3,1.14,1728.0,2099.47,20.7,0.109,5089.0,4.559,0.757
5695396,K00283.02,Kepler-131 c,CONFIRMED,25.5172744,4.735,66.8,0.83,615.0,33.91,13.5,0.322,5680.0,4.414,1.016
9714550,K03048.01,Kepler-1695 b,CONFIRMED,4.73292061,1.746,151.6,0.97,957.0,198.57,15.5,0.121,5595.0,4.581,0.796
6263593,K03049.01,Kepler-1418 b,CONFIRMED,22.4765952,3.437,481.4,1.21,419.0,7.27,13.3,0.176,4563.0,4.704,0.567
6964159,K03129.01,,FALSE POSITIVE,25.503628,3.913,204.4,1.61,586.0,27.85,13.3,0.953,5815.0,4.54,0.877
10252275,K03130.01,Kepler-1907 c,CONFIRMED,14.8638496,2.705,220.6,2.9,620.0,35.04,12.3,1.006,5159.0,4.508,0.8
10252275,K03130.02,Kepler-1907 b,CONFIRMED,5.65245733,2.062,121.0,1.05,856.0,127.1,11.7,0.889,5159.0,4.508,0.8
11455181,K03131.01,Kepler-1437 b,CONFIRMED,10.9294815,5.893,196.9,1.21,770.0,83.14,14.3,0.197,5792.0,4.547,0.864
10290666,K00332.01,Kepler-526 b,CONFIRMED,5.45849914,4.0448,255.9,1.91,1099.0,344.32,72.0,0.65,5914.0,4.396,1.135
10337258,K00333.01,Kepler-527 b,CONFIRMED,13.28536452,6.283,377.6,4.03,1157.0,423.65,26.8,0.774,6534.0,3.973,1.9
10383687,K00334.01,,FALSE POSITIVE,8.4879444,3.224,119.3,1.23,969.0,208.99,19.5,0.752,6134.0,4.396,1.039
10470206,K00335.01,,FALSE POSITIVE,46.56675437,7.831,801.1,5.25,708.0,59.34,111.3,0.87,6629.0,4.132,1.619
10518725,K00336.01,,FALSE POSITIVE,19.5148412,3.096,102.7,2.8,1200.0,489.75,13.1,0.742,7004.0,3.854,2.556
12314973,K00279.02,Kepler-450 c,CONFIRMED,15.4130812,6.6358,264.3,2.59,944.0,187.39,55.2,0.372,6206.0,4.159,1.573
5450893,K02970.01,Kepler-1890 b,CONFIRMED,4.82051088,3.588,40.9,1.08,1328.0,735.25,14.8,0.922,6046.0,4.158,1.396
5091016,K02973.01,,FALSE POSITIVE,5.76556718,3.138,213.3,1.66,1120.0,371.86,17.6,0.678,6218.0,4.404,1.072
8827575,K03052.02,Kepler-1992 b,CONFIRMED,15.6112238,3.873,113.5,0.91,637.0,38.99,15.7,0.468,5383.0,4.528,0.842
2716801,K03053.01,Kepler-1419 b,CONFIRMED,42.5217006,5.723,685.6,2.45,510.0,15.97,14.7,0.495,5911.0,4.519,0.914
7281454,K03055.01,,FALSE POSITIVE,0.566805887,5.2317,1.7,0.08,1554.0,1368.32,0.8,0.762,5000.0,4.708,0.549
7216284,K03056.01,Kepler-1420 b,CONFIRMED,6.69958851,2.831,253.7,1.24,806.0,99.83,13.6,0.0,5296.0,4.586,0.799
8703887,K00287.01,,FALSE POSITIVE,14.170972781,3.7316,13496.5,20.88,1288.0,650.07,308.1,0.579,8347.0,4.231,1.715
9899352,K03135.01,,FALSE POSITIVE,1.332562831,6.24,297.9,24.29,1532.0,1301.29,37.3,1.241,5718.0,4.549,0.863
6945786,K03136.01,Kepler-1909 b,CONFIRMED,2.39161966,1.906,189.2,0.93,1031.0,266.01,13.6,0.299,4935.0,4.589,0.685
5978170,K03140.01,Kepler-1910 b,CONFIRMED,5.68879083,2.55,241.5,0.99,645.0,40.88,13.8,0.39,4234.0,4.63,0.639
5440317,K03141.01,Kepler-1438 b,CONFIRMED,2.31941571,1.591,96.4,1.24,1490.0,1164.84,11.7,0.429,5624.0,4.256,1.248
10545066,K00337.01,Kepler-528 b,CONFIRMED,19.7830259,5.4898,373.2,2.1,708.0,59.39,41.8,0.015,5747.0,4.335,1.099
6056992,K00051.01,,FALSE POSITIVE,10.431146765,3.8853,29375.6,50.44,833.0,114.02,400.2,1.225,5780.0,4.438,1.0
10552611,K00338.01,Kepler-141 c,CONFIRMED,7.0106324,3.0688,327.3,1.5,738.0,70.32,48.7,0.683,4908.0,4.567,0.782
10552611,K00338.02,Kepler-141 b,CONFIRMED,3.10762684,2.361,77.2,0.73,968.0,207.72,15.6,0.7,4908.0,4.567,0.782
10587105,K00339.01,Kepler-529 b,CONFIRMED,1.980356674,2.4743,271.9,2.1,1662.0,1808.41,71.9,0.713,6078.0,4.29,1.189
10587105,K00339.02,Kepler-529 c,CONFIRMED,12.8344771,3.846,281.0,2.55,891.0,149.42,35.0,0.956,6078.0,4.29,1.189
6948480,K02975.01,,FALSE POSITIVE,175.329014,6.269,1059.1,27.03,327.0,2.69,16.7,1.231,6008.0,4.499,0.93
11090556,K02977.01,Kepler-1398 b,CONFIRMED,2.7881793,3.397,55.8,1.02,1510.0,1228.07,17.7,0.058,5758.0,4.168,1.385
11090556,K02977.02,Kepler-1398 c,CONFIRMED,4.13827684,3.449,63.8,1.13,1324.0,725.53,16.8,0.499,5758.0,4.168,1.385
10686814,K02978.01,,FALSE POSITIVE,2.61846258,3.505,275.3,1.03,843.0,119.68,18.7,0.013,4266.0,4.626,0.643
3234843,K03057.01,Kepler-405 c,CONFIRMED,29.72722,3.45,1010.2,3.02,557.0,22.7,19.4,0.744,5815.0,4.54,0.877
6021275,K00284.01,Kepler-132 d,CONFIRMED,18.01019956,3.516,177.7,1.93,758.0,77.99,43.4,0.966,5931.0,4.322,1.101
3234843,K03057.02,Kepler-405 b,CONFIRMED,10.61368712,3.498,559.8,2.06,785.0,89.65,18.9,0.024,5815.0,4.54,0.877
8192911,K03058.01,,FALSE POSITIVE,7.53887442,3.147,342.1,1.33,751.0,75.14,13.6,0.727,5318.0,4.601,0.667
10554967,K03059.01,,FALSE POSITIVE,0.53633519,1.0547,444.1,1.81,1974.0,3603.58,29.9,0.489,5508.0,4.569,0.84
5688790,K03144.01,Kepler-1439 b,CONFIRMED,8.07394097,2.455,1056.0,1.59,420.0,7.33,16.0,0.928,3675.0,4.869,0.398
1717722,K03145.01,Kepler-1977 b,CONFIRMED,4.53702121,1.813,504.4,1.66,798.0,95.61,15.7,0.706,4805.0,4.633,0.688
10908248,K03146.01,Kepler-1440 b,CONFIRMED,39.859505,7.987,155.5,1.62,597.0,29.97,13.9,0.398,5675.0,4.209,1.292
10616571,K00340.01,,FALSE POSITIVE,23.6731242,14.3948,23112.9,17.74,676.0,49.42,842.3,0.21,5769.0,4.338,1.177
10878263,K00341.01,Kepler-414 c,CONFIRMED,7.170710381,2.9225,863.3,2.73,890.0,148.09,89.3,0.188,5497.0,4.437,0.941
10878263,K00341.02,Kepler-414 b,CONFIRMED,4.699652821,2.553,351.4,1.74,1024.0,260.54,41.6,0.135,5497.0,4.437,0.941
10982872,K00343.01,Kepler-142 c,CONFIRMED,4.761705895,3.3061,497.1,2.75,1201.0,491.37,138.5,0.384,5794.0,4.263,1.225
10982872,K00343.02,Kepler-142 b,CONFIRMED,2.024143568,2.5273,239.4,1.94,1597.0,1535.09,88.4,0.513,5794.0,4.263,1.225
2720514,K02979.01,,FALSE POSITIVE,1.371288853,1.4528,66.2,1.15,1837.0,2695.6,16.9,0.953,6220.0,4.378,1.108
4141376,K00280.01,Kepler-1655 b,CONFIRMED,11.87290814,2.5342,332.7,2.25,863.0,131.55,84.7,0.904,6147.0,4.412,1.04
9468551,K02980.01,Kepler-1399 b,CONFIRMED,1.638652525,1.952,166.9,1.29,1610.0,1585.07,16.4,0.365,6119.0,4.472,0.981
9076971,K02981.01,Kepler-1400 b,CONFIRMED,9.06687613,3.381,367.2,1.9,725.0,65.52,14.6,0.928,5142.0,4.515,0.789
8360640,K02982.01,Kepler-1891 b,CONFIRMED,4.0223109,0.853,227.8,1.37,1017.0,253.28,11.0,0.741,5516.0,4.544,0.827
11019987,K03060.01,Kepler-1421 b,CONFIRMED,6.9131732,4.73,39.1,0.91,1209.0,505.0,12.5,0.264,6296.0,4.21,1.444
4857058,K03061.01,Kepler-1983 b,CONFIRMED,7.32851947,1.211,277.8,2.33,807.0,100.13,14.0,0.983,5135.0,4.464,0.874
10924562,K03063.01,Kepler-1422 b,CONFIRMED,18.6052046,6.829,242.5,1.94,833.0,113.88,13.1,0.093,6572.0,4.365,1.238
9899505,K03064.01,,FALSE POSITIVE,1.332562787,6.28,1111.9,29.1,1703.0,1983.27,125.2,1.24,6091.0,4.487,0.967
7534267,K03147.01,Kepler-1441 b,CONFIRMED,39.4420781,7.029,172.4,2.51,682.0,51.14,15.2,0.42,5430.0,3.923,1.902
9592705,K00288.01,Kepler-1714 b,CONFIRMED,10.27532513,6.3093,209.7,3.04,1211.0,508.21,99.5,0.315,6150.0,3.96,2.086
10611420,K03148.01,,FALSE POSITIVE,11.50528603,2.098,260.2,1.83,912.0,163.79,11.4,0.461,6355.0,4.41,1.108
10386922,K00289.01,Kepler-511 c,CONFIRMED,26.62941953,7.8709,492.8,3.13,742.0,71.75,106.9,0.015,5866.0,4.117,1.417
10386922,K00289.02,Kepler-511 b,CONFIRMED,296.6375817,16.425,2763.1,7.56,332.0,2.88,250.0,0.429,5866.0,4.117,1.417
10982872,K00343.03,Kepler-142 d,CONFIRMED,41.8085031,7.797,190.4,1.67,582.0,27.15,27.3,0.011,5794.0,4.263,1.225
3558981,K00052.01,,FALSE POSITIVE,2.98786272,2.5814,42789.0,17.82,1064.0,303.15,98.0,0.621,5231.0,4.544,0.821
11015108,K00344.01,Kepler-530 b,CONFIRMED,39.30944096,5.77,1132.1,2.87,488.0,13.46,122.9,0.028,5607.0,4.536,0.863
11074541,K00345.01,Kepler-531 b,CONFIRMED,29.88487723,4.5612,1275.7,2.81,453.0,9.95,128.3,0.658,4883.0,4.549,0.749
11100383,K00346.01,Kepler-532 b,CONFIRMED,12.92489803,2.6811,959.0,2.62,620.0,34.95,49.5,0.768,5103.0,4.584,0.768
8847111,K02985.01,,FALSE POSITIVE,0.575884418,2.0734,272.2,31.17,2397.0,7790.32,43.2,1.258,6290.0,4.442,1.044
4568298,K02986.01,,FALSE POSITIVE,0.562555067,1.7402,198.3,1.21,2046.0,4128.4,21.7,0.527,5793.0,4.561,0.832
4374339,K02987.01,,FALSE POSITIVE,0.993703494,0.7645,67.4,2.32,3257.0,26588.4,14.5,0.436,6854.0,3.808,2.715
6636320,K02989.01,Kepler-1892 b,CONFIRMED,6.33125228,2.688,306.6,1.31,822.0,108.04,16.2,0.094,5383.0,4.603,0.759
4067925,K03066.01,Kepler-1897 b,CONFIRMED,24.2204192,3.271,806.3,2.1,505.0,15.43,14.0,0.032,5165.0,4.599,0.761
4847782,K03067.01,,FALSE POSITIVE,30.9597053,5.42,410.7,16.63,438.0,8.67,13.7,1.191,4947.0,4.621,0.714
6021275,K00284.02,Kepler-132 c,CONFIRMED,6.41491277,3.3629,121.0,1.4,1069.0,309.12,51.1,0.869,5931.0,4.322,1.101
10350571,K01175.03,,FALSE POSITIVE,93.881556,20.644,188.7,2.02,479.0,12.42,23.7,0.008,5676.0,4.1,1.487
10488450,K00290.01,,FALSE POSITIVE,2.683395376,1.8592,234.7,2.55,1860.0,2833.83,52.9,0.763,6958.0,4.195,1.529
10933561,K00291.01,Kepler-133 c,CONFIRMED,31.51779463,7.634,357.6,2.72,663.0,45.68,63.2,0.561,5611.0,4.144,1.4
10933561,K00291.02,Kepler-133 b,CONFIRMED,8.12999858,2.1492,148.0,2.04,1041.0,277.89,26.1,0.896,5611.0,4.144,1.4
8845026,K00044.01,,FALSE POSITIVE,66.46746217,19.6638,12643.7,11.97,466.0,11.18,1049.3,0.116,5843.0,4.403,1.073
11075737,K00292.01,Kepler-97 b,CONFIRMED,2.586639524,2.253,217.7,1.44,1328.0,735.48,77.3,0.349,5780.0,4.421,0.966
11189127,K00347.01,,FALSE POSITIVE,2.671942657,1.9119,15942.0,22.36,1458.0,1069.47,97.5,0.982,6116.0,4.335,1.055
11194032,K00348.01,Kepler-533 b,CONFIRMED,28.51117639,4.5941,1844.6,3.27,423.0,7.55,145.5,0.77,4687.0,4.627,0.69
11394027,K00349.01,Kepler-1664 b,CONFIRMED,14.38682567,2.1417,569.6,2.54,776.0,85.46,61.7,0.021,5725.0,4.353,1.072
11442793,K00351.01,Kepler-90 h,CONFIRMED,331.5972732,14.404,8322.1,10.89,294.0,1.76,355.0,0.02,5970.0,4.317,1.2
5520547,K02990.01,Kepler-1401 b,CONFIRMED,11.20058855,4.562,219.9,1.7,808.0,100.91,19.2,0.956,6038.0,4.524,0.898
4848424,K02991.01,,FALSE POSITIVE,1.50179931,3.275,100.1,0.72,1229.0,540.71,19.1,0.256,5024.0,4.613,0.736
8866102,K00042.01,Kepler-410 A b,CONFIRMED,17.83367834,4.5112,326.9,2.43,866.0,132.94,154.5,0.013,6407.0,4.268,1.337
4143755,K00281.01,Kepler-510 b,CONFIRMED,19.55662003,8.087,298.9,2.45,797.0,95.35,111.0,0.606,5671.0,4.094,1.36
11244137,K02994.01,Kepler-1402 b,CONFIRMED,2.03387483,3.097,73.6,1.6,1789.0,2422.92,15.7,0.238,5282.0,3.913,1.899
6072593,K03070.01,,FALSE POSITIVE,5.07538255,1.7,163.1,1.74,1154.0,419.23,16.0,0.919,5933.0,4.334,1.118
5865654,K03071.01,Kepler-1423 b,CONFIRMED,23.9553986,3.204,228.7,2.84,741.0,71.16,13.9,0.669,5011.0,3.903,1.781
8197560,K03074.01,,FALSE POSITIVE,1.02425556,2.6439,1631.7,29.83,1503.0,1211.99,40.6,1.312,5337.0,4.594,0.764
11200415,K00293.01,,FALSE POSITIVE,4.63958598,2.768,83.4,1.52,1587.0,1496.31,28.1,0.014,6591.0,4.024,1.646
11259686,K00294.01,Kepler-512 b,CONFIRMED,34.4359387,5.82,424.5,2.78,652.0,42.68,52.6,0.017,5929.0,4.243,1.363
11547513,K00295.01,Kepler-134 b,CONFIRMED,5.317440164,2.9331,292.5,1.94,1105.0,351.52,80.9,0.72,5923.0,4.377,1.054
11547513,K00295.02,Kepler-134 c,CONFIRMED,10.10575764,2.0138,116.8,1.28,892.0,149.4,19.9,0.828,5923.0,4.377,1.054
11802615,K00296.01,Kepler-513 b,CONFIRMED,28.86236571,5.4033,449.2,2.53,623.0,35.56,64.4,0.778,5725.0,4.326,1.088
11442793,K00351.02,Kepler-90 g,CONFIRMED,210.6013843,11.9922,4159.3,7.7,342.0,3.22,232.4,0.002,5970.0,4.317,1.2
11442793,K00351.03,Kepler-90 d,CONFIRMED,59.7371443,8.0006,566.4,2.84,520.0,17.26,43.5,0.005,5970.0,4.317,1.2
2445975,K00053.01,,FALSE POSITIVE,3.388887193,2.4475,11267.8,10.72,1212.0,511.3,162.9,0.387,5780.0,4.438,1.0
11521793,K00352.01,Kepler-143 c,CONFIRMED,27.08239734,5.0119,423.2,3.25,703.0,57.77,40.9,0.915,5857.0,4.204,1.305
11566064,K00353.02,Kepler-1717 b,CONFIRMED,30.6528935,4.99,269.7,2.86,780.0,87.69,17.4,0.682,6200.0,4.072,1.64
6531496,K03646.02,,FALSE POSITIVE,0.512869432,4.015,2313.0,31.12,2185.0,5384.53,133.9,1.263,5853.0,4.529,0.895
3848275,K02995.01,Kepler-1403 b,CONFIRMED,5.19492747,3.167,272.9,2.03,1238.0,554.37,16.5,0.093,6415.0,4.374,1.224
12021625,K02996.01,Kepler-1404 b,CONFIRMED,15.9314412,2.435,556.7,1.77,596.0,29.83,14.8,0.604,5380.0,4.616,0.721
9777256,K02997.01,,FALSE POSITIVE,1.33251589,4.216,140.5,1.3,1747.0,2207.85,22.2,0.53,5701.0,4.291,1.068
4175630,K02998.01,Kepler-1405 b,CONFIRMED,28.227413,5.782,1113.4,2.82,565.0,24.03,25.3,0.025,5858.0,4.553,0.849
7433585,K02999.01,,FALSE POSITIVE,0.545544979,1.954,92.6,0.93,2240.0,5913.74,24.8,0.604,6050.0,4.509,0.92
6665223,K01232.02,,FALSE POSITIVE,419.97507836,12.1687,275.1,1.53,215.0,0.51,5.9,0.68,5316.0,4.477,0.872
3328080,K03075.01,Kepler-1898 b,CONFIRMED,4.76559056,2.2,67.5,0.92,1167.0,439.42,15.2,0.14,5702.0,4.258,1.125
8430964,K03078.01,Kepler-1900 b,CONFIRMED,2.98618134,2.969,122.9,1.16,1356.0,798.35,12.0,0.249,6173.0,4.447,1.041
3654719,K03081.01,,FALSE POSITIVE,25.9200092,5.609,331.4,1.28,515.0,16.59,10.9,0.054,5517.0,4.631,0.704
6021275,K00284.03,Kepler-132 b,CONFIRMED,6.17817366,3.2601,101.9,1.22,1082.0,324.69,43.5,0.775,5931.0,4.322,1.101
10619142,K03082.01,,FALSE POSITIVE,2.04516705,3.625,154.8,2.9,2945.0,17791.98,16.5,0.74,9206.0,4.112,2.157
11905011,K00297.01,Kepler-514 b,CONFIRMED,5.65178922,3.0933,134.1,2.03,1248.0,574.71,39.5,0.906,6085.0,4.218,1.463
12785320,K00298.01,Kepler-515 b,CONFIRMED,19.96367208,2.6403,270.9,1.5,564.0,23.88,36.3,0.846,5250.0,4.541,0.79
2692377,K00299.01,Kepler-98 b,CONFIRMED,1.541676547,1.9118,296.5,1.88,1592.0,1517.84,94.1,0.362,5533.0,4.337,1.089
3742855,K00045.01,,FALSE POSITIVE,6.397185875,5.8638,18887.0,15.02,981.0,218.59,394.7,0.755,5780.0,4.438,1.0
3438975,K00300.01,,FALSE POSITIVE,2.976020742,3.73,114.9,2.07,1740.0,2169.16,60.6,0.721,5947.0,3.939,1.796
11568987,K00354.01,Kepler-534 b,CONFIRMED,15.95995611,4.3149,523.2,2.27,721.0,63.95,70.9,0.526,5936.0,4.501,0.965
11568987,K00354.02,Kepler-534 c,CONFIRMED,7.37867551,3.349,125.1,1.11,933.0,178.68,22.3,0.513,5936.0,4.501,0.965
11621223,K00355.01,Kepler-535 b,CONFIRMED,4.903321801,2.8887,334.5,2.37,1247.0,570.65,84.5,0.016,6045.0,4.276,1.298
11624249,K00356.01,Kepler-536 b,CONFIRMED,1.82708193,1.96401,1164.7,5.95,1877.0,2925.17,273.7,0.033,5311.0,3.864,1.769
12017140,K00358.01,,FALSE POSITIVE,22.845241036,5.3007,45676.5,30.35,762.0,79.78,3845.4,0.617,5926.0,4.187,1.351
5702939,K03000.01,,FALSE POSITIVE,18.3980827,4.438,145.0,1.26,686.0,52.31,17.2,0.587,5605.0,4.381,1.015
3852655,K03002.01,Kepler-1406 b,CONFIRMED,11.62904159,2.97,88.0,1.31,854.0,125.89,13.7,0.925,5721.0,4.307,1.131
11255231,K03003.01,,FALSE POSITIVE,13.6550963,4.117,196.3,1.35,780.0,87.46,14.6,0.235,6065.0,4.487,0.962
5088536,K00282.01,Kepler-130 c,CONFIRMED,27.50871575,5.9291,639.2,2.98,663.0,45.66,190.3,0.577,5903.0,4.304,1.137
6103377,K03004.01,Kepler-1407 b,CONFIRMED,20.0708757,6.354,405.7,3.2,826.0,110.19,12.8,0.643,5902.0,4.128,1.513
6677841,K01236.04,Kepler-279 e,CONFIRMED,98.353149,24.708,423.0,4.13,552.0,21.96,30.5,0.906,6366.0,4.045,1.697
3324986,K03084.01,,FALSE POSITIVE,1.540411479,1.703,107.1,0.92,1446.0,1029.25,12.1,0.781,5769.0,4.57,0.812
11912932,K03085.01,,FALSE POSITIVE,3.74785358,3.713,98.2,0.89,1093.0,337.14,18.8,0.468,5706.0,4.537,0.886
8037145,K00520.03,Kepler-176 d,CONFIRMED,25.75274977,2.7678,738.9,2.27,501.0,14.88,36.7,0.516,4963.0,4.501,0.826
8162789,K00521.01,Kepler-1989 b,CONFIRMED,10.161023528,3.1627,1653.9,4.62,904.0,157.97,111.1,0.716,6032.0,4.387,1.06
8806123,K00523.01,Kepler-177 c,CONFIRMED,49.41121127,5.278,3184.0,6.77,497.0,14.48,125.4,0.885,5768.0,4.434,1.015
8806123,K00523.02,Kepler-177 b,CONFIRMED,36.8567758,7.495,714.1,2.68,549.0,21.4,43.8,0.05,5768.0,4.434,1.015
10098844,K02964.02,,FALSE POSITIVE,35.080928,6.92,100.7,1.21,610.0,32.63,7.6,0.712,6007.0,4.353,1.126
8355239,K00574.02,Kepler-189 b,CONFIRMED,10.39986173,3.377,275.3,1.5,678.0,49.86,22.8,0.757,4963.0,4.501,0.826
9210823,K00090.01,,FALSE POSITIVE,0.828206212,1.737,132.3,3.88,3274.0,27125.5,68.1,0.615,5812.0,3.598,3.227
8367113,K00575.01,Kepler-606 b,CONFIRMED,24.31574009,4.1344,643.3,2.8,683.0,51.53,42.5,0.653,6242.0,4.442,1.047
8474898,K00576.01,,FALSE POSITIVE,199.443024,7.409,4036.0,9.3,332.0,2.86,55.1,0.932,5646.0,4.278,1.153
8558011,K00577.01,Kepler-607 c,CONFIRMED,39.6766071,5.04,611.2,2.29,473.0,11.85,24.9,0.639,5244.0,4.449,0.888
7429287,K04260.03,,FALSE POSITIVE,358.66044,16.732,133.8,1.62,304.0,2.02,15.6,0.062,5619.0,4.07,1.406
9115800,K00421.01,Kepler-548 b,CONFIRMED,4.454194254,2.3061,16041.5,11.76,1017.0,252.22,1022.2,0.479,5359.0,4.425,0.915
9478990,K00423.01,Kepler-39 b,CONFIRMED,21.0871953,5.92691,8894.7,14.43,873.0,137.06,556.2,0.065,6266.0,4.101,1.522
9597411,K00424.01,,FALSE POSITIVE,1.575631524,2.59202,25626.6,28.66,1577.0,1464.43,465.4,1.065,6202.0,4.537,0.858
6850504,K00070.04,Kepler-20 e,CONFIRMED,6.09855603,2.9815,84.4,0.84,927.0,174.3,24.8,0.21,5465.0,4.449,0.925
8609450,K01278.05,,FALSE POSITIVE,203.250506,9.81,238.9,1.35,292.0,1.71,7.0,0.336,5600.0,4.455,0.872
10934674,K00477.01,Kepler-567 b,CONFIRMED,16.54295261,3.8516,726.0,2.31,611.0,32.94,36.1,0.329,5215.0,4.518,0.867
10990886,K00478.01,Kepler-568 b,CONFIRMED,11.023474798,1.4814,1795.5,2.46,429.0,8.04,77.2,0.724,3744.0,4.718,0.537
11015323,K00479.01,Kepler-569 b,CONFIRMED,34.18884323,5.3278,1063.2,2.97,526.0,18.05,83.9,0.065,5515.0,4.453,0.925
11134879,K00480.01,Kepler-570 b,CONFIRMED,4.30165843,2.1055,739.4,2.42,1009.0,244.48,88.3,0.547,5480.0,4.509,0.865
11192998,K00481.01,Kepler-166 b,CONFIRMED,7.650243513,2.752,981.4,2.3,772.0,83.86,98.8,0.014,5409.0,4.609,0.746
8934495,K00524.01,Kepler-1721 b,CONFIRMED,4.592393816,2.2748,1027.7,2.51,924.0,172.6,105.9,0.02,5351.0,4.582,0.796
5866724,K00085.01,Kepler-65 c,CONFIRMED,5.859935955,4.0185,322.8,2.56,1246.0,569.5,186.7,0.049,6181.0,4.22,1.424
9157634,K00526.01,Kepler-586 b,CONFIRMED,2.104721971,1.7547,905.5,2.89,1365.0,821.44,153.3,0.001,5703.0,4.498,0.975
9636569,K00527.01,,FALSE POSITIVE,10.63624422,5.055,231.7,1.58,756.0,77.02,24.7,0.978,5834.0,4.591,0.774
8565266,K00578.01,Kepler-608 b,CONFIRMED,6.412512953,5.2677,1156.4,3.89,1069.0,308.76,183.1,0.553,6026.0,4.366,1.108
8616637,K00579.01,Kepler-190 b,CONFIRMED,2.019997006,1.8073,332.8,1.46,1166.0,437.85,52.1,0.502,5103.0,4.562,0.787
8616637,K00579.02,Kepler-190 c,CONFIRMED,3.763041531,1.6011,354.5,1.63,948.0,190.67,37.9,0.76,5103.0,4.562,0.787
8625925,K00580.01,Kepler-609 b,CONFIRMED,6.521209629,2.7975,760.4,2.54,932.0,178.27,69.8,0.514,5822.0,4.529,0.898
8822216,K00581.01,Kepler-610 b,CONFIRMED,6.996926239,2.7374,1317.4,3.21,888.0,147.07,101.6,0.022,5713.0,4.541,0.893
9967884,K00425.01,,FALSE POSITIVE,5.428344915,1.8931,13756.0,14.88,1033.0,269.19,140.2,0.911,5936.0,4.501,0.965
10189546,K00427.01,Kepler-549 d,CONFIRMED,24.61480613,2.6602,1798.0,4.2,586.0,27.93,68.4,0.435,5312.0,4.384,0.986
10189546,K00427.02,Kepler-549 b,CONFIRMED,42.949522,5.4154,959.1,2.98,487.0,13.29,40.7,0.013,5312.0,4.384,0.986
10189546,K00427.03,Kepler-549 c,CONFIRMED,117.033521,6.822,770.4,2.68,349.0,3.49,21.9,0.188,5312.0,4.384,0.986
10748393,K01289.02,,FALSE POSITIVE,386.39833,8.519,748.0,2.2,214.0,0.49,4.9,0.287,5284.0,4.523,0.812
11192998,K00481.02,Kepler-166 d,CONFIRMED,1.55400389,1.7664,465.8,1.59,1313.0,704.5,82.1,0.016,5409.0,4.609,0.746
11192998,K00481.03,Kepler-166 c,CONFIRMED,34.25951418,4.7743,1072.5,2.41,468.0,11.36,66.1,0.008,5409.0,4.609,0.746
8823868,K00081.01,,FALSE POSITIVE,23.8761144,9.3113,1611.7,10.45,1481.0,1135.6,225.5,0.014,9974.0,4.048,2.533
11255761,K00482.01,,FALSE POSITIVE,4.99270186,3.1008,557.4,26.6,1051.0,288.29,42.3,1.232,5724.0,4.429,0.951
11497977,K00483.01,Kepler-571 b,CONFIRMED,4.79860021,3.0384,817.4,2.51,978.0,216.54,88.1,0.594,5631.0,4.557,0.847
7021681,K00255.03,,FALSE POSITIVE,7.7333361,2.807,126.9,0.57,479.0,12.41,9.3,0.084,3780.0,4.746,0.511
9941859,K00528.01,Kepler-178 b,CONFIRMED,9.57665962,3.3603,746.8,2.88,846.0,121.26,82.6,0.043,5386.0,4.322,1.076
9941859,K00528.02,Kepler-178 d,CONFIRMED,96.6781852,5.6957,951.3,3.29,392.0,5.55,44.7,0.336,5386.0,4.322,1.076
9941859,K00528.03,Kepler-178 c,CONFIRMED,20.55280311,2.2013,727.3,2.99,656.0,43.8,42.4,0.568,5386.0,4.322,1.076
10068030,K00529.01,,FALSE POSITIVE,2.023123903,1.1829,1288.9,2.87,1266.0,608.26,76.0,0.026,5559.0,4.578,0.803
10266615,K00530.01,Kepler-587 b,CONFIRMED,10.94026745,2.3494,538.6,2.08,764.0,80.52,30.6,0.595,5749.0,4.547,0.864
6444896,K03138.02,Kepler-1649 c,CONFIRMED,19.5352551,1.013,1732.0,0.53,161.0,0.16,5.9,0.702,2703.0,5.274,0.118
8822216,K00581.02,Kepler-610 c,CONFIRMED,151.863949,8.577,747.0,2.41,318.0,2.43,22.5,0.016,5713.0,4.541,0.893
9020160,K00582.01,Kepler-191 d,CONFIRMED,5.945043548,2.7004,800.2,2.69,857.0,127.64,67.6,0.763,5105.0,4.469,0.868
7941200,K00092.01,Kepler-1709 b,CONFIRMED,65.7045275,3.3104,636.1,2.78,472.0,11.72,70.4,0.663,5918.0,4.403,1.043
9020160,K00582.02,Kepler-191 c,CONFIRMED,17.73842886,3.0049,605.5,2.47,596.0,29.74,29.8,0.845,5105.0,4.469,0.868
9020160,K00582.03,Kepler-191 b,CONFIRMED,9.93962361,3.432,300.1,1.93,722.0,64.29,21.5,0.934,5105.0,4.469,0.868
10418224,K00428.01,Kepler-40 b,CONFIRMED,6.8731664,6.8569,3753.8,13.44,1482.0,1140.56,535.5,0.055,6490.0,3.942,2.179
10616679,K00429.01,Kepler-550 b,CONFIRMED,8.600099313,4.0077,2791.6,4.17,760.0,78.72,209.2,0.048,5246.0,4.501,0.805
10717241,K00430.01,Kepler-551 b,CONFIRMED,12.37646897,2.7075,1709.0,2.53,483.0,12.87,81.2,0.468,4200.0,4.664,0.607
7303287,K01353.03,Kepler-289 e,CONFIRMED,330.071558,4.295,616.7,2.94,286.0,1.58,10.6,0.681,5933.0,4.342,1.115
10843590,K00431.01,Kepler-153 b,CONFIRMED,18.87022157,3.1404,1096.6,2.82,621.0,35.13,72.7,0.013,5402.0,4.452,0.865
6850504,K00070.05,Kepler-20 f,CONFIRMED,19.5776073,3.382,98.1,0.9,628.0,36.82,17.2,0.049,5465.0,4.449,0.925
12061222,K00484.01,Kepler-572 b,CONFIRMED,17.20522898,3.6688,1080.6,2.22,553.0,22.05,75.7,0.012,5211.0,4.643,0.689
12316431,K00485.01,,FALSE POSITIVE,17.90766147,5.396,1089.3,4.89,731.0,67.59,78.4,0.978,6153.0,4.471,0.993
12404305,K00486.01,Kepler-573 b,CONFIRMED,22.18332255,5.1364,748.1,2.78,646.0,41.24,70.3,0.024,5565.0,4.361,1.03
10212441,K02342.02,,FALSE POSITIVE,354.78194,6.46,193.0,30.53,325.0,2.62,7.7,1.17,5798.0,4.025,1.525
12834874,K00487.01,Kepler-574 b,CONFIRMED,7.65880048,3.0427,668.2,2.19,858.0,128.18,57.6,0.017,5657.0,4.508,0.855
2557816,K00488.01,Kepler-575 b,CONFIRMED,9.3789167,3.3427,563.5,2.03,803.0,98.22,42.6,0.671,5684.0,4.493,0.808
10454313,K00532.01,Kepler-588 b,CONFIRMED,4.221626193,3.0619,658.0,2.87,1176.0,453.2,83.7,0.847,6123.0,4.472,0.987
10513530,K00533.01,Kepler-589 b,CONFIRMED,16.54967098,4.3808,744.5,2.95,656.0,43.72,46.8,0.88,5372.0,4.434,0.916
5866724,K00085.02,Kepler-65 b,CONFIRMED,2.154911236,3.1341,99.7,1.42,1740.0,2162.35,83.0,0.113,6181.0,4.22,1.424
10513530,K00533.02,Kepler-589 c,CONFIRMED,3.52467888,2.484,129.7,1.46,1098.0,344.61,12.3,0.976,5372.0,4.434,0.916
10554999,K00534.01,Kepler-179 c,CONFIRMED,6.400157105,2.0004,743.2,2.52,810.0,101.72,49.1,0.898,5299.0,4.597,0.766
9076513,K00583.01,Kepler-611 b,CONFIRMED,2.437029217,3.2005,244.0,2.04,1513.0,1237.66,49.0,0.014,5573.0,4.177,1.329
9146018,K00584.01,Kepler-192 b,CONFIRMED,9.9267215,3.8428,725.5,2.76,803.0,98.34,97.3,0.625,5475.0,4.43,0.982
9146018,K00584.02,Kepler-192 c,CONFIRMED,21.22349325,4.9416,582.9,2.63,623.0,35.69,60.2,0.794,5475.0,4.43,0.982
9146018,K00584.03,Kepler-192 d,CONFIRMED,6.47027706,3.343,116.9,1.15,926.0,173.79,18.3,0.732,5475.0,4.43,0.982
9279669,K00585.01,Kepler-612 b,CONFIRMED,3.722158895,1.9941,757.4,2.33,1046.0,283.28,70.3,0.644,5617.0,4.574,0.806
10843590,K00431.02,Kepler-153 c,CONFIRMED,46.9026431,3.9264,821.3,2.6,458.0,10.44,40.6,0.645,5402.0,4.452,0.865
10858832,K00432.01,Kepler-552 b,CONFIRMED,5.263415218,2.1446,1030.7,3.77,1103.0,349.4,117.0,0.853,6099.0,4.456,1.028
10937029,K00433.01,Kepler-553 b,CONFIRMED,4.030466786,2.7734,2908.3,4.48,970.0,209.11,227.4,0.033,5234.0,4.542,0.854
11599038,K01437.02,,FALSE POSITIVE,9.27989,3.33,164.3,1.29,897.0,152.86,8.6,0.579,6052.0,4.456,0.967
10937029,K00433.02,Kepler-553 c,CONFIRMED,328.240201,12.2726,13888.6,10.99,224.0,0.59,287.6,0.75,5234.0,4.542,0.854
11656302,K00434.01,,FALSE POSITIVE,22.264806569,8.7941,19372.6,12.34,585.0,27.79,873.4,0.75,5681.0,4.566,0.813
2576197,K00489.01,,FALSE POSITIVE,2.217038096,1.8575,543.7,3.23,1697.0,1956.29,49.5,0.754,6521.0,4.352,1.276
2576197,K00489.02,,FALSE POSITIVE,8.874603,2.88,93.3,1.24,1070.0,309.5,5.4,0.1897,6517.0,4.349,1.278
3239945,K00490.01,Kepler-167 b,CONFIRMED,4.393157678,2.4455,447.2,1.41,807.0,99.9,63.0,0.102,4799.0,4.631,0.692
10387742,K02583.02,,FALSE POSITIVE,251.7512,4.314,114.3,1.25,272.0,1.29,7.5,0.943,5640.0,4.492,0.921
10187017,K00082.01,Kepler-102 e,CONFIRMED,16.145671932,3.7236,941.1,2.48,546.0,20.98,242.7,0.75,4900.0,4.602,0.741
3239945,K00490.02,Kepler-167 e,CONFIRMED,1071.232624,16.1784,19045.6,9.27,129.0,0.07,544.2,0.216,4799.0,4.631,0.692
10554999,K00534.02,Kepler-179 b,CONFIRMED,2.735900074,1.9359,428.9,1.56,1075.0,315.95,44.5,0.189,5299.0,4.597,0.766
10873260,K00535.01,Kepler-590 b,CONFIRMED,5.852968845,4.5973,1146.5,3.46,1056.0,293.93,152.4,0.316,6050.0,4.45,1.013
10965008,K00536.01,Kepler-591 b,CONFIRMED,81.1701587,8.358,1183.2,4.71,436.0,8.55,51.0,0.875,5460.0,4.263,1.165
10467815,K03191.02,,FALSE POSITIVE,371.17573,8.2,133.7,4.07,610.0,32.64,12.1,0.781,9030.0,3.822,3.218
11073351,K00537.01,Kepler-592 b,CONFIRMED,2.820190603,2.554,467.5,2.53,1367.0,824.92,64.2,0.614,5831.0,4.359,1.121
11090765,K00538.01,Kepler-593 b,CONFIRMED,21.21712312,5.89,636.0,2.97,706.0,58.63,56.2,0.89,6191.0,4.438,1.007
9570741,K00586.01,Kepler-613 b,CONFIRMED,15.77980122,4.0369,541.4,2.11,713.0,60.96,39.4,0.025,5941.0,4.519,0.911
9607164,K00587.01,Kepler-614 b,CONFIRMED,14.03490255,3.638,851.8,2.41,641.0,39.97,60.9,0.66,5258.0,4.513,0.785
9631762,K00588.01,Kepler-615 b,CONFIRMED,10.35586478,2.8431,660.9,1.92,620.0,34.93,49.5,0.178,4646.0,4.539,0.778
6462863,K00094.01,Kepler-89 d,CONFIRMED,22.342964828,6.66405,5612.8,9.99,785.0,89.61,1118.9,0.031,6181.0,4.234,1.331
9782691,K00590.01,Kepler-193 b,CONFIRMED,11.38840217,3.6949,438.0,3.04,979.0,216.55,34.7,0.243,5876.0,4.151,1.456
11709124,K00435.01,Kepler-154 d,CONFIRMED,20.5498184,5.5484,1564.3,4.04,657.0,44.11,123.1,0.649,5688.0,4.415,0.971
11599038,K01437.03,,FALSE POSITIVE,17.4217322,4.718,208.4,1.42,727.0,65.92,9.3,0.415,6052.0,4.456,0.967
12302530,K00438.01,Kepler-155 b,CONFIRMED,5.931196562,2.4999,1007.4,2.01,562.0,23.5,90.5,0.886,3984.0,4.72,0.539
11904151,K00072.01,Kepler-10 b,CONFIRMED,0.837491225,1.796,190.4,1.43,1980.0,3630.32,189.5,0.022,5676.0,4.347,1.044
3239945,K00490.03,Kepler-167 c,CONFIRMED,7.40611676,2.8826,417.9,1.37,678.0,49.89,49.6,0.077,4799.0,4.631,0.692
3239945,K00490.04,Kepler-167 d,CONFIRMED,21.803708,3.369,246.4,1.11,473.0,11.82,18.5,0.568,4799.0,4.631,0.692
3541800,K00491.01,,FALSE POSITIVE,4.66229074,3.73,345.4,24.12,1166.0,437.35,29.8,1.197,6191.0,4.454,1.025
3559935,K00492.01,Kepler-576 b,CONFIRMED,29.9111886,6.6436,942.0,2.9,541.0,20.31,50.8,0.041,5275.0,4.397,0.969
3834360,K00493.01,,FALSE POSITIVE,2.908453928,2.5363,427.5,19.44,1181.0,459.47,40.4,1.195,5786.0,4.558,0.824
3966801,K00494.01,Kepler-577 b,CONFIRMED,25.69581456,4.0251,1130.8,1.7,314.0,2.3,45.1,0.68,3787.0,4.775,0.477
11521048,K00540.01,,FALSE POSITIVE,25.70280003,3.1644,5623.8,33.1,562.0,23.68,67.9,1.27,5532.0,4.488,0.835
11656721,K00541.01,Kepler-594 b,CONFIRMED,13.64617478,3.4098,633.0,2.06,678.0,49.89,43.4,0.115,5569.0,4.566,0.829
11853905,K00007.01,Kepler-4 b,CONFIRMED,3.213668926,3.98235,727.8,4.13,1515.0,1244.44,346.9,0.021,5795.0,4.101,1.545
5866724,K00085.03,Kepler-65 d,CONFIRMED,8.13121389,4.2386,111.8,1.58,1117.0,368.36,55.3,0.622,6181.0,4.22,1.424
11669239,K00542.01,Kepler-180 c,CONFIRMED,41.8854433,6.763,687.4,3.28,540.0,20.05,47.0,0.917,5735.0,4.356,1.028
11669239,K00542.02,Kepler-180 b,CONFIRMED,13.81733587,4.261,223.2,2.04,781.0,88.04,20.4,0.967,5735.0,4.356,1.028
10600261,K00597.03,Kepler-194 d,CONFIRMED,52.8148051,7.309,553.7,3.33,562.0,23.57,27.4,0.002,5565.0,4.117,1.439
10656823,K00598.01,Kepler-195 b,CONFIRMED,8.30783912,3.1516,777.5,2.15,751.0,75.09,66.4,0.019,5320.0,4.589,0.786
10656823,K00598.02,Kepler-195 c,CONFIRMED,34.0963441,3.896,472.7,1.71,469.0,11.42,21.5,0.386,5320.0,4.589,0.786
10676824,K00599.01,Kepler-1724 b,CONFIRMED,6.45442931,2.6772,586.1,2.48,999.0,234.98,45.3,0.749,6092.0,4.496,0.943
10718726,K00600.01,Kepler-618 b,CONFIRMED,3.595769013,3.1569,383.7,2.39,1296.0,666.88,45.9,0.496,5762.0,4.283,1.196
12302530,K00438.02,Kepler-155 c,CONFIRMED,52.6615266,3.1592,1078.1,1.87,271.0,1.28,38.4,0.682,3984.0,4.72,0.539
12470954,K00439.01,Kepler-554 b,CONFIRMED,1.902208647,2.19877,2343.5,4.45,1346.0,778.26,363.2,0.116,5400.0,4.463,0.937
2438264,K00440.01,Kepler-156 c,CONFIRMED,15.90688891,3.9879,924.7,2.35,588.0,28.32,75.0,0.014,5097.0,4.554,0.797
2438264,K00440.02,Kepler-156 b,CONFIRMED,4.973455252,1.6519,741.6,2.46,867.0,133.55,65.4,0.817,5097.0,4.554,0.797
3340312,K00441.01,,FALSE POSITIVE,30.5528972,5.269,865.2,30.74,670.0,47.63,35.6,1.216,6284.0,4.349,1.138
4049108,K00495.01,,FALSE POSITIVE,4.804469031,3.4587,744.4,3.35,953.0,194.68,67.3,0.979,5470.0,4.528,0.809
4454752,K00496.01,Kepler-578 b,CONFIRMED,1.616883373,1.6325,437.3,4.47,1774.0,2342.49,43.9,0.856,4868.0,3.902,1.816
4757437,K00497.01,Kepler-168 c,CONFIRMED,13.19322809,5.0036,585.7,2.94,862.0,130.35,50.9,0.005,5946.0,4.309,1.223
10187017,K00082.02,Kepler-102 d,CONFIRMED,10.31174786,3.1818,275.9,1.34,634.0,38.13,81.7,0.747,4900.0,4.602,0.741
4757437,K00497.02,Kepler-168 b,CONFIRMED,4.42535097,3.504,179.0,1.63,1240.0,559.22,22.1,0.177,5946.0,4.309,1.223
11823054,K00543.01,Kepler-181 c,CONFIRMED,4.302139338,2.0289,747.2,2.46,937.0,182.7,65.5,0.652,5041.0,4.479,0.857
11823054,K00543.02,Kepler-181 b,CONFIRMED,3.137845914,1.91,305.7,1.5,1041.0,277.64,30.8,0.454,5041.0,4.479,0.857
11913012,K00544.01,,FALSE POSITIVE,3.74782314,5.133,423.4,25.59,1253.0,583.52,53.8,1.202,6161.0,4.454,1.053
11972666,K00545.01,,FALSE POSITIVE,1.09173174,1.9719,186.9,1.07,1488.0,1153.1,32.2,0.334,5354.0,4.587,0.788
12058931,K00546.01,Kepler-182 c,CONFIRMED,20.68420772,6.4415,858.5,3.28,729.0,66.83,59.6,0.488,6246.0,4.433,1.092
9782691,K00590.02,Kepler-193 c,CONFIRMED,50.6985408,5.972,610.9,3.58,595.0,29.58,30.1,0.137,5876.0,4.151,1.456
9886221,K00591.01,,FALSE POSITIVE,2.9926465,1.81,105.9,0.89,1170.0,443.12,16.1,0.319,5718.0,4.549,0.863
9957627,K00592.01,Kepler-1723 b,CONFIRMED,39.7529915,4.9641,549.3,2.37,568.0,24.54,40.9,0.046,6072.0,4.411,1.01
9958962,K00593.01,Kepler-616 b,CONFIRMED,9.99760285,3.4423,638.7,2.82,860.0,129.18,39.0,0.851,6004.0,4.484,0.977
9958962,K00593.02,Kepler-616 c,CONFIRMED,90.4117992,7.106,1265.0,3.96,413.0,6.86,35.4,0.849,6004.0,4.484,0.977
3745690,K00442.01,Kepler-157 c,CONFIRMED,13.54057461,4.4673,461.0,2.17,779.0,87.1,53.3,0.18,5767.0,4.389,1.014
3745690,K00442.02,Kepler-157 b,CONFIRMED,1.732346403,2.2139,182.4,1.37,1546.0,1345.92,41.2,0.184,5767.0,4.389,1.014
3745690,K00442.03,Kepler-157 d,CONFIRMED,7.0257409,2.245,190.7,1.56,969.0,208.92,21.2,0.812,5767.0,4.389,1.014
3833007,K00443.01,Kepler-555 b,CONFIRMED,16.21774917,4.9274,758.3,2.22,664.0,45.87,80.3,0.336,5837.0,4.577,0.798
3847138,K00444.01,Kepler-556 b,CONFIRMED,11.72291212,4.2064,492.2,2.08,766.0,81.46,58.8,0.012,5550.0,4.431,0.953
4833135,K00498.01,,FALSE POSITIVE,8.661374,2.972,160.1,1.32,945.0,188.16,4.7,0.6469,6250.0,4.472,0.986
4847534,K00499.01,Kepler-579 b,CONFIRMED,9.66857386,2.4656,411.7,1.9,730.0,67.06,36.9,0.8,5288.0,4.541,0.836
4852528,K00500.01,Kepler-80 b,CONFIRMED,7.053527145,2.3982,1480.1,2.16,547.0,21.17,92.3,0.172,4041.0,4.697,0.567
4852528,K00500.02,Kepler-80 c,CONFIRMED,9.521644639,2.3569,1491.3,2.16,495.0,14.2,79.2,0.023,4041.0,4.697,0.567
4852528,K00500.03,Kepler-80 d,CONFIRMED,3.072146607,1.8732,539.0,1.3,722.0,64.09,44.9,0.032,4041.0,4.697,0.567
4852528,K00500.04,Kepler-80 e,CONFIRMED,4.645382149,2.0271,565.5,1.33,629.0,36.9,40.4,0.154,4041.0,4.697,0.567
12058931,K00546.02,Kepler-182 b,CONFIRMED,9.82578495,5.2498,433.3,2.66,935.0,180.36,38.1,0.888,6246.0,4.433,1.092
12116489,K00547.01,Kepler-595 b,CONFIRMED,25.30291816,4.4903,2105.7,3.95,535.0,19.39,117.7,0.04,5121.0,4.457,0.888
12600735,K00548.01,Kepler-596 b,CONFIRMED,21.30020491,4.0852,659.8,2.99,725.0,65.37,58.1,0.075,6008.0,4.35,1.168
10593626,K00087.01,Kepler-22 b,CONFIRMED,289.864067,7.565,529.1,2.34,257.0,1.03,57.4,0.856,5516.0,4.446,0.886
3437776,K00549.01,,FALSE POSITIVE,10.29767658,6.649,655.5,39.14,1022.0,258.09,57.0,1.194,5671.0,4.075,1.608
9958962,K00593.03,Kepler-616 d,CONFIRMED,51.0674355,4.374,597.5,2.44,499.0,14.69,18.7,0.482,6004.0,4.484,0.977
10388286,K00596.01,Kepler-617 b,CONFIRMED,1.682695938,1.3867,703.8,1.23,750.0,74.7,75.4,0.025,3669.0,4.787,0.47
10600261,K00597.01,Kepler-194 c,CONFIRMED,17.30795548,5.1126,633.0,3.56,815.0,104.37,46.4,0.0,5565.0,4.117,1.439
6462863,K00094.02,Kepler-89 c,CONFIRMED,10.423677439,5.2257,777.3,3.72,1012.0,247.48,204.4,0.005,6181.0,4.234,1.331
10600261,K00597.02,Kepler-194 b,CONFIRMED,2.09227115,2.4062,207.6,2.06,1648.0,1746.66,30.0,0.271,5565.0,4.117,1.439
11904151,K00072.02,Kepler-10 c,CONFIRMED,45.29422297,6.83,477.1,2.26,524.0,17.75,134.8,0.025,5676.0,4.347,1.044
4633570,K00446.01,Kepler-158 b,CONFIRMED,16.70920628,2.7052,839.8,2.27,500.0,14.73,40.4,0.855,4621.0,4.605,0.668
4633570,K00446.02,Kepler-158 c,CONFIRMED,28.55158187,4.1502,807.8,1.97,418.0,7.21,36.0,0.623,4621.0,4.605,0.668
5021176,K00447.01,,FALSE POSITIVE,4.045057186,2.9954,752.7,30.33,1126.0,381.17,62.2,1.292,5906.0,4.473,0.87
5640085,K00448.01,Kepler-159 b,CONFIRMED,10.13958818,2.6446,1155.9,1.68,447.0,9.41,40.3,0.078,3893.0,4.758,0.5
5640085,K00448.02,Kepler-159 c,CONFIRMED,43.5859419,4.6814,1708.7,2.05,275.0,1.35,38.9,0.011,3893.0,4.758,0.5
4852528,K00500.05,Kepler-80 f,CONFIRMED,0.986785834,1.1879,450.0,1.19,1054.0,292.35,51.5,0.026,4041.0,4.697,0.567
5282051,K00502.01,,FALSE POSITIVE,5.91037674,3.421,256.9,1.38,937.0,182.47,34.5,0.123,5515.0,4.443,0.867
10187017,K00082.03,Kepler-102 f,CONFIRMED,27.4536146,3.747,136.4,0.95,457.0,10.34,27.5,0.765,4900.0,4.602,0.741
5340644,K00503.01,Kepler-580 b,CONFIRMED,8.22241355,2.71,1468.6,2.28,558.0,22.86,67.0,0.246,4213.0,4.658,0.615
3437776,K00549.02,,FALSE POSITIVE,0.635587392,4.7,147.7,28.58,2587.0,10637.41,40.9,1.151,5671.0,4.075,1.608
4165473,K00550.01,Kepler-597 b,CONFIRMED,13.02363236,3.9734,607.0,2.3,743.0,71.85,50.5,0.032,5627.0,4.453,0.945
4270253,K00551.01,Kepler-183 c,CONFIRMED,11.6370303,3.3372,604.3,2.9,857.0,127.46,36.4,0.066,5576.0,4.257,1.198
4270253,K00551.02,Kepler-183 b,CONFIRMED,5.68798675,2.2682,476.4,2.76,1088.0,330.44,33.0,0.663,5576.0,4.257,1.198
5122112,K00552.01,,FALSE POSITIVE,3.055171082,1.6798,8665.3,35.24,1358.0,804.33,143.2,1.204,6237.0,4.426,0.987
10973664,K00601.01,Kepler-619 b,CONFIRMED,5.40426917,2.5315,860.6,2.85,1073.0,312.93,40.5,0.229,6122.0,4.487,0.964
10973664,K00601.02,Kepler-619 d,CONFIRMED,11.67894236,1.2641,1185.1,4.17,830.0,112.07,23.1,0.94,6122.0,4.487,0.964
10973664,K00601.03,Kepler-619 c,CONFIRMED,1.208462378,1.544,227.3,1.64,1767.0,2307.65,17.4,0.831,6122.0,4.487,0.964
9141746,K00929.02,Kepler-730 c,CONFIRMED,2.85188338,2.666,114.9,1.23,1398.0,903.77,10.1,0.578,6123.0,4.413,1.107
12459913,K00602.01,Kepler-620 b,CONFIRMED,12.91385906,5.3685,487.9,2.49,849.0,122.66,40.5,0.845,6253.0,4.41,0.997
6462863,K00094.03,Kepler-89 e,CONFIRMED,54.31996151,8.5858,1975.0,6.07,584.0,27.4,291.3,0.497,6181.0,4.234,1.331
5779852,K00449.01,,FALSE POSITIVE,252.0792347,3.9808,5582.6,41.07,318.0,2.42,104.1,1.283,6348.0,4.434,1.014
6042214,K00450.01,,FALSE POSITIVE,27.04627886,2.666,900.8,3.54,636.0,38.62,48.8,0.962,6332.0,4.516,0.915
6200715,K00451.01,,FALSE POSITIVE,3.723560726,3.435,540.0,3.46,1401.0,910.65,58.9,0.954,6535.0,4.373,1.181
6291033,K00452.01,Kepler-557 b,CONFIRMED,3.705991661,5.1658,501.4,2.43,1281.0,637.42,100.3,0.623,6187.0,4.409,1.034
6889235,K00074.01,,FALSE POSITIVE,5.188671659,5.0534,548.9,5.2,2118.0,4750.81,331.6,0.884,9523.0,4.205,1.941
6758917,K00453.01,,FALSE POSITIVE,2.236100588,1.8643,27241.0,55.59,1255.0,586.38,43.0,1.427,5708.0,4.578,0.795
5461440,K00504.01,Kepler-581 b,CONFIRMED,40.606895,5.756,657.5,2.67,521.0,17.4,36.3,0.494,5538.0,4.384,1.027
5689351,K00505.01,Kepler-169 e,CONFIRMED,13.76710058,2.9105,684.8,2.24,595.0,29.55,41.6,0.806,5001.0,4.582,0.76
5689351,K00505.02,Kepler-169 c,CONFIRMED,6.1954595,2.952,296.4,1.37,776.0,85.77,27.1,0.647,5001.0,4.582,0.76
5689351,K00505.03,Kepler-169 b,CONFIRMED,3.25058201,2.2537,218.4,1.19,962.0,202.09,24.0,0.684,5001.0,4.582,0.76
5689351,K00505.04,Kepler-169 d,CONFIRMED,8.34819209,2.835,288.9,1.45,702.0,57.48,22.1,0.799,5001.0,4.582,0.76
5303551,K00553.01,,FALSE POSITIVE,2.399069173,3.2576,286.6,1.78,1354.0,792.76,37.8,0.649,5654.0,4.395,1.001
7692093,K03337.02,,FALSE POSITIVE,91.172033,6.676,368.5,1.58,360.0,3.96,7.3,0.005,5552.0,4.562,0.836
5709725,K00555.01,Kepler-598 b,CONFIRMED,3.701765401,2.6061,288.3,1.63,1050.0,286.23,35.9,0.713,5252.0,4.442,0.898
5709725,K00555.02,Kepler-598 c,CONFIRMED,86.4943704,7.471,995.2,3.07,367.0,4.29,42.6,0.741,5252.0,4.442,0.898
7700871,K00088.01,,FALSE POSITIVE,5.17968868,3.7256,121.8,18.91,972.0,211.06,48.4,1.203,5761.0,4.548,0.815
9946525,K00398.01,Kepler-148 d,CONFIRMED,51.84688984,4.7769,9636.3,8.73,413.0,6.9,257.2,0.681,5227.0,4.535,0.838
9946525,K00398.02,Kepler-148 c,CONFIRMED,4.180048081,2.4479,1765.6,3.44,957.0,197.81,124.3,0.047,5227.0,4.535,0.838
2716853,K01022.02,,FALSE POSITIVE,68.832195,3.31,678.1,2.35,411.0,6.71,8.2,0.633,5687.0,4.538,0.86
9946525,K00398.03,Kepler-148 b,CONFIRMED,1.729367077,1.7442,484.4,1.82,1284.0,643.54,44.7,0.278,5227.0,4.535,0.838
7289157,K00399.01,,FALSE POSITIVE,5.26640614,3.6163,59294.0,38.05,1163.0,431.87,339.9,0.869,5916.0,4.296,1.175
2695110,K00400.01,,FALSE POSITIVE,44.18938922,6.8151,4293.5,14.0,537.0,19.73,102.0,1.03,6061.0,4.438,0.968
7098355,K00454.01,Kepler-558 b,CONFIRMED,29.00789166,5.0274,906.3,2.64,498.0,14.59,44.1,0.761,5295.0,4.566,0.801
7101828,K00455.01,,FALSE POSITIVE,47.878243,4.066,910.0,8.15,317.0,2.38,30.9,1.076,4254.0,4.634,0.624
7269974,K00456.01,Kepler-160 c,CONFIRMED,13.69942266,4.3409,1292.9,3.85,771.0,83.6,120.0,0.03,5541.0,4.332,1.089
7269974,K00456.02,Kepler-160 b,CONFIRMED,4.309381978,2.8977,310.7,1.89,1134.0,390.76,42.3,0.034,5541.0,4.332,1.089
7440748,K00457.01,Kepler-161 b,CONFIRMED,4.9213639,1.8806,761.3,2.14,868.0,134.02,77.7,0.026,5076.0,4.55,0.799
5689351,K00505.05,Kepler-169 f,CONFIRMED,87.0912594,7.0,1129.1,2.95,321.0,2.52,41.8,0.845,5001.0,4.582,0.76
5780715,K00506.01,,FALSE POSITIVE,1.583160478,1.1935,732.6,3.27,1619.0,1625.93,97.7,0.897,6063.0,4.476,1.012
5812960,K00507.01,Kepler-582 b,CONFIRMED,18.49234792,3.4744,1655.5,3.34,603.0,31.27,61.4,0.034,5289.0,4.477,0.838
6266741,K00508.01,Kepler-170 b,CONFIRMED,7.930583519,3.6083,826.1,3.05,899.0,154.36,89.9,0.559,5674.0,4.446,1.032
10187017,K00082.04,Kepler-102 c,CONFIRMED,7.07136119,2.757,65.7,0.63,719.0,63.11,22.4,0.658,4900.0,4.602,0.741
5738496,K00556.01,,FALSE POSITIVE,9.50150926,6.852,509.5,25.77,843.0,119.55,34.8,1.237,5938.0,4.518,0.908
5774349,K00557.01,Kepler-599 b,CONFIRMED,15.65563866,3.9305,955.9,2.55,623.0,35.62,53.2,0.304,5185.0,4.484,0.837
5978361,K00558.01,Kepler-1722 b,CONFIRMED,9.17858526,2.1945,796.5,2.3,753.0,76.14,50.6,0.582,5506.0,4.584,0.788
6422367,K00559.01,,FALSE POSITIVE,4.33144839,2.58,216.4,1.07,939.0,183.62,17.3,0.291,5344.0,4.55,0.728
6501635,K00560.01,Kepler-600 b,CONFIRMED,23.67513153,4.647,980.4,2.76,528.0,18.38,32.6,0.822,5309.0,4.588,0.781
3217264,K00401.01,Kepler-149 b,CONFIRMED,29.19899219,5.1227,2047.2,4.15,540.0,20.05,171.0,0.043,5376.0,4.462,0.94
3217264,K00401.02,Kepler-149 d,CONFIRMED,160.0191598,5.472,1552.8,4.28,306.0,2.08,49.6,0.852,5376.0,4.462,0.94
6850504,K00070.01,Kepler-20 c,CONFIRMED,10.854095934,3.7768,1034.4,2.99,765.0,80.88,252.8,0.422,5465.0,4.449,0.925
3217264,K00401.03,Kepler-149 c,CONFIRMED,55.3291399,6.918,325.7,1.67,436.0,8.55,21.8,0.209,5376.0,4.462,0.94
3342592,K00402.01,,FALSE POSITIVE,17.177328207,7.6702,24419.2,15.29,720.0,63.7,1357.5,0.267,6032.0,4.485,0.973
7440748,K00457.02,Kepler-161 c,CONFIRMED,7.064252021,1.3867,728.9,2.37,769.0,82.76,52.5,0.752,5076.0,4.55,0.799
8219268,K02133.02,,FALSE POSITIVE,43.501748,10.755,167.1,10.1,996.0,232.53,9.5,0.909,4604.0,2.936,6.221
7977197,K00459.01,Kepler-162 c,CONFIRMED,19.44639139,3.6227,926.0,3.24,681.0,50.73,82.4,0.813,5815.0,4.421,0.954
7977197,K00459.02,Kepler-162 b,CONFIRMED,6.91986988,3.4253,170.1,1.39,961.0,201.41,25.6,0.819,5815.0,4.421,0.954
6266741,K00508.02,Kepler-170 c,CONFIRMED,16.6658994,4.1934,754.2,2.85,702.0,57.31,60.8,0.429,5674.0,4.446,1.032
6381846,K00509.01,Kepler-171 b,CONFIRMED,4.16696628,2.7535,877.7,2.74,1053.0,291.34,80.1,0.022,5456.0,4.45,0.943
4367854,K02876.02,,FALSE POSITIVE,0.535224793,3.3402,228.7,1.09,1783.0,2385.75,48.8,0.017,5044.0,4.551,0.738
6381846,K00509.02,Kepler-171 c,CONFIRMED,11.46347165,2.599,1048.6,3.0,752.0,75.57,56.5,0.103,5456.0,4.45,0.943
6381846,K00509.03,Kepler-171 d,CONFIRMED,39.6034,6.487,572.7,2.22,497.0,14.47,25.8,0.166,5456.0,4.45,0.943
6422155,K00510.01,Kepler-172 b,CONFIRMED,2.940304817,2.7226,472.4,2.59,1256.0,588.66,51.8,0.825,5527.0,4.376,1.054
6665695,K00561.01,Kepler-601 b,CONFIRMED,5.378868001,2.7222,483.4,1.86,833.0,113.59,60.6,0.758,5077.0,4.567,0.774
6707833,K00563.01,Kepler-602 b,CONFIRMED,15.28467725,6.0768,321.3,2.7,852.0,124.4,38.1,0.774,5763.0,4.181,1.374
9785921,K03372.02,,FALSE POSITIVE,73.506021,5.734,485.6,2.37,471.0,11.66,11.3,0.473,6215.0,4.44,1.052
6786037,K00564.01,Kepler-603 b,CONFIRMED,21.05349939,7.1605,496.6,2.75,731.0,67.48,39.1,0.008,5751.0,4.254,1.247
6786037,K00564.02,Kepler-603 c,CONFIRMED,127.905412,14.475,4020.6,8.03,401.0,6.09,171.0,0.47,5751.0,4.254,1.247
6786037,K00564.03,Kepler-603 d,CONFIRMED,6.21716039,4.4289,211.2,1.81,1098.0,343.21,25.0,0.333,5751.0,4.254,1.247
4247092,K00403.01,,FALSE POSITIVE,21.05647572,1.238,1293.6,5.05,732.0,67.74,52.1,0.938,6156.0,4.381,1.118
4949751,K00404.01,,FALSE POSITIVE,31.80514278,7.6213,4675.3,34.82,553.0,22.05,161.3,1.289,5931.0,4.545,0.863
5003117,K00405.01,,FALSE POSITIVE,37.60936976,6.8615,27590.8,15.8,508.0,15.8,971.1,0.671,5600.0,4.483,0.896
5035972,K00406.01,,FALSE POSITIVE,49.26678528,5.5692,8494.0,929.36,538.0,19.79,309.0,8.364,5988.0,4.382,1.143
5218441,K00407.01,,FALSE POSITIVE,3.613757526,5.9128,4872.2,7.05,1182.0,461.67,591.2,0.812,5986.0,4.498,0.906
5351250,K00408.01,Kepler-150 c,CONFIRMED,7.381980206,3.1152,1433.8,3.42,876.0,138.88,101.6,0.096,5559.0,4.47,0.914
8043638,K00460.01,Kepler-559 b,CONFIRMED,17.58751692,4.3773,1377.8,4.03,706.0,58.6,109.4,0.106,5433.0,4.302,1.107
8621348,K00461.01,,FALSE POSITIVE,11.34436822,5.558,586.3,17.21,703.0,57.67,52.2,1.183,5594.0,4.602,0.752
8773869,K00462.01,,FALSE POSITIVE,1.576341127,3.1232,335.1,2.96,1797.0,2460.7,88.7,0.01,5087.0,3.967,1.666
8845205,K00463.01,Kepler-560 b,CONFIRMED,18.47762694,1.94,2604.6,1.55,267.0,1.21,75.7,0.712,3395.0,4.97,0.283
8890783,K00464.01,Kepler-561 b,CONFIRMED,58.36205791,6.3363,5374.7,7.02,446.0,9.33,286.6,0.402,5592.0,4.467,0.953
8890783,K00464.02,Kepler-561 c,CONFIRMED,5.350156114,2.2647,764.8,2.6,989.0,226.02,87.1,0.008,5592.0,4.467,0.953
6422155,K00510.02,Kepler-172 c,CONFIRMED,6.38899658,3.5032,543.3,2.89,970.0,209.17,45.8,0.876,5527.0,4.376,1.054
6422155,K00510.03,Kepler-172 d,CONFIRMED,14.62709685,4.097,396.4,2.7,736.0,69.31,22.7,0.945,5527.0,4.376,1.054
6422155,K00510.04,Kepler-172 e,CONFIRMED,35.1184432,4.59,542.4,3.26,550.0,21.57,20.4,0.958,5527.0,4.376,1.054
6451936,K00511.01,Kepler-173 c,CONFIRMED,8.00579096,3.0549,629.7,2.36,956.0,197.06,69.2,0.092,6032.0,4.395,0.935
6451936,K00511.02,Kepler-173 b,CONFIRMED,4.26374378,2.2725,182.0,1.28,1179.0,457.15,23.8,0.368,6032.0,4.395,0.935
8056665,K00089.01,Kepler-462 b,CONFIRMED,84.6877524,10.0248,347.7,3.37,611.0,32.96,95.1,0.017,6688.0,4.062,1.79
7025846,K00565.01,,FALSE POSITIVE,2.340523247,3.156,175.4,1.4,1456.0,1063.8,37.2,0.725,6056.0,4.397,0.981
7119481,K00566.01,Kepler-604 b,CONFIRMED,25.85499978,3.8737,610.5,2.4,637.0,38.81,31.7,0.265,6122.0,4.487,0.964
7445445,K00567.01,Kepler-184 b,CONFIRMED,10.68758211,3.3812,777.7,2.64,780.0,87.41,78.9,0.818,5788.0,4.524,0.848
7445445,K00567.02,Kepler-184 c,CONFIRMED,20.30303506,4.5038,533.4,2.16,630.0,37.12,44.7,0.793,5788.0,4.524,0.848
8397947,K04772.03,,FALSE POSITIVE,39.0930875,5.687,476.3,2.99,602.0,31.11,10.1,0.862,6072.0,4.343,1.193
5351250,K00408.02,Kepler-150 d,CONFIRMED,12.56096618,3.7647,923.1,2.74,734.0,68.49,55.1,0.022,5559.0,4.47,0.914
5351250,K00408.03,Kepler-150 e,CONFIRMED,30.8261043,5.914,742.2,3.18,544.0,20.68,32.3,0.943,5559.0,4.47,0.914
6850504,K00070.02,Kepler-20 b,CONFIRMED,3.696121272,2.463,383.4,1.78,1095.0,340.33,130.0,0.016,5465.0,4.449,0.925
5351250,K00408.04,Kepler-150 b,CONFIRMED,3.42806306,2.417,178.4,1.21,1131.0,386.14,16.6,0.082,5559.0,4.47,0.914
5444548,K00409.01,Kepler-545 b,CONFIRMED,13.24931848,4.4859,647.6,2.86,806.0,99.54,87.8,0.62,5799.0,4.361,1.078
10187017,K00082.06,,FALSE POSITIVE,22.4098677,2.271,69.8,0.73,489.0,13.55,11.9,0.869,4900.0,4.602,0.741
8891318,K00465.01,,FALSE POSITIVE,363.706662,8.553,1624.6,5.26,283.0,1.51,43.7,0.9315,6240.0,4.397,1.064
9583881,K00467.01,Kepler-562 b,CONFIRMED,18.00932214,4.9611,3004.4,4.96,658.0,44.29,245.2,0.55,5815.0,4.54,0.877
9589524,K00468.01,Kepler-563 b,CONFIRMED,22.18431824,3.0397,1593.0,3.18,546.0,21.06,87.6,0.032,5157.0,4.5,0.818
11775507,K06245.03,,FALSE POSITIVE,276.32360146,9.8964,81.3,1.21,352.0,3.63,4.6,0.706,6528.0,4.257,1.26
10187017,K00082.05,Kepler-102 b,CONFIRMED,5.28691996,2.579,41.5,0.51,792.0,92.97,15.8,0.705,4900.0,4.602,0.741
6838050,K00512.01,Kepler-583 b,CONFIRMED,6.51003001,3.3095,602.8,2.78,1017.0,253.24,48.1,0.023,5638.0,4.327,1.153
6937692,K00513.01,Kepler-584 b,CONFIRMED,35.18105723,7.545,987.7,4.17,664.0,45.89,63.1,0.772,6520.0,4.375,1.215
7602070,K00514.01,,FALSE POSITIVE,11.75560012,4.7,648.8,22.39,716.0,62.19,46.3,1.228,5644.0,4.575,0.806
7812179,K00515.01,,FALSE POSITIVE,17.79421914,4.1918,1549.4,25.27,606.0,31.94,111.5,1.242,5485.0,4.574,0.805
1868404,K07625.01,,FALSE POSITIVE,6.12601169,1.733,40.2,0.83,1141.0,400.49,7.0,0.422,5679.0,4.146,1.286
7445445,K00567.03,Kepler-184 d,CONFIRMED,29.02235217,4.0263,637.6,2.55,559.0,23.06,41.4,0.902,5788.0,4.524,0.848
7595157,K00568.01,Kepler-605 b,CONFIRMED,3.383540239,1.403,255.7,1.65,1133.0,389.19,36.2,0.63,5300.0,4.385,0.986
7595157,K00568.02,Kepler-605 c,CONFIRMED,2.358952404,1.593,94.1,0.96,1278.0,630.43,17.3,0.385,5300.0,4.385,0.986
8008206,K00569.01,Kepler-185 c,CONFIRMED,20.72904234,2.8066,561.7,1.94,530.0,18.68,31.6,0.559,4979.0,4.538,0.803
8008206,K00569.02,Kepler-185 b,CONFIRMED,1.632916419,1.5599,209.2,1.13,1237.0,554.07,31.0,0.136,4979.0,4.538,0.803
5449777,K00410.01,,FALSE POSITIVE,7.216951388,1.89082,4284.5,41.57,1055.0,292.7,312.2,1.283,6266.0,4.38,1.056
5478055,K00411.01,,FALSE POSITIVE,15.85238672,5.179,928.5,32.21,775.0,85.35,36.5,1.262,5903.0,4.322,1.005
5683743,K00412.01,Kepler-546 b,CONFIRMED,4.147021189,2.8997,3680.7,7.31,1258.0,590.84,421.2,0.255,5818.0,4.266,1.205
5791986,K00413.01,Kepler-151 b,CONFIRMED,15.22895514,2.5967,1124.8,3.0,639.0,39.4,63.8,0.777,5456.0,4.562,0.812
5791986,K00413.02,Kepler-151 c,CONFIRMED,24.67458244,3.2648,650.6,2.33,544.0,20.71,31.9,0.817,5456.0,4.562,0.812
9844088,K00470.01,Kepler-564 b,CONFIRMED,3.750832927,1.9457,2397.9,4.61,1129.0,383.77,212.5,0.001,5776.0,4.512,0.95
10019643,K00471.01,Kepler-163 c,CONFIRMED,21.34736612,4.184,630.5,3.2,648.0,41.65,53.1,0.885,5395.0,4.324,1.071
10019643,K00471.02,Kepler-163 b,CONFIRMED,7.81100952,3.231,126.7,1.36,906.0,159.24,15.8,0.816,5395.0,4.324,1.071
10123064,K00472.01,Kepler-565 b,CONFIRMED,4.243748097,3.3603,1409.7,3.16,1063.0,301.46,139.8,0.032,5873.0,4.554,0.843
5653126,K06612.02,,FALSE POSITIVE,2.404483552,0.2961,0.8,0.48,2078.0,4402.44,0.0,1.0,6050.0,3.823,2.345
7840044,K00516.01,,FALSE POSITIVE,13.54204116,3.334,338.7,2.01,794.0,93.98,26.4,0.722,5891.0,4.395,1.015
8015907,K00517.01,Kepler-585 b,CONFIRMED,2.752359689,2.0722,791.9,2.54,1178.0,455.43,115.7,0.436,5461.0,4.499,0.897
8017703,K00518.01,Kepler-174 b,CONFIRMED,13.98177862,2.958,1018.4,2.09,553.0,22.1,95.6,0.444,4859.0,4.615,0.651
8017703,K00518.02,Kepler-174 c,CONFIRMED,44.0003975,5.1115,599.6,1.56,377.0,4.79,43.3,0.032,4859.0,4.615,0.651
8017703,K00518.03,Kepler-174 d,CONFIRMED,247.354914,8.677,1291.8,2.29,212.0,0.48,49.0,0.044,4859.0,4.615,0.651
1995712,K07626.01,,FALSE POSITIVE,462.12069,10.42,633.7,2.46,249.0,0.91,9.9,0.002,6079.0,4.411,0.974
8106610,K00570.01,,FALSE POSITIVE,12.39894005,4.262,702.9,4.06,890.0,148.37,50.7,0.975,6355.0,4.41,1.108
8056665,K00089.02,Kepler-462 c,CONFIRMED,207.5829306,7.0686,505.1,4.52,453.0,9.97,70.0,0.84,6688.0,4.062,1.79
8120608,K00571.01,Kepler-186 c,CONFIRMED,7.26731094,2.2691,659.1,1.14,464.0,10.93,47.8,0.043,3751.0,4.8,0.443
8120608,K00571.02,Kepler-186 d,CONFIRMED,13.3430025,2.7399,799.7,1.29,379.0,4.87,47.1,0.517,3751.0,4.8,0.443
8120608,K00571.03,Kepler-186 b,CONFIRMED,3.886795001,1.7574,471.3,0.97,571.0,25.26,41.8,0.119,3751.0,4.8,0.443
8120608,K00571.04,Kepler-186 e,CONFIRMED,22.40777833,3.2881,661.3,1.15,319.0,2.44,33.9,0.147,3751.0,4.8,0.443
5872150,K00414.01,,FALSE POSITIVE,20.35509657,5.33265,25079.5,17.53,720.0,63.6,1703.2,0.503,6081.0,4.404,1.077
5872150,K00414.02,,FALSE POSITIVE,5.92240377,3.691,413.4,2.77,1087.0,329.86,44.4,0.949,6081.0,4.404,1.077
6850504,K00070.03,Kepler-20 d,CONFIRMED,77.6114427,7.1786,814.5,2.59,397.0,5.87,100.5,0.094,5465.0,4.449,0.925
6508221,K00416.01,Kepler-152 b,CONFIRMED,18.20795835,3.7965,1596.9,3.08,551.0,21.86,157.3,0.64,5176.0,4.612,0.738
10155434,K00473.01,Kepler-1720 b,CONFIRMED,12.70636123,2.395,871.7,2.75,697.0,55.86,54.0,0.793,5573.0,4.562,0.839
10460984,K00474.01,Kepler-164 c,CONFIRMED,10.94577783,3.0937,532.8,2.84,881.0,142.23,52.5,0.819,5888.0,4.342,1.097
10460984,K00474.02,Kepler-164 d,CONFIRMED,28.9869016,3.6233,471.6,2.7,637.0,38.82,31.5,0.842,5888.0,4.342,1.097
10460984,K00474.03,Kepler-164 e,CONFIRMED,94.886902,6.923,641.7,4.24,429.0,7.99,25.5,0.982,5888.0,4.342,1.097
10460984,K00474.04,Kepler-164 b,CONFIRMED,5.03505665,1.804,151.5,1.63,1141.0,401.23,16.6,0.911,5888.0,4.342,1.097
6436505,K06707.02,,FALSE POSITIVE,24.7222403,4.53,290.1,1.31,536.0,19.53,9.3,0.106,5481.0,4.592,0.778
8022244,K00519.01,Kepler-175 b,CONFIRMED,11.90352088,4.297,633.0,2.56,827.0,110.54,47.2,0.421,6063.0,4.47,1.001
2571238,K00084.01,Kepler-19 b,CONFIRMED,9.286964466,3.3649,691.7,2.1,762.0,79.68,251.9,0.004,5546.0,4.575,0.81
8022244,K00519.02,Kepler-175 c,CONFIRMED,34.0350605,6.695,727.8,2.76,583.0,27.24,41.3,0.474,6063.0,4.47,1.001
8037145,K00520.01,Kepler-176 c,CONFIRMED,12.75934489,3.5889,882.1,2.58,633.0,37.95,70.4,0.657,4963.0,4.501,0.826
8037145,K00520.02,Kepler-176 b,CONFIRMED,5.433132902,2.4012,328.2,1.61,841.0,118.56,33.1,0.72,4963.0,4.501,0.826
2140389,K07627.01,,FALSE POSITIVE,0.967427812,5.8883,9127.8,29.01,1419.0,956.61,323.4,1.248,5066.0,4.625,0.709
8193178,K00572.01,Kepler-187 c,CONFIRMED,10.64021008,5.4381,455.3,2.87,963.0,203.48,58.6,0.77,6112.0,4.281,1.233
8193178,K00572.02,Kepler-187 b,CONFIRMED,4.93883135,4.388,123.5,1.44,1244.0,566.38,21.3,0.633,6112.0,4.281,1.233
8344004,K00573.01,Kepler-188 c,CONFIRMED,5.996533443,3.3129,711.4,2.96,1025.0,260.49,70.5,0.51,5622.0,4.346,1.089
8344004,K00573.02,Kepler-188 b,CONFIRMED,2.06190864,1.9743,214.0,1.63,1463.0,1082.28,27.9,0.537,5622.0,4.346,1.089
8355239,K00574.01,Kepler-189 c,CONFIRMED,20.13490007,3.7962,1035.2,2.98,544.0,20.66,64.7,0.798,4963.0,4.501,0.826
6508221,K00416.02,Kepler-152 c,CONFIRMED,88.2553729,4.539,1132.2,2.96,326.0,2.67,54.2,0.886,5176.0,4.612,0.738
7975727,K00418.01,,FALSE POSITIVE,22.418319842,5.349,11929.1,9.94,563.0,23.8,944.4,0.8,5324.0,4.491,0.813
8219673,K00419.01,,FALSE POSITIVE,20.131477716,3.2806,8243.2,39.89,670.0,47.49,427.5,1.279,6003.0,4.507,0.932
8352537,K00420.01,Kepler-547 b,CONFIRMED,6.010383339,2.1939,2652.1,3.8,768.0,82.31,276.1,0.436,4882.0,4.558,0.738
3248033,K00006.01,,FALSE POSITIVE,1.334101467,2.1033,120.8,1.74,2169.0,5207.55,43.0,0.153,6178.0,4.106,1.58
10577994,K00475.01,Kepler-165 b,CONFIRMED,8.1808949,2.7546,723.5,2.1,716.0,62.21,48.7,0.521,5081.0,4.596,0.77
10577994,K00475.02,Kepler-165 c,CONFIRMED,15.31296388,3.0935,864.9,2.34,581.0,26.98,45.3,0.607,5081.0,4.596,0.77
10599206,K00476.01,Kepler-566 b,CONFIRMED,18.42794957,2.9264,706.6,2.24,526.0,18.05,36.0,0.727,4768.0,4.536,0.779
6768616,K06765.02,,FALSE POSITIVE,8.8249556,2.976,121.1,1.1,928.0,175.17,8.6,0.21,6078.0,4.434,0.994
10068383,K00725.01,,FALSE POSITIVE,7.30497811,4.5414,10930.0,10.86,760.0,78.87,69.6,0.932,5247.0,4.609,0.744
10157573,K00726.01,,FALSE POSITIVE,5.115750935,2.5378,1055.8,60.74,1202.0,493.38,51.8,1.475,6398.0,4.411,1.101
10191070,K00727.01,,FALSE POSITIVE,1.213745575,5.5835,2012.2,21.69,1246.0,572.53,213.7,1.246,4820.0,4.606,0.661
10225800,K00729.01,,FALSE POSITIVE,1.423799421,1.4866,2008.4,4.69,1659.0,1791.61,125.3,0.501,5962.0,4.464,1.019
10227020,K00730.01,Kepler-223 d,CONFIRMED,14.78767172,6.1191,781.8,3.46,827.0,110.42,39.4,0.021,5814.0,4.269,1.248
4563268,K00627.02,Kepler-625 c,CONFIRMED,4.16536757,3.2935,120.0,1.0,1048.0,284.49,30.4,0.348,5604.0,4.52,0.912
4644604,K00628.01,Kepler-626 b,CONFIRMED,14.48584765,3.1365,457.1,2.88,784.0,89.16,52.2,0.93,5784.0,4.352,1.085
4656049,K00629.01,Kepler-627 b,CONFIRMED,40.6992062,7.074,429.9,3.2,685.0,52.05,38.5,0.854,6419.0,4.175,1.362
4659405,K00630.01,,FALSE POSITIVE,4.532402495,3.12,339.1,3.69,1160.0,426.69,43.1,0.99,5575.0,4.278,1.173
7941635,K05449.02,,FALSE POSITIVE,25.273355,34.48,496.1,24.74,579.0,26.57,16.9,1.208,5313.0,4.39,0.976
4742414,K00631.01,Kepler-628 b,CONFIRMED,15.458056682,8.79536,4253.2,9.11,871.0,136.4,1055.9,0.05,5868.0,4.169,1.407
7764367,K00685.01,Kepler-644 b,CONFIRMED,3.173914037,3.6069,303.0,3.07,1655.0,1769.83,76.1,0.819,6432.0,4.164,1.584
9024857,K07124.02,,FALSE POSITIVE,379.11996,7.22,1107.7,2.74,221.0,0.57,9.2,0.483,5546.0,4.575,0.81
10227020,K00730.02,Kepler-223 c,CONFIRMED,9.84824649,5.7471,436.7,2.68,947.0,189.82,25.3,0.55,5814.0,4.269,1.248
10227020,K00730.03,Kepler-223 e,CONFIRMED,19.7243672,7.202,577.9,3.57,751.0,75.23,26.0,0.898,5814.0,4.269,1.248
6678383,K00111.03,Kepler-104 d,CONFIRMED,51.75530504,7.4355,609.2,2.61,515.0,16.6,116.9,0.638,5979.0,4.394,1.005
10227020,K00730.04,Kepler-223 b,CONFIRMED,7.38443269,5.7351,349.8,2.42,1042.0,278.67,23.7,0.594,5814.0,4.269,1.248
10259031,K00731.01,,FALSE POSITIVE,7.06115081,3.547,1526.9,171.85,886.0,145.61,60.4,2.824,5795.0,4.554,0.848
4827723,K00632.01,Kepler-629 b,CONFIRMED,7.23858162,3.1199,268.2,1.34,816.0,104.51,41.6,0.147,5411.0,4.561,0.831
4841374,K00633.01,Kepler-630 b,CONFIRMED,161.4746786,10.572,828.2,3.25,343.0,3.27,47.8,0.746,5761.0,4.383,1.044
4861736,K00634.01,,FALSE POSITIVE,6.277827312,8.6841,1856.8,4.87,985.0,222.45,191.3,0.95,6077.0,4.526,0.891
5020319,K00635.01,Kepler-1725 b,CONFIRMED,16.71987303,3.317,523.1,2.52,767.0,81.63,19.2,0.437,6020.0,4.389,1.085
5090690,K00636.01,,FALSE POSITIVE,12.011661094,3.77516,14293.6,55.2,1317.0,710.87,1898.4,1.024,6753.0,3.91,2.396
8161561,K00688.01,Kepler-645 b,CONFIRMED,3.275821982,3.0427,274.9,3.54,1730.0,2121.23,64.4,0.746,6185.0,4.013,1.972
8361905,K00689.01,Kepler-646 b,CONFIRMED,15.87360981,3.5246,415.6,1.53,632.0,37.68,38.4,0.395,5656.0,4.607,0.737
12116489,K00547.03,Kepler-595 c,CONFIRMED,12.3860474,2.604,151.3,1.11,679.0,50.23,9.1,0.538,5121.0,4.457,0.888
8409588,K00690.01,,FALSE POSITIVE,1.360834768,1.4886,1570.5,7.24,1660.0,1792.47,169.8,1.008,6215.0,4.543,0.872
11250587,K00107.01,Kepler-464 b,CONFIRMED,7.256962446,4.9402,463.2,3.53,1163.0,432.1,168.3,0.676,5858.0,4.112,1.549
8480285,K00691.01,Kepler-647 c,CONFIRMED,29.66631669,8.412,668.0,2.83,644.0,40.68,95.3,0.019,5956.0,4.322,1.098
8480285,K00691.02,Kepler-647 b,CONFIRMED,16.2254975,6.471,120.4,1.21,788.0,90.93,20.3,0.273,5956.0,4.322,1.098
10265898,K00732.01,Kepler-656 b,CONFIRMED,1.260258822,1.8594,1130.7,3.57,1569.0,1435.82,128.2,0.791,5550.0,4.5,0.954
2302758,K07629.01,,FALSE POSITIVE,0.542122617,1.283,88.3,0.94,2238.0,5914.13,16.3,0.108,5875.0,4.476,0.998
10265898,K00732.03,Kepler-656 c,CONFIRMED,5.25449393,3.078,169.0,1.41,975.0,213.25,12.6,0.837,5550.0,4.5,0.954
10271806,K00733.01,Kepler-224 c,CONFIRMED,5.924993927,2.8874,1608.1,3.15,758.0,77.91,68.5,0.848,5016.0,4.641,0.679
10271806,K00733.02,Kepler-224 d,CONFIRMED,11.34934848,3.1101,1249.8,2.39,610.0,32.75,41.7,0.398,5016.0,4.641,0.679
5098444,K00637.01,,FALSE POSITIVE,26.94927489,10.6977,19963.9,7.37,395.0,5.78,415.7,0.438,4723.0,4.741,0.512
5113822,K00638.01,Kepler-199 b,CONFIRMED,23.6421965,5.018,1102.2,2.9,595.0,29.65,97.2,0.022,5750.0,4.538,0.882
5113822,K00638.02,Kepler-199 c,CONFIRMED,67.0930642,7.334,1254.2,3.51,420.0,7.38,73.7,0.822,5750.0,4.538,0.882
5120087,K00639.01,Kepler-631 b,CONFIRMED,17.97979816,5.5828,459.1,2.89,828.0,111.12,43.9,0.069,6141.0,4.272,1.352
5121511,K00640.01,Kepler-632 b,CONFIRMED,30.99664113,2.9182,655.3,2.43,500.0,14.72,59.9,0.791,5324.0,4.544,0.853
8557374,K00692.01,Kepler-213 b,CONFIRMED,2.462344253,1.8113,180.1,1.33,1326.0,730.86,42.1,0.051,5736.0,4.467,1.008
8557374,K00692.02,Kepler-213 c,CONFIRMED,4.822969318,0.8752,332.1,2.22,1060.0,297.73,36.0,0.891,5736.0,4.467,1.008
8738735,K00693.01,Kepler-214 c,CONFIRMED,28.7796446,8.349,253.2,1.95,619.0,34.65,36.5,0.886,6000.0,4.45,1.044
8738735,K00693.02,Kepler-214 b,CONFIRMED,15.66057688,7.012,384.1,2.05,758.0,78.01,67.5,0.244,6000.0,4.45,1.044
8802165,K00694.01,Kepler-648 b,CONFIRMED,17.42115972,4.9974,928.1,3.11,674.0,48.91,114.3,0.651,5679.0,4.487,0.972
10271806,K00733.03,Kepler-224 b,CONFIRMED,3.13295351,2.2207,435.2,1.39,937.0,181.84,23.9,0.135,5016.0,4.641,0.679
10271806,K00733.04,Kepler-224 e,CONFIRMED,18.64349986,1.8491,813.4,2.14,517.0,16.91,16.1,0.774,5016.0,4.641,0.679
5351250,K00408.05,,FALSE POSITIVE,93.803766,2.946,460.1,2.05,375.0,4.69,8.6,0.63,5559.0,4.47,0.914
10272442,K00734.01,Kepler-657 b,CONFIRMED,24.5434566,7.2518,1151.3,3.08,616.0,34.07,64.5,0.042,5955.0,4.52,0.91
10984090,K00112.01,Kepler-466 b,CONFIRMED,51.07926451,6.3729,736.8,2.75,503.0,15.17,126.8,0.017,5833.0,4.407,1.022
5181817,K00642.01,,FALSE POSITIVE,4.350413063,1.7694,192.5,1.26,1088.0,331.98,37.8,0.549,5978.0,4.534,0.876
5309353,K00643.01,,FALSE POSITIVE,1.376384817,1.745,365.9,1.47,1343.0,770.31,47.8,0.558,5278.0,4.591,0.746
5356593,K00644.01,,FALSE POSITIVE,45.977861823,7.4493,23886.1,17.09,541.0,20.32,1283.6,0.367,5761.0,4.306,1.096
8805348,K00695.01,Kepler-649 b,CONFIRMED,29.90721859,4.8475,588.0,2.16,564.0,23.92,79.8,0.022,5739.0,4.476,0.896
8869680,K00696.01,,FALSE POSITIVE,7.03380109,6.4185,138.5,2.61,1320.0,718.45,46.7,0.861,6122.0,4.019,1.934
8878187,K00697.01,Kepler-650 b,CONFIRMED,3.032147946,3.8627,488.6,3.62,1507.0,1218.88,103.1,0.836,5827.0,4.151,1.447
4914423,K00108.01,Kepler-103 b,CONFIRMED,15.96532718,4.5837,482.2,3.33,872.0,136.42,144.2,0.674,5880.0,4.154,1.433
8891278,K00698.01,,FALSE POSITIVE,12.718711489,2.48998,8378.9,120.02,1042.0,279.33,550.2,1.588,6120.0,4.036,1.596
10340423,K00736.01,Kepler-225 c,CONFIRMED,18.79418506,3.2906,1529.0,2.33,412.0,6.79,40.2,0.356,4126.0,4.668,0.602
10340423,K00736.02,Kepler-225 b,CONFIRMED,6.73893544,2.813,601.3,1.44,579.0,26.64,24.2,0.043,4126.0,4.668,0.602
10345478,K00737.01,,FALSE POSITIVE,14.49839316,3.7343,3271.1,5.16,607.0,32.22,125.6,0.91,5268.0,4.602,0.735
10358759,K00738.01,Kepler-29 b,CONFIRMED,10.3392408,3.075,1184.6,2.98,777.0,86.46,51.4,0.15,5730.0,4.545,0.87
5374854,K00645.01,Kepler-633 b,CONFIRMED,8.50339249,2.9569,188.9,1.95,1021.0,257.22,28.5,0.825,5877.0,4.233,1.265
5374854,K00645.02,Kepler-633 c,CONFIRMED,23.7832097,7.939,256.5,2.01,725.0,65.26,38.3,0.01,5877.0,4.233,1.265
5384802,K00646.01,,FALSE POSITIVE,3.041547148,3.22798,20690.7,60.05,1544.0,1344.31,1670.6,1.233,6431.0,4.293,1.295
5531694,K00647.01,Kepler-634 b,CONFIRMED,5.16949729,4.5122,210.6,2.06,1309.0,694.32,66.2,0.235,6011.0,4.123,1.409
8908102,K00699.01,,FALSE POSITIVE,5.41460536,33.787,4080.1,116.93,1737.0,2150.63,294.4,1.29,6033.0,3.676,2.943
8962094,K00700.01,Kepler-215 d,CONFIRMED,30.86436512,2.9557,551.3,2.23,527.0,18.22,51.8,0.851,5677.0,4.563,0.828
8962094,K00700.02,Kepler-215 b,CONFIRMED,9.36059705,3.2069,236.5,1.42,784.0,89.47,42.0,0.802,5677.0,4.563,0.828
8962094,K00700.03,Kepler-215 c,CONFIRMED,14.6672293,3.742,198.1,1.21,675.0,49.12,30.5,0.596,5677.0,4.563,0.828
8962094,K00700.04,Kepler-215 e,CONFIRMED,68.1609897,5.662,295.6,1.45,405.0,6.34,25.0,0.459,5677.0,4.563,0.828
10358759,K00738.02,Kepler-29 c,CONFIRMED,13.28689997,3.2825,1039.6,2.78,715.0,61.8,41.3,0.017,5730.0,4.545,0.87
10386984,K00739.01,Kepler-658 b,CONFIRMED,1.287076693,1.4942,729.4,1.39,871.0,135.97,65.2,0.003,3736.0,4.724,0.525
10395381,K00740.01,Kepler-659 b,CONFIRMED,17.6717714,3.4202,918.6,2.44,513.0,16.38,36.2,0.86,4869.0,4.636,0.687
10418797,K00741.01,,FALSE POSITIVE,23.355341391,4.60672,38524.0,21.55,601.0,30.96,1144.3,0.842,5754.0,4.534,0.905
5613330,K00649.01,Kepler-635 b,CONFIRMED,23.44970494,8.6567,315.6,2.71,802.0,97.94,67.9,0.193,6188.0,4.196,1.524
8456679,K00102.01,Kepler-1990 b,CONFIRMED,1.73513619,2.2741,952.6,3.27,1554.0,1372.87,473.2,0.045,5751.0,4.391,1.071
5786676,K00650.01,Kepler-1665 b,CONFIRMED,11.95474513,2.1433,903.4,5.15,906.0,159.04,96.3,0.601,5059.0,3.976,1.657
5796186,K00651.01,,FALSE POSITIVE,42.55930625,3.0148,2303.5,5.45,527.0,18.24,60.9,0.927,6032.0,4.489,0.924
5796675,K00652.01,Kepler-636 b,CONFIRMED,16.080657264,2.8701,3076.0,4.43,614.0,33.64,195.9,0.051,5303.0,4.547,0.817
9002278,K00701.01,Kepler-62 d,CONFIRMED,18.16407304,2.9355,943.2,1.98,508.0,15.72,99.7,0.021,4926.0,4.653,0.662
12306808,K07521.02,,FALSE POSITIVE,7.334073405,2.7308,326.9,1.42,870.0,135.81,2.6,0.559,5985.0,4.603,0.758
9002278,K00701.02,Kepler-62 b,CONFIRMED,5.71489692,2.3572,425.9,1.33,747.0,73.38,73.0,0.011,4926.0,4.653,0.662
9002278,K00701.03,Kepler-62 e,CONFIRMED,122.3858681,7.123,711.1,1.72,269.0,1.24,46.3,0.101,4926.0,4.653,0.662
9053112,K00702.01,,FALSE POSITIVE,1.274840187,14.833,229.2,66.76,2498.0,9187.9,79.3,1.198,5365.0,3.669,2.872
4914423,K00108.02,Kepler-103 c,CONFIRMED,179.609803,13.755,1273.0,5.47,389.0,5.41,184.6,0.711,5880.0,4.154,1.433
9162741,K00703.01,,FALSE POSITIVE,1.368617188,1.6235,126.9,1.84,2255.0,6108.26,44.4,0.464,6561.0,4.14,1.584
5893123,K00653.01,,FALSE POSITIVE,1.125963085,1.5034,146.0,1.41,1988.0,3689.22,43.1,0.596,6225.0,4.348,1.116
5941160,K00654.01,Kepler-200 b,CONFIRMED,8.59481851,3.254,336.5,1.75,854.0,125.48,37.5,0.617,5675.0,4.459,0.915
5941160,K00654.02,Kepler-200 c,CONFIRMED,10.22215697,1.1939,238.2,1.72,806.0,99.68,13.6,0.911,5675.0,4.459,0.915
5966154,K00655.01,Kepler-201 b,CONFIRMED,25.6721559,5.9629,387.1,2.68,683.0,51.47,78.4,0.867,6034.0,4.359,1.179
5966154,K00655.02,Kepler-201 c,CONFIRMED,151.8851881,12.091,360.6,2.47,378.0,4.81,46.3,0.788,6034.0,4.359,1.179
3749508,K07544.02,,FALSE POSITIVE,1.065731229,1.7499,3639.6,384.26,5118.0,161806.81,109.2,1.277,6244.0,2.897,10.105
9266431,K00704.01,Kepler-1726 b,CONFIRMED,18.39629744,2.7838,680.2,2.47,582.0,27.09,58.4,0.872,5316.0,4.57,0.804
9300285,K00705.01,,FALSE POSITIVE,1.012672041,3.0512,1197.6,5.89,2337.0,7026.31,237.4,0.957,6663.0,4.275,1.338
9426071,K00706.01,,FALSE POSITIVE,28.714216138,6.0624,43701.9,42.19,794.0,93.74,1230.7,0.919,6706.0,4.226,1.417
9458613,K00707.01,Kepler-33 d,CONFIRMED,21.77568158,7.9588,797.9,4.76,853.0,125.14,117.3,0.025,5900.0,4.022,1.694
9458613,K00707.02,Kepler-33 f,CONFIRMED,41.0283424,9.8052,541.4,3.92,691.0,53.8,66.5,0.011,5900.0,4.022,1.694
10729472,K04453.02,,FALSE POSITIVE,0.83442282,1.873,50.9,0.64,1854.0,2794.84,8.8,0.163,5838.0,4.529,0.897
5966660,K00656.01,,FALSE POSITIVE,1.906633332,3.0825,268.0,2.72,1847.0,2745.66,83.3,0.98,6736.0,4.335,1.243
6020753,K00657.01,Kepler-202 b,CONFIRMED,4.069425638,2.0396,549.1,1.53,802.0,97.72,68.0,0.102,4671.0,4.636,0.68
8456679,K00102.02,Kepler-1990 c,CONFIRMED,4.06844957,2.8349,79.8,0.98,1170.0,442.08,29.3,0.55,5751.0,4.391,1.071
6020753,K00657.02,Kepler-202 c,CONFIRMED,16.28247625,2.9227,792.6,1.88,505.0,15.37,60.0,0.382,4671.0,4.636,0.68
6062088,K00658.01,Kepler-203 b,CONFIRMED,3.162692075,1.9529,503.7,2.61,1308.0,692.32,75.4,0.716,5821.0,4.355,1.085
9458613,K00707.03,Kepler-33 e,CONFIRMED,31.7848157,8.8077,444.5,3.55,752.0,75.59,57.6,0.015,5900.0,4.022,1.694
9458613,K00707.04,Kepler-33 c,CONFIRMED,13.17555999,6.6677,280.0,2.82,1009.0,244.58,48.8,0.013,5900.0,4.022,1.694
9458613,K00707.05,Kepler-33 b,CONFIRMED,5.66815821,4.9064,119.7,1.85,1336.0,752.7,27.3,0.177,5900.0,4.022,1.694
9530945,K00708.01,Kepler-216 c,CONFIRMED,17.40665216,6.864,586.9,2.95,814.0,104.04,85.7,0.022,6086.0,4.274,1.216
4752451,K00109.01,,FALSE POSITIVE,6.41496453,3.9015,201.2,25.79,1153.0,417.97,53.1,1.187,6170.0,4.259,1.183
6062088,K00658.02,Kepler-203 c,CONFIRMED,5.370639542,2.1121,491.3,2.54,1096.0,341.68,58.8,0.667,5821.0,4.355,1.085
6062088,K00658.03,Kepler-203 d,CONFIRMED,11.32977062,3.845,162.4,1.37,855.0,126.21,18.5,0.036,5821.0,4.355,1.085
6125481,K00659.01,Kepler-637 b,CONFIRMED,23.20579353,4.3243,342.5,5.86,1002.0,238.21,46.9,0.059,5460.0,3.626,3.231
6267535,K00660.01,Kepler-638 b,CONFIRMED,6.07972016,7.1228,290.8,2.32,1111.0,360.77,77.9,0.471,5460.0,4.139,1.346
6347299,K00661.01,Kepler-204 b,CONFIRMED,14.40090414,4.1682,379.6,2.71,828.0,111.24,41.1,0.872,5815.0,4.27,1.198
9530945,K00708.02,Kepler-216 b,CONFIRMED,7.69363627,5.0324,295.1,2.12,1069.0,308.61,55.1,0.366,6086.0,4.274,1.216
9578686,K00709.01,Kepler-651 b,CONFIRMED,21.3851584,4.0819,663.9,2.17,574.0,25.63,67.3,0.518,5376.0,4.516,0.825
9590976,K00710.01,Kepler-217 b,CONFIRMED,5.37493289,3.9567,155.8,2.12,1413.0,942.35,49.0,0.228,6167.0,4.037,1.689
9590976,K00710.02,Kepler-217 c,CONFIRMED,8.58600968,3.3443,102.1,1.84,1208.0,503.98,23.2,0.728,6167.0,4.037,1.689
9590976,K00710.03,Kepler-217 d,CONFIRMED,3.88688862,3.683,58.3,1.29,1574.0,1448.04,20.8,0.035,6167.0,4.037,1.689
2441151,K00603.01,,FALSE POSITIVE,2.192009479,2.9453,1475.6,35.9,1446.0,1030.69,131.2,1.248,5499.0,4.28,1.125
3970233,K00604.01,,FALSE POSITIVE,8.254912972,6.8822,19242.4,11.86,793.0,93.46,438.2,0.532,5366.0,4.5,0.835
4832837,K00605.01,Kepler-621 b,CONFIRMED,2.628117322,1.8289,936.8,1.77,737.0,69.56,98.1,0.612,3939.0,4.705,0.557
5014753,K00606.01,,FALSE POSITIVE,3.170626881,2.7189,14610.0,14.37,1314.0,704.88,113.2,0.847,6068.0,4.428,1.034
6347299,K00661.02,Kepler-204 c,CONFIRMED,25.6613816,4.459,166.5,1.78,683.0,51.48,14.6,0.864,5815.0,4.27,1.198
6365156,K00662.01,Kepler-639 b,CONFIRMED,10.21418792,5.8201,303.8,2.29,957.0,198.34,78.6,0.016,5843.0,4.25,1.332
6425957,K00663.01,Kepler-205 b,CONFIRMED,2.755637216,1.8559,536.7,1.37,757.0,77.57,99.8,0.717,4121.0,4.709,0.553
1293046,K07622.01,,FALSE POSITIVE,36.2671673,2.065,627.1,1.5,347.0,3.44,10.0,0.214,4264.0,4.637,0.62
2444412,K00103.01,Kepler-1710 b,CONFIRMED,14.91095177,3.325,864.5,2.62,694.0,54.87,116.9,0.014,5650.0,4.5,0.899
6425957,K00663.02,Kepler-205 c,CONFIRMED,20.30652862,2.8014,715.4,1.58,389.0,5.4,60.8,0.714,4121.0,4.709,0.553
9597345,K00711.01,Kepler-218 c,CONFIRMED,44.6996563,6.2289,837.7,3.05,500.0,14.81,71.3,0.472,5497.0,4.394,1.046
9597345,K00711.02,Kepler-218 b,CONFIRMED,3.619309734,3.0504,206.6,1.47,1156.0,422.53,47.4,0.116,5497.0,4.394,1.046
9597345,K00711.03,Kepler-218 d,CONFIRMED,124.5245224,9.654,689.9,2.69,356.0,3.78,47.5,0.004,5497.0,4.394,1.046
9640976,K00712.01,,FALSE POSITIVE,2.178150857,1.931,162.5,1.11,1282.0,636.74,37.4,0.58,5691.0,4.56,0.836
9640985,K00713.01,,FALSE POSITIVE,2.178150567,3.5065,511.3,34.19,1796.0,2457.28,131.4,1.228,6820.0,4.328,1.254
5562784,K00608.01,,FALSE POSITIVE,25.33709016,9.664,2279.4,3.47,414.0,6.93,120.3,0.824,4469.0,4.625,0.635
5608566,K00609.01,,FALSE POSITIVE,4.396999852,1.875,4576.8,13.57,1231.0,543.48,63.3,0.987,5949.0,4.311,1.156
5686174,K00610.01,Kepler-622 b,CONFIRMED,14.28228147,2.6588,983.2,1.82,446.0,9.38,44.7,0.019,4102.0,4.675,0.595
5903312,K00008.01,,FALSE POSITIVE,1.16015259,1.3433,170.2,1.4,1751.0,2229.29,48.4,0.748,5842.0,4.433,0.985
6462863,K00094.04,Kepler-89 b,CONFIRMED,3.743166733,3.6888,126.3,1.5,1423.0,971.76,47.2,0.008,6181.0,4.234,1.331
6442340,K00664.01,Kepler-206 c,CONFIRMED,13.13747785,4.8655,212.8,1.85,825.0,109.68,43.1,0.8,5762.0,4.314,1.143
6442340,K00664.02,Kepler-206 b,CONFIRMED,7.78199862,3.947,106.9,1.32,983.0,220.8,25.6,0.816,5762.0,4.314,1.143
1434395,K07623.01,,FALSE POSITIVE,2.2227289,2.617,279.1,34.14,4454.0,93172.12,10.5,0.254,4996.0,2.354,20.848
6442340,K00664.03,Kepler-206 d,CONFIRMED,23.4433748,5.768,85.0,1.29,681.0,50.72,14.1,0.924,5762.0,4.314,1.143
6685609,K00665.01,Kepler-207 d,CONFIRMED,5.868066282,4.1246,436.5,3.6,1254.0,584.32,97.6,0.801,5918.0,4.127,1.555
6685609,K00665.02,Kepler-207 b,CONFIRMED,1.61189046,3.0792,101.1,1.72,1930.0,3267.98,38.0,0.782,5918.0,4.127,1.555
9450647,K00110.01,Kepler-465 b,CONFIRMED,9.940666412,3.9092,520.2,2.87,996.0,233.04,161.4,0.02,6215.0,4.305,1.259
9702072,K00714.01,Kepler-652 b,CONFIRMED,4.182001885,2.2209,847.4,2.46,974.0,213.29,160.3,0.015,5328.0,4.551,0.865
9834719,K00715.01,,FALSE POSITIVE,1.621668852,1.7517,7662.0,32.76,1598.0,1546.28,67.8,1.194,6106.0,4.487,0.966
9873254,K00717.01,Kepler-653 b,CONFIRMED,14.70749512,3.1506,262.0,2.04,819.0,106.22,36.3,0.127,5676.0,4.247,1.28
6587002,K00612.01,Kepler-196 b,CONFIRMED,20.73989406,3.1505,616.1,2.11,536.0,19.47,44.2,0.777,5132.0,4.571,0.77
6587002,K00612.02,Kepler-196 c,CONFIRMED,47.4277116,5.2679,820.4,2.33,407.0,6.46,49.9,0.678,5132.0,4.571,0.77
6960456,K00613.01,,FALSE POSITIVE,5.07442951,4.064,250.2,1.38,929.0,175.75,26.7,0.53,5448.0,4.562,0.857
7368664,K00614.01,Kepler-434 b,CONFIRMED,12.874712426,2.2491,3860.7,11.26,926.0,173.5,218.5,0.932,5963.0,4.218,1.424
8374580,K00615.01,,FALSE POSITIVE,176.2432946,5.0423,4981.4,48.15,353.0,3.68,86.6,1.271,5559.0,4.209,1.231
6685609,K00665.03,Kepler-207 c,CONFIRMED,3.07155284,4.0935,86.0,1.65,1556.0,1389.97,27.2,0.855,5918.0,4.127,1.555
6707835,K00666.01,Kepler-640 b,CONFIRMED,22.24814617,4.1483,613.7,2.72,609.0,32.58,74.2,0.868,5629.0,4.503,0.943
6752502,K00667.01,,FALSE POSITIVE,4.305219002,2.6845,9738.6,10.34,1119.0,370.84,205.8,0.626,5780.0,4.438,1.0
6805146,K00668.01,,FALSE POSITIVE,13.779711352,7.63871,25479.1,47.58,1376.0,848.24,2013.6,0.201,6444.0,3.643,2.947
10318874,K00104.01,Kepler-94 b,CONFIRMED,2.508057497,1.1134,1507.6,3.25,997.0,234.06,312.7,0.742,4780.0,4.597,0.761
6960445,K00669.01,,FALSE POSITIVE,5.07437786,5.942,605.7,23.71,1008.0,244.04,86.6,1.21,5661.0,4.48,0.919
9873254,K00717.02,Kepler-653 c,CONFIRMED,0.900375925,1.257,41.4,0.82,2078.0,4399.18,14.6,0.093,5676.0,4.247,1.28
9884104,K00718.01,Kepler-219 b,CONFIRMED,4.585466941,3.4437,383.5,3.29,1307.0,688.54,84.8,0.823,5788.0,4.16,1.495
9884104,K00718.02,Kepler-219 c,CONFIRMED,22.71443351,6.0875,575.1,4.01,766.0,81.57,74.4,0.816,5788.0,4.16,1.495
9884104,K00718.03,Kepler-219 d,CONFIRMED,47.903427,6.191,379.3,3.55,598.0,30.17,34.1,0.918,5788.0,4.16,1.495
9950612,K00719.01,Kepler-220 c,CONFIRMED,9.034190783,1.5501,577.6,1.8,586.0,27.87,82.1,0.846,4499.0,4.635,0.639
9714696,K00616.01,,FALSE POSITIVE,1.433339604,1.3665,305.2,2.08,1677.0,1873.33,39.6,0.902,6077.0,4.471,0.999
9846086,K00617.01,,FALSE POSITIVE,37.86511904,2.9799,6941.7,40.36,535.0,19.31,222.3,1.28,5858.0,4.495,0.963
10353968,K00618.01,Kepler-623 b,CONFIRMED,9.07098164,2.6903,1026.2,2.94,825.0,109.61,59.1,0.013,5672.0,4.506,0.929
10384962,K00619.01,,FALSE POSITIVE,2.879243323,2.6273,48050.0,21.02,1244.0,565.39,200.5,0.709,5941.0,4.533,0.885
11773022,K00620.01,Kepler-51 b,CONFIRMED,45.15535633,5.7845,6208.7,7.65,523.0,17.68,285.1,0.063,6046.0,4.486,0.972
7033671,K00670.01,Kepler-641 b,CONFIRMED,9.48965527,3.587,262.2,2.16,926.0,173.79,42.5,0.795,5672.0,4.279,1.204
7040629,K00671.01,Kepler-208 b,CONFIRMED,4.22865217,3.3275,150.0,1.83,1379.0,854.59,41.5,0.009,5966.0,4.169,1.499
2711131,K07637.01,,FALSE POSITIVE,2.85889907,1.465,55.7,0.73,989.0,226.09,6.9,0.936,4973.0,4.603,0.754
7040629,K00671.02,Kepler-208 c,CONFIRMED,7.46662068,3.87,120.9,1.65,1141.0,401.08,27.4,0.255,5966.0,4.169,1.499
7040629,K00671.03,Kepler-208 e,CONFIRMED,16.25951967,3.854,129.5,1.72,880.0,142.1,19.6,0.374,5966.0,4.169,1.499
7040629,K00671.04,Kepler-208 d,CONFIRMED,11.1317901,4.051,95.5,1.47,999.0,235.55,18.2,0.342,5966.0,4.169,1.499
9950612,K00719.02,Kepler-220 d,CONFIRMED,28.1224393,4.174,194.3,0.9,401.0,6.13,26.9,0.516,4499.0,4.635,0.639
6678383,K00111.01,Kepler-104 b,CONFIRMED,11.427550984,4.6074,500.9,2.35,852.0,124.31,165.5,0.608,5979.0,4.394,1.005
2308411,K07631.01,,FALSE POSITIVE,0.983304511,1.78,79.9,1.1,2121.0,4774.53,10.1,0.477,6363.0,4.386,1.198
9950612,K00719.03,Kepler-220 e,CONFIRMED,45.9029768,5.0041,361.8,1.18,341.0,3.19,42.9,0.303,4499.0,4.635,0.639
9950612,K00719.04,Kepler-220 b,CONFIRMED,4.159816554,1.6261,160.3,0.86,759.0,78.4,35.6,0.676,4499.0,4.635,0.639
9963524,K00720.01,Kepler-221 c,CONFIRMED,5.69059163,2.557,1384.3,3.1,860.0,129.31,45.5,0.573,5244.0,4.538,0.81
5780885,K00097.01,Kepler-7 b,CONFIRMED,4.885488596,5.16165,7458.4,16.66,1496.0,1182.79,2590.1,0.361,6036.0,3.968,1.909
11773022,K00620.02,Kepler-51 d,CONFIRMED,130.17802962,8.4534,11570.9,10.44,367.0,4.31,365.2,0.022,6046.0,4.486,0.972
11773022,K00620.03,Kepler-51 c,CONFIRMED,85.3162004,2.7441,1902.6,6.34,423.0,7.57,32.6,0.972,6046.0,4.486,0.972
12068975,K00623.01,Kepler-197 c,CONFIRMED,10.34973276,4.4859,119.0,1.44,930.0,177.25,44.5,0.905,6003.0,4.303,1.109
7115785,K00672.01,Kepler-209 b,CONFIRMED,16.08786246,3.095,612.5,2.56,668.0,47.17,63.7,0.824,5506.0,4.473,0.914
7115785,K00672.02,Kepler-209 c,CONFIRMED,41.74938613,5.6098,1055.4,2.94,486.0,13.22,95.0,0.226,5506.0,4.473,0.914
7115785,K00672.03,,FALSE POSITIVE,0.56680081,3.6116,127.7,1.02,2038.0,4065.92,71.5,0.004,5506.0,4.473,0.914
7124613,K00673.01,Kepler-642 b,CONFIRMED,4.41746257,2.965,291.0,3.95,1810.0,2536.07,22.6,0.085,6570.0,3.86,2.297
8711794,K00105.01,Kepler-463 b,CONFIRMED,8.981014925,1.8478,1059.3,3.14,880.0,141.77,198.3,0.097,5666.0,4.362,0.967
7277317,K00674.01,Kepler-643 b,CONFIRMED,16.33888067,9.3599,1718.4,10.47,963.0,203.31,201.9,0.256,4877.0,3.645,2.595
2446134,K07632.01,,FALSE POSITIVE,39.1307086,2.295,201.0,1.54,600.0,30.75,7.4,0.013,6295.0,4.401,1.08
9963524,K00720.02,Kepler-221 d,CONFIRMED,10.04157214,2.6577,1114.0,2.97,712.0,60.74,28.1,0.768,5244.0,4.538,0.81
9963524,K00720.03,Kepler-221 e,CONFIRMED,18.36974658,2.939,1143.3,3.58,582.0,27.14,20.1,0.947,5244.0,4.538,0.81
9963524,K00720.04,Kepler-221 b,CONFIRMED,2.79590004,2.056,383.7,1.66,1090.0,333.31,16.3,0.638,5244.0,4.538,0.81
9964801,K00721.01,Kepler-654 b,CONFIRMED,13.72462702,6.9758,281.8,2.13,831.0,112.82,50.1,0.748,5817.0,4.293,1.171
9965439,K00722.01,Kepler-655 b,CONFIRMED,46.40626,7.0281,469.1,2.66,588.0,28.23,51.2,0.018,6086.0,4.276,1.227
12068975,K00623.02,Kepler-197 d,CONFIRMED,15.67750191,5.5082,115.5,1.42,810.0,101.79,39.6,0.911,6003.0,4.303,1.109
12068975,K00623.03,Kepler-197 b,CONFIRMED,5.59931543,3.8944,84.8,1.22,1142.0,402.39,41.4,0.914,6003.0,4.303,1.109
12068975,K00623.04,Kepler-197 e,CONFIRMED,25.2100146,6.553,62.1,0.95,691.0,54.06,18.8,0.771,6003.0,4.303,1.109
3541946,K00624.01,Kepler-198 b,CONFIRMED,17.79001678,4.4116,871.4,2.7,655.0,43.5,67.2,0.182,5569.0,4.474,0.927
3541946,K00624.02,Kepler-198 c,CONFIRMED,49.5674085,4.002,730.0,2.91,465.0,11.09,31.2,0.866,5569.0,4.474,0.927
10264660,K00098.01,Kepler-14 b,CONFIRMED,6.790120801,6.0437,2302.3,9.86,1434.0,998.97,526.1,0.486,6372.0,3.954,2.001
7385509,K00675.01,,FALSE POSITIVE,1.655467295,3.2424,1059.4,2.17,1080.0,322.97,98.7,0.001,4583.0,4.6,0.695
7447200,K00676.01,Kepler-210 c,CONFIRMED,7.972510087,2.9754,3139.0,3.22,497.0,14.45,206.7,0.739,3912.0,4.728,0.533
7447200,K00676.02,Kepler-210 b,CONFIRMED,2.453236139,1.6691,1723.2,2.26,737.0,69.36,158.0,0.496,3912.0,4.728,0.533
7466863,K00677.01,,FALSE POSITIVE,11.9710626,2.7607,421.8,5.84,1044.0,280.97,42.6,0.999,6312.0,4.127,1.464
7509886,K00678.01,Kepler-211 c,CONFIRMED,6.0404622,1.98,241.0,1.3,841.0,118.56,14.9,0.508,5297.0,4.578,0.825
7509886,K00678.02,Kepler-211 b,CONFIRMED,4.13852825,2.281,256.5,1.3,954.0,196.51,20.5,0.185,5297.0,4.578,0.825
10002866,K00723.01,Kepler-222 b,CONFIRMED,3.936993144,1.887,1266.0,3.36,1004.0,240.16,59.3,0.801,5431.0,4.563,0.843
10002866,K00723.02,Kepler-222 d,CONFIRMED,28.08185982,4.5288,1840.3,3.63,522.0,17.52,50.8,0.425,5431.0,4.563,0.843
6678383,K00111.02,Kepler-104 c,CONFIRMED,23.66834635,5.8297,449.4,2.32,668.0,47.11,112.8,0.758,5979.0,4.394,1.005
10002866,K00723.03,Kepler-222 c,CONFIRMED,10.08881066,1.7726,1995.9,4.71,734.0,68.62,51.4,0.921,5431.0,4.563,0.843
10005020,K00724.01,,FALSE POSITIVE,6.97106919,3.9125,452.8,2.07,946.0,189.16,41.7,0.044,5871.0,4.493,0.983
3541946,K00624.03,Kepler-198 d,CONFIRMED,1.311842968,1.7876,245.1,1.43,1562.0,1410.6,44.2,0.121,5569.0,4.474,0.927
4449034,K00625.01,,FALSE POSITIVE,38.13853099,3.8617,1230.2,68.75,873.0,137.15,58.9,1.231,6481.0,3.861,2.343
4478168,K00626.01,Kepler-624 b,CONFIRMED,14.58649856,4.0249,378.7,2.45,852.0,124.89,53.0,0.665,6063.0,4.29,1.191
2854839,K07639.01,,FALSE POSITIVE,1.05569286,1.289,37.5,0.45,1395.0,898.72,7.1,0.131,4955.0,4.561,0.751
4563268,K00627.01,Kepler-625 b,CONFIRMED,7.75192755,3.5413,407.3,1.89,852.0,124.47,77.3,0.546,5604.0,4.52,0.912
7515212,K00679.01,Kepler-212 c,CONFIRMED,31.80475991,8.699,360.6,2.99,664.0,45.9,73.4,0.87,5867.0,4.235,1.356
7515212,K00679.02,Kepler-212 b,CONFIRMED,16.2580276,6.375,47.0,0.92,830.0,112.41,11.5,0.131,5867.0,4.235,1.356
7529266,K00680.01,Kepler-435 b,CONFIRMED,8.600153929,9.0015,4510.2,26.52,1703.0,1986.75,1208.1,0.296,6093.0,3.475,3.913
11553706,K00009.01,,FALSE POSITIVE,3.719809197,3.5317,2958.2,87.21,1873.0,2912.21,373.9,1.279,6284.0,3.813,2.348
2449053,K07633.01,,FALSE POSITIVE,0.73975345,4.2,481.8,2.09,1818.0,2580.0,86.2,0.525,5271.0,4.436,0.935
10489525,K00106.01,,FALSE POSITIVE,1.612249049,4.235,154.0,50.98,2713.0,12788.25,45.4,1.171,6732.0,3.793,2.569
7598128,K00681.01,,FALSE POSITIVE,44.258173075,7.58264,20541.7,37.38,845.0,120.38,1282.3,0.815,6544.0,3.839,2.326
11858979,K04062.01,,FALSE POSITIVE,3.05933906,1.7332,1169.2,36.0,1434.0,999.16,37.7,1.259,6238.0,4.337,1.116
5900390,K04063.01,,FALSE POSITIVE,0.624677585,2.411,37.3,1.28,4391.0,87591.59,31.0,0.522,9653.0,4.191,1.996
5444334,K04064.01,,FALSE POSITIVE,0.759763198,3.083,202.5,1.2,1752.0,2227.19,30.8,0.571,5520.0,4.572,0.818
10139620,K04065.01,,FALSE POSITIVE,372.37369,12.33,666.1,2.68,267.0,1.2,15.6,0.3052,6109.0,4.455,1.029
8686373,K04066.01,Kepler-1936 b,CONFIRMED,126.55719,8.079,366.4,4.59,524.0,17.85,24.8,0.965,6501.0,4.054,1.854
5386264,K04135.01,,FALSE POSITIVE,12.435190544,3.8305,71.9,0.52,545.0,20.93,4.8,0.321,4756.0,4.676,0.62
3867615,K02289.02,Kepler-379 b,CONFIRMED,20.0983676,5.207,157.8,1.58,775.0,85.34,20.9,0.02,6053.0,4.279,1.26
3218844,K07646.01,,FALSE POSITIVE,85.112898,2.503,513.8,2.21,422.0,7.48,8.0,0.033,6018.0,4.485,0.975
3542222,K04137.01,,FALSE POSITIVE,0.504426087,1.6276,614.5,33.96,2339.0,7077.76,81.7,1.321,6043.0,4.452,0.901
5530112,K04067.01,Kepler-1937 b,CONFIRMED,9.6887216,2.0,655.5,3.09,1014.0,250.25,18.1,0.118,6457.0,4.358,1.196
6226908,K04068.01,Kepler-1546 b,CONFIRMED,19.597317,4.508,1014.1,3.78,671.0,47.9,23.7,0.87,5569.0,4.368,1.019
5906694,K04069.01,Kepler-1938 b,CONFIRMED,13.06243545,3.244,464.3,1.36,527.0,18.25,21.4,0.128,4522.0,4.615,0.655
10186945,K04070.01,,FALSE POSITIVE,0.793663156,0.8244,186.2,1.14,1614.0,1600.85,23.7,0.4,5077.0,4.533,0.825
4636565,K04138.01,,FALSE POSITIVE,2.81401302,5.801,55.7,1.51,1723.0,2081.51,33.8,0.567,5541.0,3.869,1.967
9956082,K04139.01,Kepler-1557 b,CONFIRMED,3.74031708,2.394,165.6,1.38,1287.0,646.81,15.6,0.277,6260.0,4.433,1.063
3241647,K07650.01,,FALSE POSITIVE,0.851678507,2.028,67.9,0.85,1840.0,2698.28,9.1,0.418,5403.0,4.389,1.029
7761585,K04140.01,,FALSE POSITIVE,205.30627,7.86,671.0,2.48,314.0,2.29,6.4,0.1543,6045.0,4.494,0.955
3241248,K04141.01,,FALSE POSITIVE,0.978046982,2.6137,838.8,129.67,3146.0,23083.37,105.2,1.227,5100.0,3.368,4.569
9716302,K04142.01,,FALSE POSITIVE,1.332566763,4.001,384.9,1.49,1318.0,713.45,18.2,0.474,5134.0,4.599,0.752
2708286,K04071.01,,FALSE POSITIVE,1.89131005,5.687,155.6,6.4,1590.0,1507.16,18.7,1.035,5706.0,4.255,1.12
6755944,K04072.01,Kepler-1547 b,CONFIRMED,0.692978457,1.1366,61.0,2.24,3186.0,24240.83,20.9,0.938,6105.0,3.805,2.304
6515335,K04074.01,,FALSE POSITIVE,185.53285,31.46,877.0,28.39,302.0,1.96,19.9,1.2682,5817.0,4.544,0.87
7777471,K04075.01,,FALSE POSITIVE,0.885131111,3.377,93.2,0.9,1818.0,2579.83,23.4,0.715,5904.0,4.543,0.867
10294509,K04143.01,,FALSE POSITIVE,1.85447373,2.665,306.8,1.33,1221.0,527.79,18.9,0.514,5341.0,4.609,0.743
3003019,K07642.01,,FALSE POSITIVE,0.502622858,3.085,146.0,1.41,2478.0,8838.66,41.1,0.693,6029.0,4.385,1.098
9334893,K02298.02,Kepler-1178 b,CONFIRMED,31.8055128,3.979,141.7,0.63,378.0,4.84,10.9,0.476,4729.0,4.726,0.525
10000941,K04146.01,Kepler-1558 b,CONFIRMED,3.50472344,1.9464,90.7,0.8,1019.0,254.49,18.4,0.309,5115.0,4.477,0.854
9455677,K04076.01,Kepler-1548 b,CONFIRMED,124.827797,6.479,647.5,2.57,350.0,3.56,17.1,0.096,5349.0,4.353,1.032
7690855,K04077.01,,FALSE POSITIVE,0.786260569,4.556,877.1,15.72,1192.0,477.45,246.0,1.226,4223.0,4.681,0.557
5649837,K04078.01,,FALSE POSITIVE,0.597934463,3.1225,515.0,23.2,2126.0,4834.45,72.2,1.224,6052.0,4.539,0.863
10141938,K04079.01,,FALSE POSITIVE,360.76458,21.22,383.7,60.3,216.0,0.52,10.0,1.7475,5513.0,4.616,0.724
8029197,K04147.01,,FALSE POSITIVE,2.15292788,3.043,41.4,1.02,1841.0,2708.61,21.5,0.45,5851.0,3.969,1.555
12257886,K04148.01,,FALSE POSITIVE,2.61585431,6.519,169.8,1.28,1358.0,803.03,26.9,0.577,6131.0,4.497,0.945
11465651,K04150.01,Kepler-1941 b,CONFIRMED,31.3351094,6.071,264.9,1.99,666.0,46.53,16.7,0.706,6404.0,4.393,1.142
5036480,K04080.01,,FALSE POSITIVE,1.061002863,1.962,142.4,1.06,1679.0,1883.03,15.7,0.337,5767.0,4.538,0.881
10275077,K04081.01,,FALSE POSITIVE,363.35755,19.85,395.3,3.45,305.0,2.05,13.9,0.0406,5086.0,3.89,1.783
6592832,K04082.01,,FALSE POSITIVE,0.924821319,2.594,122.4,1.1,1963.0,3514.31,24.3,0.401,6135.0,4.455,0.974
8524346,K04083.01,,FALSE POSITIVE,4.4697452,5.33,241.5,2.43,1248.0,574.11,33.8,0.982,6102.0,4.316,1.125
3937814,K04084.01,Kepler-1549 b,CONFIRMED,214.881456,9.581,759.2,2.68,286.0,1.59,16.1,0.023,5323.0,4.378,0.995
5551228,K04154.02,,FALSE POSITIVE,122.906853,15.97,819.7,3.55,338.0,3.08,19.9,0.974,5692.0,4.547,0.866
5471271,K04155.01,,FALSE POSITIVE,12.422216754,6.5533,54.5,0.8,864.0,131.73,11.0,0.056,6231.0,4.424,1.084
5881120,K04156.01,Kepler-1943 b,CONFIRMED,4.85018974,5.676,64.5,1.1,1098.0,344.04,15.8,0.985,6032.0,4.485,0.973
3248696,K07651.01,,FALSE POSITIVE,383.43595,11.059,1228.0,2.53,214.0,0.5,14.1,0.025,5576.0,4.615,0.729
4548098,K04157.01,Kepler-1982 b,CONFIRMED,3.82315697,2.388,47.2,0.77,1282.0,638.38,8.9,0.064,6202.0,4.422,1.122
5306383,K04158.01,,FALSE POSITIVE,0.842336445,1.519,80.1,0.9,1941.0,3367.24,8.8,0.266,5765.0,4.415,0.998
5041847,K04085.01,,FALSE POSITIVE,0.914468919,2.695,3426.3,36.84,1884.0,2978.16,189.0,1.271,5762.0,4.415,0.989
3836558,K04086.01,,FALSE POSITIVE,1.54039744,1.787,127.6,1.08,1520.0,1267.95,7.0,0.723,5649.0,4.421,0.884
4770617,K02243.02,Kepler-1154 c,CONFIRMED,8.45805119,2.998,258.7,2.52,1117.0,367.05,18.3,0.697,6172.0,4.198,1.471
6106282,K04087.01,Kepler-440 b,CONFIRMED,101.1107014,8.029,878.1,1.61,229.0,0.65,24.1,0.046,4133.0,4.705,0.561
4946584,K04088.01,,FALSE POSITIVE,0.907943645,1.9144,1028.9,49.37,2219.0,5715.61,53.7,1.356,6434.0,4.354,1.166
6463499,K04163.01,,FALSE POSITIVE,94.446856,7.502,436.4,7.13,611.0,32.93,20.0,0.977,5780.0,3.729,2.478
8254882,K04164.01,,FALSE POSITIVE,0.92565941,1.488,30.0,0.88,2383.0,7600.86,11.2,0.042,6058.0,4.135,1.612
6042031,K04165.01,,FALSE POSITIVE,0.537110149,1.7976,92.0,32.19,3195.0,24545.75,41.1,1.106,5395.0,3.739,2.537
4078311,K04166.01,Kepler-1944 b,CONFIRMED,9.84262076,1.6018,626.4,2.41,801.0,97.62,16.8,0.234,5585.0,4.49,0.972
5475735,K04167.01,,FALSE POSITIVE,2.99194823,4.39,99.6,0.78,1019.0,255.16,18.2,0.71,5269.0,4.62,0.727
11709124,K00435.05,Kepler-154 c,CONFIRMED,62.3026877,7.509,859.3,3.05,454.0,10.05,45.0,0.712,5688.0,4.415,0.971
9022166,K02175.02,Kepler-368 c,CONFIRMED,72.3826983,8.279,366.4,4.21,575.0,25.83,29.5,0.791,5508.0,3.897,1.988
10075409,K04019.01,,FALSE POSITIVE,360.33012,15.16,1022.0,2.34,200.0,0.38,12.2,0.3698,5054.0,4.606,0.74
7038096,K04020.01,,FALSE POSITIVE,0.566803149,1.643,246.0,1.93,2380.0,7612.11,52.6,0.822,6147.0,4.435,1.096
3345973,K07652.01,,FALSE POSITIVE,15.3466028,4.966,238.5,3.64,1194.0,480.12,13.0,0.591,6771.0,3.934,2.259
11972872,K04089.01,,FALSE POSITIVE,0.531106622,3.0293,5133.6,7.54,1781.0,2371.49,286.2,0.94,4978.0,4.539,0.762
9899233,K04090.01,,FALSE POSITIVE,1.332547503,4.521,130.3,1.23,1719.0,2062.92,25.5,0.746,6077.0,4.471,0.999
3103227,K04091.01,Kepler-1550 b,CONFIRMED,225.585245,11.166,754.9,3.71,348.0,3.48,18.6,0.066,5929.0,4.243,1.363
4850961,K04092.01,Kepler-1551 b,CONFIRMED,24.4972683,5.43,449.1,2.74,722.0,64.25,19.5,0.817,6392.0,4.399,1.162
3102309,K07643.01,,FALSE POSITIVE,4.20253859,5.389,31.5,0.71,1136.0,394.08,8.8,0.937,5596.0,4.343,1.015
8521059,K04093.01,,FALSE POSITIVE,0.535578808,1.7973,193.6,33.97,2870.0,16161.27,38.3,1.225,6610.0,4.264,1.313
5217574,K04151.01,,FALSE POSITIVE,0.89486317,2.657,172.0,1.19,1764.0,2296.25,16.1,0.65,5764.0,4.548,0.863
8439323,K04153.01,Kepler-1942 b,CONFIRMED,4.62602867,0.643,346.9,1.65,1012.0,247.34,14.7,0.739,5834.0,4.566,0.797
4458082,K02303.02,Kepler-1181 c,CONFIRMED,8.93484887,2.579,135.9,1.83,1124.0,377.25,9.7,0.888,6688.0,4.304,1.347
3230095,K07647.01,,FALSE POSITIVE,7.04716175,2.693,150.8,1.1,817.0,105.1,9.4,0.856,5496.0,4.592,0.776
5551228,K04154.01,,FALSE POSITIVE,368.71479,16.46,1210.0,91.06,236.0,0.73,10.9,1.9265,5716.0,4.544,0.872
6862332,K04023.01,,FALSE POSITIVE,119.0192648,8.1,1977.0,4.44,350.0,3.53,31.1,0.79,5754.0,4.534,0.905
10714072,K04024.01,Kepler-1541 b,CONFIRMED,8.40693068,1.866,167.1,1.95,1048.0,285.67,6.8,0.015,5365.0,4.02,1.533
10992011,K04025.01,,FALSE POSITIVE,0.974479091,1.866,221.2,1.19,1513.0,1239.32,25.3,0.224,5043.0,4.502,0.819
8128247,K04094.01,,FALSE POSITIVE,3.57017774,4.473,79.6,57.36,6119.0,331478.01,8.9,0.094,3812.0,0.93,69.001
6276994,K04095.01,,FALSE POSITIVE,1.10601182,2.577,52.9,0.77,1903.0,3093.39,15.5,0.532,6241.0,4.45,1.031
9674564,K04096.01,,FALSE POSITIVE,6.873655305,3.5415,181.3,1.21,906.0,159.51,3.4,0.08,5668.0,4.492,0.912
5942808,K02250.02,Kepler-1814 c,CONFIRMED,0.626281766,1.1812,433.1,1.76,1711.0,2011.27,31.0,0.553,4922.0,4.505,0.823
5688683,K04097.01,Kepler-1939 b,CONFIRMED,2.790643481,0.6871,202.0,0.99,816.0,104.74,20.2,0.787,4353.0,4.681,0.603
6607644,K04159.01,Kepler-1559 b,CONFIRMED,0.971915957,1.6023,73.7,0.79,1609.0,1591.27,16.7,0.592,5196.0,4.458,0.889
7610663,K04160.01,Kepler-1560 b,CONFIRMED,3.03196812,1.723,81.5,0.9,1269.0,614.2,15.8,0.287,5755.0,4.402,0.993
5565707,K04161.01,,FALSE POSITIVE,1.2940561,0.97,51.2,5.27,4465.0,93976.84,6.4,0.394,6635.0,3.092,7.146
1293031,K04162.01,,FALSE POSITIVE,0.53936593,5.434,145.0,9.19,5016.0,149399.93,57.6,0.988,6341.0,3.301,5.302
2859299,K07640.01,,FALSE POSITIVE,0.643703667,0.801,172.0,1.48,2358.0,7305.66,40.3,0.036,6161.0,4.362,1.114
4067110,K04026.01,,FALSE POSITIVE,0.735146413,5.053,275.4,168.34,5366.0,195250.9,78.0,1.192,6611.0,3.112,7.435
8694309,K04027.01,,FALSE POSITIVE,0.827351796,2.1885,44.7,0.9,2208.0,5583.73,30.6,0.544,5609.0,4.141,1.31
7818447,K04028.01,,FALSE POSITIVE,0.618952198,2.8244,8324.1,4.96,497.0,14.29,259.3,1.282,2661.0,5.283,0.116
11569475,K04029.01,,FALSE POSITIVE,1.31723412,7.284,422.7,125.56,5471.0,211468.1,78.4,1.07,6740.0,2.816,12.08
8951205,K04099.01,Kepler-1940 b,CONFIRMED,4.95060632,1.719,309.5,1.28,885.0,145.23,17.4,0.458,5431.0,4.623,0.717
5700900,K04100.01,,FALSE POSITIVE,379.08202,33.87,1609.1,23.99,253.0,0.97,23.2,1.181,5982.0,4.493,0.96
7026477,K04101.01,,FALSE POSITIVE,366.31509,12.41,336.0,2.87,353.0,3.65,13.0,0.4314,6705.0,4.16,1.524
9402583,K04168.01,,FALSE POSITIVE,0.536544193,2.918,159.5,0.9,1745.0,2199.75,25.3,0.267,5041.0,4.597,0.728
7838675,K04169.01,Kepler-1561 b,CONFIRMED,1.005205893,1.63,97.5,0.85,1682.0,1893.23,15.0,0.137,5718.0,4.549,0.863
8700537,K04170.01,,FALSE POSITIVE,43.796785,18.84,256.3,20.79,542.0,20.4,21.2,1.187,6109.0,4.432,0.941
10858785,K04171.01,,FALSE POSITIVE,0.952371227,3.926,352.5,21.96,1870.0,2885.01,42.6,1.2,6086.0,4.511,0.921
9640907,K04172.01,,FALSE POSITIVE,1.089088292,1.8599,141.7,1.28,1914.0,3167.63,1.8,0.291,6194.0,4.445,1.069
9551430,K04030.01,,FALSE POSITIVE,7.7553808,22.321,839.6,22.2,822.0,107.76,55.9,1.235,5607.0,4.539,0.766
3228986,K04031.01,,FALSE POSITIVE,0.730949487,2.367,87.3,1.27,2311.0,6730.38,15.8,0.86,6238.0,4.365,1.191
7100673,K04032.01,Kepler-1542 b,CONFIRMED,3.95116635,2.566,60.9,0.83,1160.0,427.07,20.4,0.374,5574.0,4.354,1.065
7100673,K04032.02,Kepler-1542 c,CONFIRMED,2.89223998,2.521,44.3,0.7,1287.0,647.55,17.3,0.017,5574.0,4.354,1.065
4138557,K04033.01,,FALSE POSITIVE,0.991552822,1.135,607.2,37.93,2558.0,10148.8,17.3,1.158,5908.0,3.888,1.862
2708278,K04102.01,,FALSE POSITIVE,1.89124187,4.415,105.8,0.93,1312.0,698.9,20.8,0.198,5285.0,4.474,0.927
3747817,K04103.01,Kepler-1552 b,CONFIRMED,184.77271,9.568,951.4,2.41,268.0,1.21,21.0,0.04,5273.0,4.566,0.801
8483366,K04104.01,,FALSE POSITIVE,392.49728,10.53,1062.0,2.82,232.0,0.68,14.5,0.1658,5737.0,4.544,0.872
9071593,K02257.02,Kepler-1162 c,CONFIRMED,59.284064,5.42,424.4,1.81,401.0,6.14,13.1,0.556,5225.0,4.505,0.859
10089911,K04034.01,Kepler-1543 b,CONFIRMED,6.96704926,3.73,213.7,6.14,1774.0,2341.58,18.6,0.906,6303.0,3.595,3.53
3247404,K04035.01,,FALSE POSITIVE,8.8109721,4.822,24048.0,47.94,881.0,142.58,26.0,1.227,5780.0,4.438,1.0
11415243,K04036.01,Kepler-1544 b,CONFIRMED,168.81133,6.582,614.4,1.69,241.0,0.8,15.3,0.083,4798.0,4.62,0.707
3548044,K02194.02,Kepler-371 c,CONFIRMED,67.968656,7.948,321.8,1.71,443.0,9.09,27.3,0.317,5670.0,4.387,0.95
7773179,K04038.01,,FALSE POSITIVE,2.15681538,5.115,106.5,1.06,1473.0,1114.9,22.6,0.615,6084.0,4.45,0.983
11017094,K04106.01,,FALSE POSITIVE,0.708563091,6.347,414.5,15.38,1587.0,1501.41,90.8,1.196,5271.0,4.669,0.648
5956633,K04107.01,,FALSE POSITIVE,366.24282,15.76,733.7,2.4,237.0,0.75,18.2,0.235,5713.0,4.541,0.893
9899065,K04108.01,,FALSE POSITIVE,1.33256418,4.701,162.3,0.81,1262.0,602.26,20.7,0.559,5157.0,4.641,0.62
5471792,K04110.01,,FALSE POSITIVE,12.4258833,24.83,93.6,2.19,1006.0,242.04,34.4,0.982,5611.0,3.933,1.632
11145831,K04039.01,,FALSE POSITIVE,1.387838134,2.252,136.8,1.24,1783.0,2378.53,20.4,0.38,6273.0,4.442,1.044
11444952,K04040.01,,FALSE POSITIVE,0.678349364,3.092,486.0,19.06,1844.0,2737.73,12.0,1.187,5569.0,4.566,0.829
8647295,K04041.01,,FALSE POSITIVE,1.022028468,8.866,1344.5,26.91,1649.0,1755.39,184.5,1.247,5445.0,4.456,0.855
3444098,K04042.01,,FALSE POSITIVE,0.72359699,1.326,495.6,6.73,4699.0,114645.28,14.8,0.608,8855.0,3.818,2.858
5112567,K04043.01,,FALSE POSITIVE,1.6156052,14.55,1582.0,34.69,2202.0,5539.33,253.1,1.149,6770.0,4.15,1.623
2708343,K04111.01,,FALSE POSITIVE,1.8913182,4.374,202.3,0.9,983.0,221.36,17.6,0.439,4476.0,4.627,0.633
3235282,K07649.01,,FALSE POSITIVE,494.165759,2.239,1440.0,4.5,265.0,1.17,7.4,0.41,6392.0,4.399,1.162
3348090,K04112.01,,FALSE POSITIVE,2.43585046,2.088,60.5,2.6,2544.0,9880.82,14.9,0.471,6501.0,3.613,3.247
9282762,K04113.01,,FALSE POSITIVE,1.33255441,3.828,106.7,1.12,1743.0,2180.2,15.1,0.649,6099.0,4.456,1.028
3117046,K04114.01,,FALSE POSITIVE,359.1015,11.461,496.5,2.37,285.0,1.56,12.9,0.317,6373.0,4.438,1.047
6311520,K04115.01,,FALSE POSITIVE,0.941840589,5.06,388.3,27.05,2200.0,5547.35,23.0,1.198,6419.0,4.33,1.142
5201115,K04044.01,,FALSE POSITIVE,1.728521892,3.361,92.2,1.19,1678.0,1869.82,30.2,0.719,5872.0,4.282,1.157
2708203,K04045.01,,FALSE POSITIVE,1.89125855,5.415,67.9,0.81,1671.0,1839.74,24.8,0.677,6569.0,4.41,0.927
4150496,K04046.01,,FALSE POSITIVE,8.65312868,3.376,508.6,20.38,857.0,127.5,22.6,1.185,5880.0,4.525,0.893
11401767,K02195.02,Kepler-372 d,CONFIRMED,30.0899459,6.654,242.6,2.25,660.0,44.79,16.6,0.907,6056.0,4.332,1.209
9655005,K04047.01,,FALSE POSITIVE,1.39862757,9.625,45.5,2.39,3562.0,38048.23,59.6,0.617,7872.0,3.732,3.367
11709124,K00435.06,Kepler-154 f,CONFIRMED,9.91937693,4.326,186.7,1.32,838.0,116.43,18.8,0.163,5688.0,4.415,0.971
3851194,K07671.01,,FALSE POSITIVE,0.918510251,2.587,52.6,1.77,2795.0,14485.22,20.3,0.622,5837.0,3.791,2.338
8613535,K02263.02,Kepler-1165 b,CONFIRMED,9.47850818,6.154,184.6,1.47,946.0,189.14,26.7,0.112,6249.0,4.428,1.076
5092655,K04116.01,,FALSE POSITIVE,0.783258387,2.2926,328.5,1.28,1559.0,1395.69,28.5,0.2514,5067.0,4.565,0.715
3955817,K04117.01,Kepler-1553 b,CONFIRMED,4.24263096,2.582,187.6,1.1,926.0,174.24,15.9,0.201,5072.0,4.521,0.825
10661778,K04118.01,,FALSE POSITIVE,1.231363214,5.8101,4774.7,10.75,1699.0,1973.12,112.7,0.969,5780.0,4.438,1.0
5513857,K04119.01,,FALSE POSITIVE,0.755101928,3.044,119.8,0.91,1763.0,2287.46,18.1,0.464,5465.0,4.535,0.819
10272389,K04048.01,,FALSE POSITIVE,4.56447463,6.415,208.4,1.13,902.0,156.74,42.6,0.508,5270.0,4.596,0.77
4679687,K04049.01,,FALSE POSITIVE,1.027904857,1.6381,2381.2,30.48,1653.0,1769.2,117.8,1.261,5432.0,4.446,0.872
7968683,K04050.01,,FALSE POSITIVE,367.95566,21.877,1414.1,3.62,183.0,0.27,13.7,0.957,4723.0,4.611,0.696
10360722,K04051.01,Kepler-1545 b,CONFIRMED,163.692336,6.853,1138.0,2.75,274.0,1.34,21.0,0.028,4999.0,4.49,0.843
9091755,K04052.01,,FALSE POSITIVE,1.106529843,6.258,319.5,1.91,1649.0,1746.73,69.2,0.974,5932.0,4.58,0.798
3852476,K07672.01,,FALSE POSITIVE,111.741576,3.83,238.8,6.88,676.0,49.4,9.9,0.057,5267.0,3.338,4.525
6349881,K04121.01,Kepler-1554 b,CONFIRMED,198.088873,7.955,1027.7,3.24,288.0,1.63,18.0,0.633,5275.0,4.397,0.969
9851970,K04122.01,,FALSE POSITIVE,1.08193721,4.788,115.3,0.77,1385.0,870.17,14.4,0.168,4965.0,4.555,0.736
5726910,K04124.01,,FALSE POSITIVE,2.43142974,2.713,146.6,1.17,1378.0,852.0,10.7,0.2234,5750.0,4.364,0.965
1718958,K04053.01,Kepler-1934 b,CONFIRMED,1.41975831,1.429,60.9,0.85,1700.0,1968.38,8.1,0.644,5925.0,4.394,1.035
6428794,K04054.01,Kepler-1701 b,CONFIRMED,169.135056,8.931,640.7,2.21,273.0,1.31,24.5,0.754,5171.0,4.545,0.801
3228825,K04055.01,,FALSE POSITIVE,0.73095491,2.206,29.6,0.88,2711.0,12770.31,7.5,0.415,6454.0,4.163,1.587
4673628,K04056.01,Kepler-1935 b,CONFIRMED,3.951383138,1.0582,405.7,23.51,1083.0,324.78,23.9,1.217,5570.0,4.458,0.899
11401767,K02195.03,Kepler-372 b,CONFIRMED,6.84978728,4.919,139.2,1.83,1081.0,322.19,17.0,0.954,6056.0,4.332,1.209
9099950,K04125.01,,FALSE POSITIVE,1.111362442,6.24,133.9,2.86,2820.0,14894.75,36.8,0.715,6486.0,3.872,2.308
9718066,K02287.02,Kepler-378 c,CONFIRMED,28.9060526,3.099,99.0,0.79,414.0,6.94,13.3,0.863,4657.0,4.641,0.67
9272070,K04126.01,Kepler-1555 b,CONFIRMED,8.10503551,4.459,209.9,1.45,959.0,199.74,16.5,0.353,6201.0,4.472,0.989
5088400,K04127.01,Kepler-1556 b,CONFIRMED,8.82715783,2.019,368.6,1.67,797.0,95.25,11.1,0.249,5550.0,4.539,0.878
4669402,K04128.01,,FALSE POSITIVE,143.196381,10.424,618.1,6.64,380.0,4.95,17.4,1.017,6007.0,4.333,1.06
3757407,K04057.01,,FALSE POSITIVE,9.089151782,3.1886,110.1,4.35,1848.0,2754.19,7.1,0.043,6729.0,3.493,4.099
4769931,K04058.01,,FALSE POSITIVE,1.87886973,3.876,181.9,1.04,1236.0,553.59,23.9,0.657,5448.0,4.613,0.734
9220612,K04059.01,,FALSE POSITIVE,0.979161676,2.942,160.2,1.03,1548.0,1357.43,20.2,0.634,5390.0,4.591,0.78
6806695,K04061.01,,FALSE POSITIVE,0.855922327,1.514,130.9,0.87,1658.0,1782.11,21.1,0.009,5437.0,4.539,0.759
3858943,K07674.01,,FALSE POSITIVE,25.9528725,12.434,164.1,1.53,697.0,55.82,16.9,0.741,6370.0,4.41,1.106
10858803,K04130.01,,FALSE POSITIVE,0.952374508,3.006,204.8,1.13,1435.0,1006.13,33.0,0.013,4754.0,4.508,0.821
6129694,K04131.01,,FALSE POSITIVE,0.936751792,5.658,26.4,2.07,3814.0,50168.18,23.0,0.991,7843.0,3.829,2.909
5957181,K04132.01,,FALSE POSITIVE,393.34331,9.481,1750.0,2.27,140.0,0.09,21.2,0.2607,3994.0,4.717,0.554
7601918,K04133.01,,FALSE POSITIVE,0.621361411,1.0628,45.0,1.12,2913.0,17004.65,24.6,0.017,6234.0,4.046,1.66
7211879,K04342.01,,FALSE POSITIVE,0.594310785,0.9994,112.5,0.91,2068.0,4338.76,15.7,0.161,5931.0,4.554,0.845
8087812,K04343.01,Kepler-1952 b,CONFIRMED,27.2106807,10.515,99.4,1.73,725.0,65.27,16.9,0.973,5973.0,4.171,1.305
4863956,K04344.01,,FALSE POSITIVE,4.31978105,7.204,65.8,3.87,2111.0,4693.13,23.5,0.7702,5519.0,3.303,4.368
5308537,K04409.01,Kepler-1955 b,CONFIRMED,14.2651545,3.601,66.3,1.06,853.0,125.45,13.9,0.353,5825.0,4.237,1.291
5281113,K04411.01,Kepler-1602 b,CONFIRMED,11.17931581,3.103,90.6,1.81,1159.0,426.61,12.0,0.381,6292.0,4.014,1.873
7847104,K04412.01,,FALSE POSITIVE,1.284991846,2.274,29.1,1.17,2491.0,9065.72,15.3,0.485,6060.0,3.852,2.106
3347807,K07653.01,,FALSE POSITIVE,324.18028,18.15,87.9,2.2,382.0,5.01,10.9,0.733,5792.0,3.835,2.183
8487805,K04206.01,,FALSE POSITIVE,0.530959357,2.417,84.4,0.69,1852.0,2764.64,22.0,0.348,5325.0,4.607,0.75
3336845,K04275.01,,FALSE POSITIVE,0.996864568,1.098,86.7,0.77,1588.0,1505.33,21.4,0.644,5418.0,4.524,0.782
3645282,K07661.01,,FALSE POSITIVE,0.673684895,1.161,51.1,0.7,2001.0,3803.56,7.0,0.547,5645.0,4.453,0.951
6026924,K04276.01,Kepler-1580 b,CONFIRMED,56.644452,16.551,104.6,2.44,733.0,68.37,21.8,0.579,6237.0,3.862,2.295
6525280,K04277.01,,FALSE POSITIVE,1.710319812,2.983,43.6,0.56,1426.0,978.84,19.1,0.559,5774.0,4.524,0.825
4861784,K04278.01,,FALSE POSITIVE,5.62978034,5.847,379.2,1.61,899.0,154.59,19.1,0.08,5497.0,4.57,0.839
5876360,K04279.01,,FALSE POSITIVE,1.050852976,1.6788,41694.0,45.89,1791.0,2423.97,143.0,1.111,5780.0,4.438,1.0
3732972,K07664.01,,FALSE POSITIVE,1.540398683,1.5676,73.0,12.65,4689.0,114263.25,4.8,0.47,4971.0,2.373,14.678
3244792,K04347.01,Kepler-1592 b,CONFIRMED,3.0570982,3.571,144.0,0.99,1202.0,493.09,15.7,0.104,6021.0,4.57,0.819
8743082,K04348.01,,FALSE POSITIVE,365.25921,13.74,529.0,2.39,268.0,1.23,12.8,0.0035,5993.0,4.415,1.042
9142742,K04349.01,,FALSE POSITIVE,372.72688,12.751,331.7,3.52,326.0,2.67,17.0,0.9082,6148.0,4.147,1.615
6891513,K04413.01,,FALSE POSITIVE,9.9398272,4.1198,478.6,101.71,819.0,106.5,4.3,1.973,5798.0,4.507,0.941
4579598,K04414.01,,FALSE POSITIVE,0.866346,2.011,116.4,1.24,2165.0,5186.18,13.9,0.409,6241.0,4.366,1.131
7777522,K04415.01,,FALSE POSITIVE,0.885129679,3.156,177.3,1.21,1780.0,2373.06,21.2,0.651,5792.0,4.547,0.864
9305012,K04416.01,,FALSE POSITIVE,56.898749,3.522,514.0,6.33,1107.0,355.22,6.2,0.4491,9189.0,3.864,2.692
9597729,K04417.01,,FALSE POSITIVE,0.438153876,1.3885,164.8,14.0,2407.0,8008.07,33.4,1.124,6032.0,4.508,0.929
11390109,K04210.01,,FALSE POSITIVE,398.40957,11.486,880.3,3.33,279.0,1.44,11.0,0.1165,6251.0,4.378,1.119
5078025,K04211.01,,FALSE POSITIVE,0.696286519,3.194,120.8,1.34,1969.0,3537.89,19.7,0.985,5904.0,4.543,0.867
1724719,K04212.01,Kepler-1569 b,CONFIRMED,5.79179934,3.474,118.5,1.69,1222.0,528.14,17.7,0.896,6174.0,4.244,1.318
8120608,K00571.05,Kepler-186 f,CONFIRMED,129.945392,5.786,500.1,1.18,177.0,0.23,13.1,0.909,3751.0,4.8,0.443
5026326,K04280.01,,FALSE POSITIVE,1.39772545,4.129,181.3,1.58,1763.0,2275.72,17.9,0.644,6006.0,4.38,1.114
5471574,K02505.02,,FALSE POSITIVE,12.4246697,44.07,424.0,168.91,1099.0,344.8,116.9,1.9583,6550.0,4.094,1.59
5512580,K04281.01,,FALSE POSITIVE,383.00806,9.71,632.1,2.2,235.0,0.72,7.6,0.0358,5750.0,4.538,0.882
11670599,K04282.01,,FALSE POSITIVE,0.847588864,2.246,67.1,0.91,2144.0,5000.82,21.3,0.507,6335.0,4.427,1.072
6359820,K04283.01,,FALSE POSITIVE,331.81534,10.56,370.3,1.84,267.0,1.2,7.8,0.1599,6029.0,4.494,0.956
11872139,K04350.01,,FALSE POSITIVE,1.75649346,3.429,27.5,1.62,2745.0,13425.76,13.3,0.242,6619.0,3.718,3.05
2708221,K04352.01,,FALSE POSITIVE,1.8912501,7.648,731.0,23.5,1159.0,427.26,31.6,1.24,4883.0,4.523,0.794
5040223,K04354.01,,FALSE POSITIVE,0.996023763,5.412,98.3,18.36,1991.0,3727.96,21.3,1.147,6110.0,4.387,1.077
4571004,K04355.01,,FALSE POSITIVE,36.616669,8.62,237.4,1.68,548.0,21.35,3.4,0.3646,5780.0,4.438,1.0
7031942,K04420.01,,FALSE POSITIVE,0.566795467,4.712,38.2,0.67,2254.0,6076.99,25.8,0.504,5642.0,4.337,1.056
5632701,K04213.01,,FALSE POSITIVE,3.67515329,7.083,56.0,0.71,1150.0,414.64,16.7,0.73,5968.0,4.534,0.881
10549924,K04214.01,,FALSE POSITIVE,0.715825886,1.212,40.6,0.58,1920.0,3196.46,11.0,0.099,5640.0,4.486,0.909
9366617,K04215.01,Kepler-1570 b,CONFIRMED,26.5487294,7.968,142.0,2.54,836.0,115.61,15.3,0.21,5456.0,3.802,2.154
6187341,K04216.01,,FALSE POSITIVE,0.492291661,0.894,1107.6,3.42,1788.0,2415.37,62.0,0.957,4971.0,4.566,0.718
3353454,K07654.01,,FALSE POSITIVE,1.6911935,9.479,2801.0,6.36,1528.0,1292.5,26.7,0.903,5780.0,4.438,1.0
10156055,K04284.01,,FALSE POSITIVE,2.42803503,3.045,73.8,0.85,1516.0,1249.87,8.8,0.057,6609.0,4.484,0.974
8418018,K04285.01,,FALSE POSITIVE,372.94844,13.879,253.5,1.34,233.0,0.7,17.1,0.4268,5763.0,4.559,0.827
5024177,K04286.01,,FALSE POSITIVE,0.787120016,3.1648,265.5,23.81,1972.0,3579.78,43.3,1.263,6112.0,4.481,0.787
4548011,K04288.01,Kepler-1581 b,CONFIRMED,6.28384079,4.291,35.7,0.73,1108.0,356.49,14.9,0.101,5888.0,4.275,1.227
4571004,K04355.02,,FALSE POSITIVE,21.131609,13.66,73.5,0.94,659.0,44.45,6.5,0.0731,5780.0,4.438,1.0
4571004,K04355.03,,FALSE POSITIVE,81.675841,11.53,143.4,1.31,420.0,7.33,7.0,0.3455,5780.0,4.438,1.0
4571004,K04355.04,,FALSE POSITIVE,28.5463574,9.29,153.3,1.35,596.0,29.76,10.1,0.2411,5780.0,4.438,1.0
4571004,K04355.05,,FALSE POSITIVE,72.563291,3.088,332.3,1.99,436.0,8.58,6.4,0.4863,5780.0,4.438,1.0
8459663,K04356.01,Kepler-1593 b,CONFIRMED,174.510276,6.689,1530.0,1.74,186.0,0.28,14.8,0.024,4367.0,4.822,0.452
10155321,K04422.01,,FALSE POSITIVE,15.705388,4.871,283.7,3.3,1181.0,459.41,10.6,0.6449,7454.0,4.107,1.853
3866536,K04423.01,,FALSE POSITIVE,7.65270746,79.8969,641.1,3.21,989.0,226.81,254.3,0.97,6328.0,4.481,0.963
7046035,K04424.01,Kepler-1603 b,CONFIRMED,2.27164952,4.054,82.4,0.97,1522.0,1269.46,12.7,0.01,6274.0,4.434,1.062
4679314,K04425.01,,FALSE POSITIVE,3.84835742,10.18,84.2,0.77,1051.0,288.62,32.8,0.671,5709.0,4.57,0.798
5702637,K04217.01,,FALSE POSITIVE,1.0388961,4.755,600.8,114.1,2494.0,9145.54,14.7,1.7017,7043.0,4.264,1.45
8309169,K04218.01,,FALSE POSITIVE,293.76887,4.68,462.0,1.97,271.0,1.28,4.0,0.753,6074.0,4.522,0.847
4678919,K04219.01,,FALSE POSITIVE,1.87885327,3.302,120.9,0.97,1406.0,922.49,12.1,0.513,5851.0,4.534,0.863
5563080,K04220.01,,FALSE POSITIVE,0.785473311,1.3911,339.6,1.61,1769.0,2325.64,57.0,0.389,5356.0,4.466,0.871
6364067,K04221.01,,FALSE POSITIVE,5.2438982,7.881,162.2,1.24,1026.0,262.14,18.7,0.644,5804.0,4.473,0.927
5983532,K04289.01,,FALSE POSITIVE,441.877824,6.647,1300.0,39.55,158.0,0.15,15.2,1.5335,4437.0,4.629,0.635
3439126,K07655.01,,FALSE POSITIVE,2.9761504,6.079,259.5,1.02,811.0,102.54,8.3,0.064,4236.0,4.612,0.664
8463346,K02529.02,Kepler-436 b,CONFIRMED,64.0019669,4.724,1112.5,2.48,322.0,2.55,14.2,0.701,4652.0,4.617,0.697
5868793,K04290.01,Kepler-1582 b,CONFIRMED,4.83809469,1.096,1544.0,0.79,354.0,3.7,11.3,0.014,3187.0,5.091,0.2
8483021,K04291.01,,FALSE POSITIVE,361.91436,8.68,228.2,1.84,297.0,1.84,13.0,0.6901,6247.0,4.309,1.147
10063208,K04292.01,Kepler-1583 b,CONFIRMED,9.3281912,3.991,45.2,0.59,788.0,91.02,13.7,0.044,5525.0,4.514,0.888
1575873,K04359.01,,FALSE POSITIVE,0.629001455,1.263,14.7,0.81,3375.0,30567.67,9.4,0.365,6739.0,3.948,2.059
10669994,K04360.01,Kepler-1594 b,CONFIRMED,2.71603664,1.744,98.5,1.05,1360.0,807.43,13.1,0.44,6011.0,4.452,1.041
11449918,K04362.01,,FALSE POSITIVE,374.59003,15.19,267.9,1.34,227.0,0.62,6.6,0.0624,5497.0,4.508,0.827
3750350,K07665.01,,FALSE POSITIVE,319.30633,6.74,155.2,1.26,279.0,1.44,7.2,0.092,6095.0,4.459,1.014
4584865,K04429.01,,FALSE POSITIVE,1.75254087,4.098,42.5,1.41,2423.0,8141.84,17.7,0.5574,6660.0,3.894,2.074
11968463,K02433.05,,FALSE POSITIVE,0.646745436,1.188,115.6,1.49,2373.0,7468.24,14.3,0.942,6325.0,4.409,1.112
9183378,K04222.01,Kepler-1571 b,CONFIRMED,3.38557445,1.879,121.9,1.63,1476.0,1122.9,13.1,0.129,5718.0,4.069,1.48
11188254,K04223.01,,FALSE POSITIVE,2.754024,4.15,172.2,1.68,1553.0,1374.41,13.8,0.7277,6419.0,4.321,1.188
1724513,K04224.01,,FALSE POSITIVE,1.975208831,1.513,76.3,1.59,2064.0,4299.89,15.1,0.559,6401.0,4.029,1.744
9535876,K04225.01,,FALSE POSITIVE,0.960843605,3.22,141.7,19.15,1904.0,3120.32,25.5,1.143,5708.0,4.378,1.129
5817533,K04293.01,,FALSE POSITIVE,4.206109,5.16,120.0,0.91,999.0,235.01,11.9,0.607,5480.0,4.522,0.802
7681230,K04294.01,,FALSE POSITIVE,0.962590772,1.2569,1021.6,31.51,2026.0,3989.37,90.4,1.236,6274.0,4.434,1.062
7596240,K04295.01,Kepler-1584 b,CONFIRMED,13.3997555,3.534,167.3,1.51,886.0,145.65,13.6,0.375,6401.0,4.389,1.15
3448456,K07656.01,,FALSE POSITIVE,0.776950288,1.288,396.0,1.72,1882.0,2974.07,25.8,0.047,5861.0,4.546,0.865
12107008,K04297.01,,FALSE POSITIVE,5.93725628,3.639,115.6,0.86,891.0,148.97,17.1,0.351,5428.0,4.494,0.799
7427764,K04364.01,Kepler-1595 b,CONFIRMED,4.56383697,2.271,201.8,1.22,980.0,218.18,9.9,0.365,5408.0,4.496,0.861
4754831,K04365.01,,FALSE POSITIVE,55.119831,4.703,114.5,1.68,622.0,35.48,8.2,0.6049,6297.0,4.155,1.506
4754831,K04365.02,,FALSE POSITIVE,25.6416117,5.5,126.4,1.76,803.0,98.5,4.9,0.5744,6297.0,4.155,1.506
9899630,K04439.01,,FALSE POSITIVE,1.33258455,5.77,152.7,15.89,1680.0,1884.66,8.1,1.141,6039.0,4.493,0.951
4367528,K04440.01,,FALSE POSITIVE,350.81029,11.29,538.3,2.86,282.0,1.51,15.1,0.3892,5841.0,4.321,1.226
8416523,K04441.01,Kepler-1604 b,CONFIRMED,0.341842017,1.1554,285.6,1.72,2023.0,3991.16,70.1,0.957,5016.0,4.601,0.747
3751231,K07666.01,,FALSE POSITIVE,0.570953851,0.998,76.1,1.01,2464.0,8688.17,8.9,0.059,6238.0,4.396,1.145
7816665,K04227.01,,FALSE POSITIVE,4.29258258,3.069,369.6,1.87,1161.0,428.77,16.1,0.339,6137.0,4.487,0.963
9535881,K04228.01,,FALSE POSITIVE,0.960842633,2.6441,2022.9,67.53,2808.0,14655.53,176.1,1.341,7381.0,4.186,1.597
9872831,K04230.01,Kepler-1572 b,CONFIRMED,5.49548533,2.461,85.8,1.3,1293.0,661.04,14.2,0.202,6157.0,4.159,1.392
8508126,K04299.01,,FALSE POSITIVE,0.980505042,1.4068,426.6,26.35,1904.0,3100.61,51.5,1.206,5794.0,4.372,1.059
12306058,K02541.02,Kepler-391 c,CONFIRMED,20.4853893,10.229,89.5,3.6,1015.0,251.16,17.9,0.834,4938.0,3.45,3.324
8507475,K04300.01,Kepler-1585 b,CONFIRMED,3.58273837,1.523,360.5,1.64,1064.0,302.74,11.6,0.143,5448.0,4.517,0.872
8773015,K04301.01,Kepler-1586 b,CONFIRMED,15.604841,4.543,73.4,1.57,1013.0,248.62,15.3,0.715,6254.0,4.019,1.706
4754831,K04365.03,,FALSE POSITIVE,75.681309,11.62,107.7,1.64,560.0,23.25,9.1,0.6194,6297.0,4.155,1.506
3531231,K07657.01,,FALSE POSITIVE,62.060783,28.203,472.9,2.11,400.0,6.07,19.9,0.928,5526.0,4.578,0.784
5471489,K04368.01,,FALSE POSITIVE,12.4252735,20.756,84.7,2.37,1299.0,673.53,36.6,0.171,6156.0,3.703,2.557
5471489,K04368.02,,FALSE POSITIVE,39.2820405,3.344,157.5,58.67,823.0,108.22,6.9,1.241,6143.0,3.81,2.136
9936080,K04431.02,,FALSE POSITIVE,355.79978,5.972,172.3,1.87,324.0,2.6,10.5,0.4433,6350.0,4.225,1.394
8611344,K04432.01,,FALSE POSITIVE,410.99389,12.01,550.0,2.09,220.0,0.55,8.7,0.3421,5471.0,4.533,0.898
9518651,K04433.01,,FALSE POSITIVE,2.17823752,2.259,44.0,0.64,1473.0,1114.8,10.1,0.037,6052.0,4.422,0.969
2305311,K04434.01,,FALSE POSITIVE,1.404674486,5.056,155.5,0.86,1126.0,379.5,20.7,0.8171,4716.0,4.65,0.609
6383595,K04231.01,,FALSE POSITIVE,24.9097436,3.856,150.2,2.24,912.0,163.58,9.7,0.5729,6596.0,4.037,1.757
11080405,K02442.02,Kepler-386 b,CONFIRMED,12.3101351,3.797,263.7,1.51,651.0,42.42,12.9,0.783,5009.0,4.491,0.84
11509504,K04232.01,Kepler-1573 b,CONFIRMED,2.61576515,2.777,120.4,1.06,1379.0,851.6,15.1,0.25,6088.0,4.446,0.958
6599949,K04233.01,,FALSE POSITIVE,409.2452,13.06,531.2,2.1,244.0,0.84,12.8,0.0176,5910.0,4.466,0.911
11611275,K04234.01,Kepler-1574 b,CONFIRMED,6.94245216,3.491,160.8,1.34,1003.0,239.39,14.7,0.485,6108.0,4.466,1.03
11612280,K04304.01,Kepler-1587 b,CONFIRMED,9.4061364,4.882,79.5,1.14,981.0,219.36,13.2,0.397,5855.0,4.24,1.268
5536715,K04305.01,,FALSE POSITIVE,0.935086665,1.12,71.2,1.18,2431.0,8250.8,13.1,0.4742,6762.0,4.282,1.348
8149484,K04306.01,,FALSE POSITIVE,1.489457454,3.028,56.3,1.58,2415.0,8026.6,29.7,0.171,6316.0,3.908,2.087
12407623,K04370.01,,FALSE POSITIVE,1.181165291,1.013,370.4,1.52,1398.0,905.88,14.1,0.632,5203.0,4.582,0.747
11444514,K04371.01,Kepler-1596 b,CONFIRMED,66.373298,8.559,415.0,1.99,471.0,11.59,13.7,0.021,6143.0,4.47,0.976
9886361,K02732.02,Kepler-403 d,CONFIRMED,13.61165024,7.617,95.5,1.46,958.0,198.73,31.6,0.112,6170.0,4.192,1.499
9702006,K04372.01,Kepler-1953 b,CONFIRMED,6.24564633,2.459,212.0,1.06,731.0,67.62,11.9,0.594,4858.0,4.622,0.707
6778008,K04373.01,,FALSE POSITIVE,0.945829261,1.715,98.2,0.86,1790.0,2433.01,15.1,0.326,5959.0,4.546,0.859
8308260,K04436.01,,FALSE POSITIVE,0.973160836,0.864,138.3,1.22,1932.0,3303.84,9.8,0.034,6108.0,4.466,1.03
8492101,K04437.01,,FALSE POSITIVE,4.05943749,3.245,105.4,2.11,1295.0,664.54,18.1,0.914,5051.0,3.978,1.655
6343576,K04438.01,,FALSE POSITIVE,6.39903778,3.15,186.6,6.54,1780.0,2376.4,24.1,0.241,5178.0,3.286,4.856
2449101,K04236.01,,FALSE POSITIVE,0.739761008,7.589,292.1,9.67,839.0,117.05,34.7,1.2359,3417.0,4.9,0.35
7259249,K04237.01,,FALSE POSITIVE,0.950735805,1.1434,175.1,1.39,1908.0,3129.59,17.1,0.57,6039.0,4.478,1.005
8678691,K04238.01,,FALSE POSITIVE,369.819993,20.232,1599.0,4.25,201.0,0.38,42.1,0.9179,4806.0,4.495,0.839
9640924,K04239.01,,FALSE POSITIVE,2.17815935,1.839,116.3,1.22,1561.0,1398.42,14.1,0.503,6258.0,4.413,1.098
11151677,K04308.01,,FALSE POSITIVE,0.720460644,1.7846,2111.5,37.33,2240.0,5954.82,117.2,1.272,6304.0,4.435,1.058
11037128,K04309.01,,FALSE POSITIVE,3.7948721,1.713,305.1,16.1,1083.0,325.63,11.3,1.168,5883.0,4.58,0.793
6587002,K00612.03,Kepler-196 d,CONFIRMED,122.0804953,4.054,799.9,2.92,297.0,1.83,23.3,0.957,5132.0,4.571,0.77
11969092,K04375.01,,FALSE POSITIVE,0.638437699,0.3028,286.8,2.48,1709.0,2024.34,25.8,0.904,5073.0,4.571,0.824
2570773,K04376.01,,FALSE POSITIVE,1.8912851,6.182,1223.4,19.96,1061.0,299.44,25.7,1.216,4700.0,4.605,0.707
6356885,K04378.01,,FALSE POSITIVE,343.42046,11.11,482.7,2.15,270.0,1.27,10.0,0.3519,6115.0,4.469,0.967
3542542,K07658.01,,FALSE POSITIVE,3.47148164,4.679,122.7,0.85,970.0,209.73,9.5,0.719,5297.0,4.626,0.716
11718389,K04444.01,Kepler-1956 b,CONFIRMED,5.94373492,1.847,301.0,1.14,674.0,48.82,13.2,0.197,4391.0,4.598,0.682
11124703,K04445.01,,FALSE POSITIVE,244.60373,10.87,769.8,2.1,235.0,0.72,17.7,0.2652,5166.0,4.593,0.771
10329196,K04446.01,Kepler-1605 b,CONFIRMED,85.7567919,5.695,159.1,2.99,528.0,18.44,16.9,0.713,5037.0,3.783,2.213
10604592,K04447.01,Kepler-1957 b,CONFIRMED,2.18660188,1.585,122.3,0.98,1099.0,345.07,14.2,0.828,4904.0,4.535,0.772
9593773,K04240.01,,FALSE POSITIVE,3.1339356,4.477,203.7,1.58,1315.0,704.95,21.4,0.768,6137.0,4.46,1.018
9285568,K04241.01,Kepler-1575 b,CONFIRMED,2.55315031,1.849,185.3,1.25,1312.0,699.7,15.4,0.32,5970.0,4.521,0.908
7604328,K02458.02,Kepler-1245 c,CONFIRMED,2.936587946,1.8952,279.6,1.77,1190.0,473.18,20.1,0.863,5455.0,4.421,0.909
9777757,K04243.01,,FALSE POSITIVE,1.33254212,3.848,37.4,1.45,2694.0,12477.61,10.6,0.662,6613.0,3.87,2.237
7103919,K04310.01,Kepler-1950 b,CONFIRMED,10.7769944,2.616,185.6,1.15,752.0,75.83,11.3,0.069,5455.0,4.457,0.852
8645191,K04311.01,,FALSE POSITIVE,0.918921494,0.9425,321.0,1.49,1697.0,1960.12,23.7,0.011,5655.0,4.561,0.833
10722485,K04312.01,Kepler-1588 b,CONFIRMED,7.84931877,3.747,68.2,0.81,925.0,172.98,12.6,0.107,5678.0,4.365,0.99
9717958,K04313.01,,FALSE POSITIVE,67.7125988,1.538,542.4,82.63,460.0,10.63,13.4,1.8756,6309.0,4.517,0.847
8128067,K04314.01,,FALSE POSITIVE,12.4285576,13.98,620.1,2.22,669.0,47.26,13.2,0.892,5492.0,4.604,0.752
7703910,K04379.01,,FALSE POSITIVE,1.275511306,1.889,69.3,0.84,1739.0,2160.97,10.3,0.011,5921.0,4.418,1.015
7777818,K04380.01,,FALSE POSITIVE,5.78159956,2.222,72.8,1.7,1475.0,1117.19,16.4,0.66,6443.0,4.023,1.884
9851360,K04381.01,,FALSE POSITIVE,8.4805019,8.345,164.9,1.26,781.0,87.82,11.0,0.972,5555.0,4.554,0.737
6937529,K04382.01,Kepler-1597 b,CONFIRMED,2.94648935,3.155,57.0,0.89,1497.0,1187.5,12.7,0.01,6481.0,4.378,1.171
9490653,K04173.01,,FALSE POSITIVE,1.227986164,1.551,150.5,1.17,1673.0,1846.47,14.8,0.477,5746.0,4.435,0.931
3328027,K04174.01,,FALSE POSITIVE,2.11548883,4.008,169.5,1.29,1426.0,978.38,17.6,0.505,5952.0,4.489,0.971
3644631,K07659.01,,FALSE POSITIVE,358.96247,23.49,670.8,2.37,242.0,0.81,12.1,0.424,5743.0,4.527,0.904
9640931,K04175.01,,FALSE POSITIVE,2.17815196,2.445,245.0,1.09,1139.0,395.98,17.9,0.32,5357.0,4.634,0.7
5125196,K04176.01,,FALSE POSITIVE,342.315407,12.476,719.7,3.15,304.0,2.03,13.3,0.1974,6425.0,4.373,1.164
9640962,K04177.01,,FALSE POSITIVE,1.089077224,2.705,152.7,1.0,1458.0,1068.22,18.7,0.206,5118.0,4.547,0.83
5097454,K04244.01,,FALSE POSITIVE,1.288066288,6.4616,10082.6,34.84,1310.0,692.0,230.7,1.378,5233.0,4.625,0.639
3663141,K07663.01,,FALSE POSITIVE,2.31894284,5.321,66.5,0.87,1375.0,844.12,13.6,0.72,5780.0,4.438,1.0
5177859,K04246.01,Kepler-1576 b,CONFIRMED,6.98472143,2.724,90.7,1.19,1059.0,297.15,11.7,0.451,5839.0,4.279,1.227
4568117,K04248.01,,FALSE POSITIVE,0.562563871,1.591,34.6,0.69,2626.0,11201.45,16.4,0.36,6577.0,4.381,1.145
10342248,K04315.01,,FALSE POSITIVE,0.93373458,4.364,127.7,0.93,1573.0,1446.48,27.8,0.574,5335.0,4.577,0.804
9777290,K04316.01,,FALSE POSITIVE,1.33251948,3.733,233.7,1.64,1751.0,2218.21,17.7,0.402,5926.0,4.381,1.058
8548427,K04317.01,,FALSE POSITIVE,168.84663,9.75,215.1,1.45,329.0,2.78,9.3,0.1251,5897.0,4.489,0.992
6289344,K04319.01,,FALSE POSITIVE,160.4122022,4.92,2538.0,4.45,270.0,1.26,24.4,0.903,5269.0,4.62,0.727
9883606,K04383.01,Kepler-1598 b,CONFIRMED,4.34195312,2.598,73.3,0.94,1236.0,552.7,10.6,0.118,6164.0,4.378,1.09
5860968,K04384.01,Kepler-1599 b,CONFIRMED,122.358116,10.768,352.8,2.15,407.0,6.46,12.2,0.255,5998.0,4.324,1.139
3645438,K04385.01,Kepler-1600 c,CONFIRMED,7.298142,3.024,370.5,1.6,786.0,90.04,13.6,0.411,5119.0,4.508,0.834
8480582,K04386.01,Kepler-1702 b,CONFIRMED,18.5010898,3.179,421.1,1.62,555.0,22.4,14.7,0.719,5242.0,4.613,0.734
10936786,K04179.01,,FALSE POSITIVE,0.569961046,1.446,44.2,1.04,2743.0,13463.04,18.9,0.343,5814.0,4.066,1.549
6938264,K04180.01,,FALSE POSITIVE,1.121634781,1.155,71.5,0.6,1225.0,529.9,14.8,0.409,4518.0,4.589,0.72
9899315,K04181.01,,FALSE POSITIVE,1.33256979,3.293,104.2,0.97,1692.0,1943.76,18.4,0.207,6089.0,4.495,0.95
9541089,K04182.01,,FALSE POSITIVE,0.536650896,4.702,273.2,18.45,2163.0,5179.76,117.8,1.175,5819.0,4.494,0.881
3650049,K04249.01,,FALSE POSITIVE,397.73699,11.76,1131.5,3.05,211.0,0.47,15.3,0.883,5313.0,4.521,0.768
9641076,K04250.01,,FALSE POSITIVE,2.17818699,2.686,115.8,1.03,1347.0,776.45,15.4,0.553,5584.0,4.428,0.932
11125613,K02485.02,Kepler-1254 c,CONFIRMED,3.60082855,1.938,296.3,1.36,927.0,174.45,17.9,0.395,4838.0,4.524,0.796
10525049,K04252.01,Kepler-1948 b,CONFIRMED,15.5714121,2.294,173.5,0.72,399.0,5.98,13.0,0.312,3872.0,4.714,0.557
9896018,K02579.02,Kepler-1859 c,CONFIRMED,3.59645081,2.661,149.6,1.66,1327.0,732.82,16.2,0.781,5887.0,4.292,1.235
5095082,K04320.01,Kepler-1951 b,CONFIRMED,20.6579443,8.798,98.2,1.27,728.0,66.27,14.1,0.188,5468.0,4.171,1.306
12418891,K04321.01,,FALSE POSITIVE,0.760941405,1.773,186.6,1.18,1817.0,2591.44,15.2,0.26,5629.0,4.553,0.87
3839294,K07669.01,,FALSE POSITIVE,137.665706,3.732,536.9,15.41,720.0,63.38,11.7,0.041,4832.0,2.953,6.897
7698701,K04322.01,,FALSE POSITIVE,370.90237,10.558,545.8,1.97,238.0,0.76,14.7,0.0566,5835.0,4.554,0.847
7698701,K04322.02,,FALSE POSITIVE,321.55087,5.863,397.0,1.68,250.0,0.92,8.2,0.1608,5835.0,4.554,0.847
2830919,K04387.01,,FALSE POSITIVE,1.54038914,1.683,71.8,0.84,1638.0,1701.3,9.1,0.043,5974.0,4.422,0.989
9588822,K04388.01,,FALSE POSITIVE,71.76236302,29.435,8591.9,25.76,665.0,46.35,1134.3,0.052,5529.0,3.685,2.817
11560897,K02365.02,Kepler-430 c,CONFIRMED,110.978266,11.312,150.2,1.86,463.0,10.84,14.0,0.074,5883.0,4.149,1.529
10858737,K04183.01,,FALSE POSITIVE,0.952378454,3.892,43.8,1.46,2528.0,9651.76,17.4,0.996,6963.0,4.25,1.375
6752002,K04184.01,Kepler-1945 b,CONFIRMED,6.08003714,1.308,184.0,1.07,808.0,100.72,17.7,0.254,4991.0,4.513,0.804
7257966,K04185.01,Kepler-1946 b,CONFIRMED,3.035206175,0.6182,696.9,3.59,1143.0,403.53,19.1,0.965,5505.0,4.503,0.873
3644738,K07660.01,,FALSE POSITIVE,358.96844,21.71,807.8,2.7,263.0,1.13,13.3,0.151,6117.0,4.496,0.947
9406892,K04186.01,,FALSE POSITIVE,2.21316437,3.874,116.1,0.95,1374.0,841.98,27.9,0.672,5921.0,4.465,0.83
8487645,K04254.01,,FALSE POSITIVE,0.530967987,1.812,26.9,1.08,4196.0,73103.16,24.1,0.093,8473.0,4.123,2.052
10407482,K04255.01,Kepler-1577 b,CONFIRMED,6.30558387,2.619,193.1,2.52,1125.0,378.9,9.5,0.601,4934.0,3.927,1.756
5817613,K04256.01,,FALSE POSITIVE,4.2058608,7.39,182.0,1.14,1012.0,248.04,13.3,0.438,5590.0,4.56,0.839
9910942,K04324.01,,FALSE POSITIVE,8.4803326,5.918,35.6,1.35,1390.0,882.07,11.0,0.556,6245.0,3.826,2.179
10924340,K04326.01,,FALSE POSITIVE,0.750744255,1.7921,170.6,17.07,2074.0,4387.1,50.4,1.154,6187.0,4.499,0.937
5371777,K04327.01,Kepler-1589 b,CONFIRMED,0.991659646,2.215,77.3,1.19,2102.0,4614.18,13.5,0.765,6117.0,4.315,1.244
6629993,K04392.01,,FALSE POSITIVE,118.609553,22.74,380.9,2.86,299.0,1.88,13.1,0.993,5017.0,4.531,0.792
10427700,K04394.01,,FALSE POSITIVE,0.616386349,0.8136,79.4,2.94,3552.0,37463.63,21.9,0.226,5665.0,3.58,3.266
3124598,K04187.01,,FALSE POSITIVE,7.07162308,2.587,123.0,1.42,1162.0,431.05,16.9,0.331,6313.0,4.24,1.259
6879171,K04188.01,Kepler-1947 b,CONFIRMED,6.96352699,3.192,68.1,1.4,1298.0,669.78,17.4,0.09,6040.0,3.978,1.686
9897364,K04189.01,Kepler-1562 b,CONFIRMED,64.2729088,12.136,1213.9,5.38,554.0,22.31,27.4,0.908,6341.0,4.278,1.299
12505503,K04190.01,Kepler-1563 b,CONFIRMED,3.4327371,4.001,63.2,0.75,1134.0,390.57,15.3,0.703,5757.0,4.536,0.881
3548639,K04191.01,,FALSE POSITIVE,13.8452726,2.555,93.2,2.34,1276.0,626.93,10.4,0.566,6845.0,3.89,2.324
4390912,K07695.01,,FALSE POSITIVE,0.687506554,1.441,130.3,8.73,4748.0,120304.4,14.4,0.085,4643.0,2.595,7.906
7115925,K04258.01,,FALSE POSITIVE,0.566801617,2.75,24.9,0.88,3018.0,19598.53,26.4,0.565,6287.0,4.064,1.693
7429287,K04260.01,,FALSE POSITIVE,371.63327,14.92,107.0,1.83,316.0,2.36,15.2,0.8185,5802.0,4.073,1.59
10526887,K04261.01,Kepler-1578 b,CONFIRMED,1.450889836,1.753,135.7,1.21,1700.0,1970.75,15.7,0.333,6046.0,4.423,1.023
11125613,K02485.03,Kepler-1254 d,CONFIRMED,5.72716067,2.23,310.9,1.4,794.0,93.96,16.0,0.447,4838.0,4.524,0.796
3545583,K04328.01,,FALSE POSITIVE,407.59415,7.3,462.4,2.11,266.0,1.18,7.7,0.0274,6198.0,4.402,0.974
8374741,K04330.01,,FALSE POSITIVE,358.101884,6.393,114.0,0.95,242.0,0.81,12.8,0.5804,5786.0,4.526,0.856
3247503,K04397.01,,FALSE POSITIVE,0.447861451,0.8541,265.4,1.42,2263.0,6221.08,20.3,0.427,5901.0,4.553,0.848
8733898,K02842.03,Kepler-446 c,CONFIRMED,3.036208739,0.9324,1820.5,1.4,520.0,17.31,26.0,0.111,3464.0,4.923,0.328
9828127,K04192.01,Kepler-1564 b,CONFIRMED,18.0541469,4.587,283.1,1.51,635.0,38.57,19.3,0.175,5505.0,4.501,0.909
4281068,K07689.01,,FALSE POSITIVE,1.01530474,8.7622,16445.2,64.77,2324.0,6918.45,1823.0,1.245,6428.0,4.226,1.44
9092496,K04193.01,,FALSE POSITIVE,94.180473,7.345,1104.4,4.17,478.0,12.34,15.6,0.955,6997.0,4.475,1.0
5644412,K04194.01,Kepler-1565 b,CONFIRMED,1.538185321,1.683,277.2,1.29,1234.0,547.92,15.2,0.7,5107.0,4.615,0.723
9959545,K04195.01,,FALSE POSITIVE,1.332567643,4.284,56.7,0.62,1482.0,1143.87,24.0,0.642,5687.0,4.582,0.79
9641144,K04262.01,,FALSE POSITIVE,1.089076495,2.274,43.7,0.75,2016.0,3923.24,15.3,0.597,6444.0,4.416,1.079
8572168,K04263.01,,FALSE POSITIVE,1.662710314,1.83,85.9,2.16,2307.0,6700.6,23.8,0.577,6028.0,3.842,2.244
4472143,K07696.01,,FALSE POSITIVE,472.071079,5.759,252.6,2.01,268.0,1.22,6.4,0.388,6186.0,4.358,1.253
7368137,K04265.01,,FALSE POSITIVE,2.18242002,4.103,69.7,0.7,1283.0,638.12,13.8,0.721,5808.0,4.583,0.786
9027841,K04266.01,,FALSE POSITIVE,0.503999678,0.5421,975.6,2.97,1605.0,1566.41,96.8,0.962,4898.0,4.686,0.568
8953414,K04332.01,,FALSE POSITIVE,2.66588544,5.004,167.0,0.98,1041.0,278.03,17.2,0.276,4965.0,4.536,0.771
10730070,K04335.01,Kepler-1590 b,CONFIRMED,7.61758198,3.545,85.4,1.0,1020.0,255.32,13.4,0.234,6202.0,4.401,1.072
4458109,K04336.01,,FALSE POSITIVE,41.477908,10.45,29.9,1.09,849.0,122.73,9.6,0.5122,6935.0,3.95,1.918
2831055,K04400.01,Kepler-1601 b,CONFIRMED,2.20923119,2.392,59.8,0.84,1507.0,1217.79,14.3,0.11,5991.0,4.375,1.092
11044826,K04401.01,,FALSE POSITIVE,260.54832,15.52,161.6,1.35,318.0,2.43,10.2,0.378,6412.0,4.44,1.04
6681687,K04402.01,,FALSE POSITIVE,370.47678,15.69,656.2,2.37,252.0,0.96,11.8,0.5386,6050.0,4.525,0.896
7703882,K04403.01,Kepler-1954 b,CONFIRMED,5.88350251,2.556,217.7,1.27,949.0,192.09,11.9,0.362,5840.0,4.553,0.849
8179190,K04196.01,,FALSE POSITIVE,0.662457501,1.527,64.1,8.3,3295.0,27795.08,13.5,1.024,6425.0,3.862,2.16
9777724,K04197.01,,FALSE POSITIVE,1.33258458,3.222,127.0,1.25,1868.0,2873.72,14.4,0.422,6384.0,4.419,1.086
5340878,K04199.01,Kepler-1566 b,CONFIRMED,0.539915033,1.1466,97.0,0.82,1871.0,2901.68,17.6,0.291,5102.0,4.502,0.837
10273903,K04200.01,,FALSE POSITIVE,372.54353,21.83,1106.0,74.14,226.0,0.62,11.9,1.7826,5561.0,4.557,0.836
7450747,K04267.01,Kepler-1949 b,CONFIRMED,2.20829637,2.841,87.9,1.36,1709.0,2016.25,12.0,0.205,6028.0,4.189,1.454
7826620,K04268.01,Kepler-1579 b,CONFIRMED,0.849906734,1.141,124.3,0.59,1139.0,396.64,12.0,0.64,4296.0,4.733,0.505
8890924,K04269.01,Kepler-1993 b,CONFIRMED,26.6565737,4.954,163.4,4.15,903.0,157.45,18.8,0.686,5159.0,3.604,3.062
8483241,K04270.01,,FALSE POSITIVE,373.72257,14.21,470.9,67.13,262.0,1.11,9.6,1.5922,6004.0,4.45,1.008
8573193,K04337.01,Kepler-1591 b,CONFIRMED,8.18504859,4.673,97.6,0.93,892.0,149.41,12.5,0.601,5984.0,4.521,0.906
9240664,K04338.01,,FALSE POSITIVE,10.78438513,1.408,233.6,75.04,1397.0,900.7,15.6,1.18,5575.0,3.516,3.515
7673841,K02585.02,Kepler-392 c,CONFIRMED,10.42317343,2.341,71.2,1.07,901.0,155.7,11.2,0.811,5767.0,4.287,1.135
7281411,K04339.01,,FALSE POSITIVE,0.566804221,4.639,166.0,0.85,1737.0,2149.42,31.0,0.536,5277.0,4.625,0.64
6528141,K04340.01,,FALSE POSITIVE,2.022658,3.343,135.7,1.15,1482.0,1139.1,17.4,0.419,6091.0,4.487,0.967
8106112,K04404.01,,FALSE POSITIVE,316.57747,14.64,269.1,1.47,255.0,1.01,10.2,0.2569,5822.0,4.529,0.898
5563937,K04406.01,,FALSE POSITIVE,0.519437968,2.129,226.2,20.48,2402.0,7822.62,25.4,1.172,6181.0,4.464,1.006
10736179,K04408.01,,FALSE POSITIVE,1.105095798,2.624,141.7,0.89,1445.0,1025.9,17.4,0.295,5296.0,4.604,0.752
6119921,K04201.01,,FALSE POSITIVE,245.01902,8.56,375.9,1.98,310.0,2.17,10.1,0.3471,6167.0,4.451,1.01
5084171,K04202.01,Kepler-1567 b,CONFIRMED,153.979362,9.028,792.5,2.53,330.0,2.82,16.1,0.036,5858.0,4.502,0.903
4141587,K07684.01,,FALSE POSITIVE,10.2239787,1.814,213.5,24.43,2364.0,7383.41,6.5,0.439,4673.0,2.412,16.823
11968463,K02433.03,Kepler-385 d,CONFIRMED,56.4148314,8.075,480.1,2.9,535.0,19.37,16.4,0.908,6325.0,4.409,1.112
3834317,K04203.01,,FALSE POSITIVE,2.18079098,12.13,83.2,3.29,2767.0,13876.96,69.3,0.74,6911.0,3.661,3.339
10593535,K04204.01,Kepler-1568 b,CONFIRMED,20.9254083,6.783,109.0,1.26,729.0,66.95,15.5,0.201,5821.0,4.283,1.21
5959719,K02498.02,Kepler-390 c,CONFIRMED,13.0600399,2.851,106.8,0.8,630.0,37.3,12.5,0.495,5168.0,4.566,0.769
5992210,K04271.01,,FALSE POSITIVE,0.641069613,1.033,78.6,0.86,2196.0,5512.38,10.5,0.061,6077.0,4.451,0.961
4284980,K07690.01,,FALSE POSITIVE,2.2430415,3.63,101.1,0.89,1344.0,770.18,8.1,0.147,5897.0,4.531,0.891
9302543,K04272.01,,FALSE POSITIVE,1.21475168,6.93,266.1,5.5,3302.0,28091.85,7.9,0.461,6732.0,3.632,3.276
9701962,K04617.01,Kepler-1617 b,CONFIRMED,27.4784659,7.5,83.2,1.52,736.0,69.3,12.3,0.008,5432.0,3.993,1.707
6685646,K04618.01,,FALSE POSITIVE,244.86662,10.56,289.5,1.46,273.0,1.31,9.7,0.3872,5821.0,4.554,0.848
4574319,K07697.01,,FALSE POSITIVE,1.30627214,5.144,95.4,0.87,1490.0,1161.23,10.3,0.57,5513.0,4.543,0.862
7741837,K04619.01,,FALSE POSITIVE,62.366706,4.32,95.4,1.88,698.0,56.09,7.1,0.1725,6749.0,4.031,1.9
11137065,K04620.01,,FALSE POSITIVE,0.933732791,3.056,96.9,0.9,1773.0,2344.56,13.8,0.022,5496.0,4.405,0.927
11093335,K04621.01,,FALSE POSITIVE,53.106597,2.914,82.4,2.2,860.0,129.19,7.3,0.5182,7217.0,3.893,2.343
9394768,K04690.01,,FALSE POSITIVE,360.15417,12.806,790.6,2.99,270.0,1.25,11.1,0.2583,6065.0,4.452,1.061
10972902,K04692.01,,FALSE POSITIVE,1.42856815,2.132,59.5,0.64,1547.0,1352.91,11.8,0.3097,5979.0,4.557,0.822
3832474,K00806.04,,FALSE POSITIVE,381.850599,4.772,1702.0,3.59,222.0,0.58,13.8,0.4148,5485.0,4.556,0.867
12004971,K03194.01,,FALSE POSITIVE,10.81315417,1.275,80.3,1.46,1045.0,281.84,16.6,0.804,6380.0,4.24,1.46
3644602,K04479.01,,FALSE POSITIVE,359.08368,15.67,618.7,29.15,268.0,1.23,10.8,1.262,6256.0,4.493,0.932
11912941,K04481.01,,FALSE POSITIVE,3.74784374,3.658,116.5,1.08,1226.0,534.57,12.8,0.093,6122.0,4.471,0.996
6525106,K04483.01,,FALSE POSITIVE,1.71028117,2.61,111.6,0.91,1454.0,1055.42,13.8,0.372,5910.0,4.55,0.855
5977470,K04550.01,Kepler-1653 b,CONFIRMED,140.251943,6.576,567.7,1.84,271.0,1.28,11.9,0.323,4821.0,4.529,0.788
4355503,K07691.01,,FALSE POSITIVE,0.570828503,0.915,174.4,0.54,986.0,222.55,13.9,0.609,3585.0,4.868,0.388
6119923,K04552.01,,FALSE POSITIVE,134.4665,5.27,1032.0,2.48,280.0,1.45,6.7,0.2848,4891.0,4.524,0.791
6126076,K04553.01,,FALSE POSITIVE,0.909314811,2.2053,40.5,0.99,2503.0,9311.68,30.2,0.722,6508.0,4.163,1.447
11284772,K04622.01,Kepler-441 b,CONFIRMED,207.24785,6.159,809.2,1.56,189.0,0.3,13.2,0.21,4339.0,4.711,0.553
9209183,K04623.01,,FALSE POSITIVE,186.55347,13.57,334.5,1.86,341.0,3.18,11.0,0.2803,6187.0,4.446,1.006
6153407,K03179.01,Kepler-1911 b,CONFIRMED,5.99078221,1.699,69.9,1.03,987.0,223.93,8.6,0.944,5721.0,4.442,0.972
5955621,K04624.01,,FALSE POSITIVE,14.0801852,3.402,90.7,1.04,798.0,95.62,6.9,0.308,5984.0,4.421,1.089
11519187,K04625.01,Kepler-1964 b,CONFIRMED,2.440839436,0.968,509.5,21.29,986.0,223.8,14.4,1.253,4803.0,4.623,0.698
8417078,K04693.01,Kepler-1619 b,CONFIRMED,23.6223571,6.852,57.0,1.07,797.0,95.35,11.4,0.369,6144.0,4.149,1.393
4852297,K04695.01,,FALSE POSITIVE,3.28931936,1.921,166.0,50.51,1364.0,818.01,11.1,1.422,6335.0,4.427,1.072
9851845,K04696.01,,FALSE POSITIVE,1.08195208,4.807,33.6,0.47,1526.0,1275.68,12.4,0.257,5233.0,4.489,0.824
9474483,K04697.01,,FALSE POSITIVE,0.512583041,1.498,114.3,1.07,2363.0,7320.09,17.1,0.116,6077.0,4.471,0.999
9898017,K04484.01,Kepler-1960 b,CONFIRMED,2.29794819,2.84,83.2,0.98,1547.0,1352.14,12.2,0.108,6371.0,4.426,1.072
8613218,K04485.01,,FALSE POSITIVE,368.11581,13.52,476.2,2.11,263.0,1.12,11.2,0.0125,6122.0,4.487,0.964
8548069,K04486.01,,FALSE POSITIVE,368.52466,11.9,680.3,3.05,288.0,1.62,14.0,0.5045,6343.0,4.411,1.137
6278762,K03158.02,Kepler-444 c,CONFIRMED,4.54586982,1.756,76.5,0.65,868.0,134.21,24.4,0.563,5051.0,4.562,0.721
3127911,K03164.01,,FALSE POSITIVE,0.542498653,4.257,54.9,2.25,5157.0,167191.11,19.8,0.3422,8711.0,3.795,2.954
10399321,K04556.01,,FALSE POSITIVE,21.5819776,13.734,47.6,0.91,746.0,73.01,17.3,0.036,5601.0,4.144,1.342
7837733,K04628.01,,FALSE POSITIVE,3.08723626,2.615,101.9,1.2,1451.0,1046.77,12.1,0.2516,6418.0,4.395,1.171
2578017,K04629.01,,FALSE POSITIVE,0.592562969,3.0869,1546.4,25.97,1967.0,3520.7,100.4,1.252,5728.0,4.575,0.804
8625732,K04701.01,,FALSE POSITIVE,31.97181,12.277,117.4,0.95,521.0,17.43,11.1,0.532,5632.0,4.554,0.853
2831251,K04702.01,,FALSE POSITIVE,5.81289843,3.979,76.3,0.93,1102.0,348.61,9.5,0.499,6175.0,4.41,1.041
6721380,K04488.01,,FALSE POSITIVE,6.44173995,1.635,107.7,1.41,1175.0,451.14,10.5,0.3252,6088.0,4.225,1.339
7694615,K04489.01,,FALSE POSITIVE,0.631106722,0.9942,49.2,0.63,1945.0,3367.19,17.6,0.194,5400.0,4.443,0.898
6201203,K04490.01,,FALSE POSITIVE,176.17377,14.58,349.9,1.76,323.0,2.57,8.2,0.2545,5957.0,4.506,0.937
4556468,K04491.01,Kepler-1609 b,CONFIRMED,114.336052,14.077,239.8,2.09,429.0,8.02,13.0,0.529,5802.0,4.218,1.316
9222516,K04492.01,,FALSE POSITIVE,0.63938062,1.2067,308.0,51.53,2566.0,10289.98,97.5,1.377,6607.0,4.363,1.204
7285673,K04559.01,,FALSE POSITIVE,0.566801045,1.7499,188.3,1.42,2348.0,7209.06,34.9,0.628,6106.0,4.405,0.982
5282437,K04560.01,,FALSE POSITIVE,0.992799002,3.4878,1653.0,40.12,1933.0,3302.31,97.8,1.3295,6217.0,4.472,0.989
7747457,K04561.01,Kepler-1613 b,CONFIRMED,1.5184181,2.842,196.8,1.85,1926.0,3261.65,15.9,0.561,6302.0,4.259,1.269
8652360,K04562.01,,FALSE POSITIVE,0.96807117,1.677,104.8,0.72,1487.0,1157.58,15.4,0.53,5367.0,4.639,0.687
9602421,K04631.01,,FALSE POSITIVE,3.55661906,5.396,23.3,0.72,1518.0,1254.47,11.4,0.384,6018.0,4.081,1.458
4373195,K07692.01,,FALSE POSITIVE,0.56256804,1.686,4.5,0.63,5127.0,164220.08,11.8,0.692,9005.0,3.84,2.773
5090937,K03182.01,,FALSE POSITIVE,8.79991878,41.564,869.1,224.56,1979.0,3624.62,236.1,1.6053,8092.0,3.725,3.267
6359175,K04703.01,,FALSE POSITIVE,349.03703,4.76,777.0,2.27,231.0,0.67,11.6,0.1215,5583.0,4.559,0.824
8104207,K04704.01,,FALSE POSITIVE,177.8135,9.76,417.7,1.83,310.0,2.17,8.8,0.2043,5822.0,4.529,0.898
10026502,K04706.01,Kepler-1620 b,CONFIRMED,101.952048,5.991,152.5,1.31,428.0,7.92,10.3,0.084,6210.0,4.407,1.054
3953173,K04493.01,,FALSE POSITIVE,2.41795911,2.727,100.5,0.53,878.0,140.54,10.1,0.145,4623.0,4.719,0.534
8037926,K04494.01,,FALSE POSITIVE,183.854867,14.996,520.6,2.4,345.0,3.36,10.8,0.4202,6225.0,4.45,1.031
9002278,K00701.05,Kepler-62 c,CONFIRMED,12.4418003,3.572,78.4,0.57,576.0,26.03,11.4,0.043,4926.0,4.653,0.662
6437617,K04564.01,,FALSE POSITIVE,293.60581,11.07,165.3,1.37,295.0,1.79,8.4,0.0927,6167.0,4.444,1.064
8453851,K04565.01,,FALSE POSITIVE,2.78801663,17.354,14.0,0.91,2287.0,6451.74,21.8,0.796,7523.0,3.986,2.206
11650401,K04566.01,Kepler-1614 b,CONFIRMED,3.94660745,2.705,309.4,1.4,981.0,218.91,12.7,0.278,5376.0,4.576,0.806
9873759,K04635.01,,FALSE POSITIVE,4.99473798,3.05,99.5,0.82,917.0,167.06,17.5,0.46,5406.0,4.569,0.819
9516728,K04638.01,,FALSE POSITIVE,368.48518,11.26,301.8,1.98,283.0,1.52,13.7,0.5758,6140.0,4.354,1.096
4825872,K04639.01,,FALSE POSITIVE,169.894419,2.525,178.7,2.66,492.0,13.85,6.3,0.3241,6382.0,3.94,1.961
4680772,K04707.01,,FALSE POSITIVE,26.190289,2.148,51.8,1.05,793.0,93.35,9.3,0.109,6434.0,4.208,1.441
8110733,K04708.01,,FALSE POSITIVE,203.511886,3.671,167.1,2.07,442.0,9.02,9.3,0.3979,6967.0,4.193,1.565
6278762,K03158.03,Kepler-444 d,CONFIRMED,6.18943952,2.3316,83.2,0.65,783.0,88.79,26.8,0.334,5051.0,4.562,0.721
9100953,K04500.01,Kepler-1610 b,CONFIRMED,8.70179611,3.048,304.1,1.37,750.0,74.58,11.8,0.045,5295.0,4.548,0.8
10407086,K04568.01,,FALSE POSITIVE,0.933747395,4.798,30.9,1.24,2596.0,10738.05,26.7,0.541,5574.0,3.818,2.174
4073089,K07682.01,,FALSE POSITIVE,58.873429,17.487,226471.0,76.18,679.0,50.35,106.8,0.0,7078.0,4.192,1.568
6065351,K04569.01,,FALSE POSITIVE,14.1166583,9.12,449.3,238.66,1205.0,497.8,5.9,1.9614,6526.0,3.883,2.238
6761777,K04571.01,Kepler-1615 b,CONFIRMED,47.3128645,11.444,217.4,3.71,658.0,44.26,17.6,0.967,5749.0,4.002,1.876
4825872,K04639.02,,FALSE POSITIVE,29.6990126,1.849,93.3,1.93,880.0,141.6,7.4,0.3636,6382.0,3.94,1.961
9412623,K04640.01,Kepler-1618 b,CONFIRMED,6.1082945,3.493,61.1,1.06,1267.0,608.39,10.8,0.63,6720.0,4.316,1.289
3644505,K04641.01,,FALSE POSITIVE,119.72007,9.48,115.6,1.26,410.0,6.67,9.0,0.025,5963.0,4.321,1.176
4664743,K04642.01,,FALSE POSITIVE,1.27839331,6.343,19.5,0.86,2853.0,15656.19,15.2,0.201,7758.0,4.106,1.918
4735826,K03184.01,Kepler-1972 b,CONFIRMED,7.545922037,4.0329,22.2,0.68,1084.0,326.67,13.4,0.625,5788.0,4.178,1.376
6593734,K04722.01,,FALSE POSITIVE,0.58675746,1.508,143.8,19.91,2157.0,5080.59,18.4,1.183,5942.0,4.506,0.938
9711297,K04723.01,,FALSE POSITIVE,373.74856,28.18,797.8,4.45,287.0,1.59,12.6,0.9735,6343.0,4.411,1.137
8395860,K04724.01,,FALSE POSITIVE,20.8822079,4.556,1107.0,3.63,661.0,45.17,11.0,0.1364,5780.0,4.438,1.0
7778621,K04725.01,Kepler-1967 b,CONFIRMED,7.28171395,1.723,111.6,2.59,1086.0,329.68,14.4,0.956,4970.0,3.924,1.806
5956354,K04726.01,,FALSE POSITIVE,8.0386699,3.549,142.0,1.18,926.0,173.92,11.6,0.399,6018.0,4.485,0.975
9100953,K04500.02,Kepler-1610 c,CONFIRMED,44.9851885,4.164,617.8,2.09,433.0,8.34,12.7,0.664,5295.0,4.548,0.8
8109107,K04501.01,,FALSE POSITIVE,6.67410577,3.645,160.9,1.62,1022.0,257.38,12.6,0.927,5949.0,4.389,1.041
6200529,K04502.01,,FALSE POSITIVE,374.92478,18.05,610.0,1.67,171.0,0.2,6.0,0.348,4407.0,4.593,0.69
6929285,K04572.01,,FALSE POSITIVE,4.60690612,4.176,137.5,0.9,950.0,192.38,13.3,0.203,5529.0,4.583,0.775
4848321,K04573.01,,FALSE POSITIVE,1.50178705,2.936,86.7,0.93,1617.0,1619.24,13.4,0.359,5964.0,4.471,0.987
12255382,K03167.01,,FALSE POSITIVE,0.499664962,1.6123,34.3,0.5,2056.0,4230.98,31.6,0.28,5570.0,4.561,0.855
6522745,K04574.01,,FALSE POSITIVE,17.4453935,6.39,501.7,32.01,770.0,83.11,16.4,1.254,6260.0,4.433,1.063
11076276,K04645.01,,FALSE POSITIVE,1.4725859,2.953,84.4,0.93,1662.0,1801.98,13.3,0.377,6077.0,4.471,0.999
12012439,K04646.01,,FALSE POSITIVE,2.97607935,4.606,130.4,1.1,1144.0,404.28,14.1,0.7955,5547.0,4.534,0.865
4374610,K04712.01,,FALSE POSITIVE,1.44438449,2.704,75.4,1.08,1980.0,3622.28,10.8,0.466,6667.0,4.358,1.213
6278762,K03158.04,Kepler-444 e,CONFIRMED,7.74347801,2.7878,77.8,0.62,727.0,65.88,24.4,0.018,5051.0,4.562,0.721
4545570,K04506.01,Kepler-1961 b,CONFIRMED,5.60473115,2.885,210.0,1.11,866.0,132.98,11.9,0.221,5401.0,4.593,0.777
7598111,K04507.01,,FALSE POSITIVE,132.778041,5.624,9036.0,10.38,357.0,3.83,10.6,0.735,5780.0,4.438,1.0
8240746,K04576.01,,FALSE POSITIVE,184.568,13.09,409.9,1.53,282.0,1.5,10.2,0.2544,5680.0,4.595,0.75
9652655,K04578.01,,FALSE POSITIVE,2.48882685,3.487,80.2,1.05,1477.0,1124.85,14.2,0.711,6246.0,4.433,1.092
10140843,K04579.01,,FALSE POSITIVE,367.19796,15.92,146.1,1.08,253.0,0.96,10.7,0.0858,6054.0,4.525,0.889
10473272,K04648.01,,FALSE POSITIVE,17.6604653,2.837,309.2,1.76,690.0,53.57,11.3,0.689,5910.0,4.505,0.94
9824928,K04650.01,,FALSE POSITIVE,1.69999106,3.289,95.6,0.55,934.0,180.38,10.6,0.388,4289.0,4.684,0.554
5817685,K04652.01,,FALSE POSITIVE,4.2059745,8.006,41.2,0.75,1263.0,601.3,7.7,0.115,5960.0,4.291,1.163
7282042,K04718.01,,FALSE POSITIVE,0.566803216,3.325,20.2,0.54,2642.0,11526.75,15.5,0.424,6473.0,4.33,1.182
7523542,K04719.01,,FALSE POSITIVE,365.13981,4.46,531.0,1.86,228.0,0.64,7.9,0.0901,5610.0,4.564,0.815
3109937,K04720.01,,FALSE POSITIVE,37.809539,7.547,487.4,1.79,483.0,12.89,9.7,0.03,5595.0,4.57,0.82
9386171,K04721.01,,FALSE POSITIVE,381.18654,9.73,985.0,2.29,193.0,0.33,9.0,0.4109,4977.0,4.607,0.734
11671579,K04510.01,Kepler-1611 b,CONFIRMED,5.17624997,5.261,78.7,1.31,1243.0,565.42,13.4,0.097,5578.0,4.088,1.497
11553598,K04511.01,,FALSE POSITIVE,370.62071,12.58,344.3,2.12,295.0,1.78,10.5,0.1419,6432.0,4.382,1.136
12069414,K04512.01,,FALSE POSITIVE,0.589458602,0.8278,158.4,0.98,1848.0,2736.51,17.3,0.086,5286.0,4.517,0.776
9216775,K04513.01,Kepler-1612 b,CONFIRMED,3.91794676,2.549,116.5,0.94,1030.0,266.81,13.5,0.337,5500.0,4.547,0.87
8443265,K04584.01,,FALSE POSITIVE,0.614701901,0.947,131.6,0.82,1656.0,1779.79,11.2,0.2344,4954.0,4.563,0.724
3240406,K03185.01,,FALSE POSITIVE,0.934181579,3.943,12.1,0.79,3268.0,26937.31,19.8,0.62,7624.0,4.029,2.152
5090803,K04654.01,,FALSE POSITIVE,379.65261,19.04,82.3,1.2,330.0,2.8,8.0,0.1971,6471.0,4.141,1.302
8377197,K04727.01,,FALSE POSITIVE,1.215181097,1.295,39.7,0.87,2230.0,5844.41,11.8,0.1356,6717.0,4.268,1.365
6137779,K04728.01,,FALSE POSITIVE,21.5324915,4.156,100.5,1.47,876.0,139.32,12.1,0.5366,6737.0,4.228,1.41
11913072,K04729.01,,FALSE POSITIVE,3.74779583,3.157,88.5,1.06,1324.0,725.94,14.4,0.39,6341.0,4.409,1.111
9083470,K04731.01,,FALSE POSITIVE,0.91842238,5.664,162.9,16.07,1525.0,1280.4,12.9,1.186,5288.0,4.613,0.74
5783732,K04514.01,,FALSE POSITIVE,373.43233,16.5,166.7,1.48,290.0,1.66,12.9,0.0802,6146.0,4.303,1.141
6278762,K03158.05,Kepler-444 f,CONFIRMED,9.74048508,1.6993,121.4,0.95,673.0,48.52,25.8,0.89,5051.0,4.562,0.721
7900100,K04515.01,,FALSE POSITIVE,397.73781,13.08,460.8,2.2,264.0,1.16,8.8,0.1656,6194.0,4.457,1.02
9849884,K04516.01,,FALSE POSITIVE,5.35745121,2.592,78.2,1.65,1457.0,1065.83,16.4,0.119,6123.0,3.982,1.86
11243547,K04517.01,,FALSE POSITIVE,2.16132662,4.487,112.2,0.5,687.0,52.58,25.3,0.778,3754.0,4.818,0.43
9009036,K04585.01,Kepler-1616 b,CONFIRMED,6.76289308,6.204,50.9,1.21,1337.0,754.37,14.6,0.553,6547.0,4.122,1.63
10491525,K04589.01,,FALSE POSITIVE,1.09844642,1.528,45.0,1.73,2921.0,17139.77,15.1,0.727,6403.0,3.772,2.391
3859042,K07675.01,,FALSE POSITIVE,25.94947,15.7,238.3,1.22,508.0,15.74,8.2,0.678,5348.0,4.609,0.748
4946049,K04658.01,,FALSE POSITIVE,1.8789138,4.279,30.2,1.9,3330.0,29112.69,17.8,0.536,8046.0,3.704,3.339
2857607,K04659.01,Kepler-1965 b,CONFIRMED,41.8681996,5.783,150.7,1.25,492.0,13.89,12.5,0.923,5852.0,4.559,0.837
5559651,K04660.01,,FALSE POSITIVE,0.514771509,1.256,43.4,0.57,2113.0,4749.21,12.0,0.222,5730.0,4.545,0.87
5962262,K04661.01,Kepler-1966 b,CONFIRMED,8.61742738,2.713,154.9,1.01,733.0,68.28,11.3,0.059,5009.0,4.491,0.84
5437348,K04448.01,,FALSE POSITIVE,35.945188,8.23,72.6,1.5,789.0,91.51,4.1,0.1278,6578.0,4.087,1.744
8429668,K04449.01,,FALSE POSITIVE,5.00749378,2.898,56.6,1.68,1499.0,1192.26,14.7,0.206,5242.0,3.644,2.243
7429240,K04450.01,Kepler-1606 b,CONFIRMED,196.436796,8.556,631.9,2.33,292.0,1.72,14.4,0.019,5462.0,4.452,0.946
7032001,K04518.01,,FALSE POSITIVE,0.566810643,3.471,45.6,0.52,1976.0,3605.07,17.2,0.315,5776.0,4.598,0.758
6199864,K04521.01,,FALSE POSITIVE,262.477098,5.816,1016.0,1.92,178.0,0.24,9.7,0.0753,4227.0,4.641,0.62
9577855,K04522.01,,FALSE POSITIVE,2.21030572,2.492,92.0,1.06,1572.0,1440.34,11.4,0.233,6355.0,4.418,1.09
4386607,K07694.01,,FALSE POSITIVE,5.99321872,3.92,203.2,1.23,952.0,194.41,9.5,0.02,5853.0,4.544,0.868
12108364,K04592.01,,FALSE POSITIVE,0.70544189,1.772,133.5,1.04,1960.0,3481.65,13.9,0.328,5838.0,4.529,0.897
8295671,K04593.01,,FALSE POSITIVE,0.981399749,0.5051,158.3,1.21,1820.0,2602.14,16.2,0.408,6038.0,4.524,0.898
10407210,K04662.01,,FALSE POSITIVE,0.933728755,4.363,13.5,0.72,2777.0,14057.75,17.9,0.645,6652.0,4.036,1.863
7457278,K03188.01,,FALSE POSITIVE,12.607591424,29.1267,79.5,1.61,809.0,101.31,41.6,0.996,6047.0,4.47,1.002
8984755,K04664.01,,FALSE POSITIVE,0.734573766,1.295,68.4,0.86,2061.0,4270.04,11.4,0.044,5602.0,4.325,1.051
7366895,K04665.01,,FALSE POSITIVE,289.86046,11.103,234.5,1.5,279.0,1.43,10.3,0.3711,5914.0,4.451,0.971
10729472,K04453.01,,FALSE POSITIVE,357.13089,13.04,330.5,1.62,246.0,0.87,11.8,0.1365,5838.0,4.529,0.897
6200612,K04454.01,,FALSE POSITIVE,370.50684,12.132,418.6,2.06,277.0,1.39,8.8,0.0647,6360.0,4.458,0.999
9777200,K04455.01,,FALSE POSITIVE,1.332580225,2.057,46.3,2.18,3111.0,22103.67,16.4,0.519,6858.0,3.731,3.096
5003670,K04524.01,Kepler-1962 b,CONFIRMED,7.99144696,3.639,145.0,1.53,901.0,155.95,12.8,0.94,5700.0,4.434,1.006
5200084,K03159.01,,FALSE POSITIVE,2.9039446,10.542,13.1,1.17,2637.0,11446.75,32.0,0.686,7846.0,3.829,3.05
4144873,K07686.01,,FALSE POSITIVE,68.538296,3.627,1087.0,25.77,1031.0,267.17,11.3,0.002,4687.0,2.613,8.123
9171886,K04525.01,,FALSE POSITIVE,369.7985,12.564,1106.4,2.53,225.0,0.61,11.1,0.1382,5680.0,4.582,0.757
3337061,K03172.02,,FALSE POSITIVE,6.5588346,3.034,41.2,0.7,973.0,211.64,8.1,0.7173,5780.0,4.438,1.0
5696918,K04594.01,,FALSE POSITIVE,0.643007769,0.69,68.1,0.35,1070.0,311.13,10.3,0.012,3925.0,4.825,0.421
8487838,K04596.01,,FALSE POSITIVE,1.061937837,2.31,52.0,0.68,1757.0,2252.16,16.3,0.125,5893.0,4.505,0.941
8937762,K04668.01,,FALSE POSITIVE,15.07277287,0.7794,345.0,1.73,635.0,38.57,13.0,0.891,5521.0,4.594,0.771
2720828,K04669.01,,FALSE POSITIVE,1.71659304,1.154,138.0,1.17,1607.0,1577.89,9.5,0.1534,6192.0,4.467,0.987
8652577,K04458.01,,FALSE POSITIVE,358.818895,2.503,666.1,2.66,262.0,1.11,11.5,0.825,6056.0,4.47,0.918
8804937,K04459.01,,FALSE POSITIVE,181.3537,16.19,455.0,2.11,317.0,2.39,11.7,0.5983,5900.0,4.509,0.951
11912987,K04461.01,,FALSE POSITIVE,3.74786694,3.632,80.9,0.89,1176.0,451.72,19.1,0.49,5957.0,4.498,0.971
4136659,K07683.01,,FALSE POSITIVE,0.913244995,0.4931,47.8,0.77,1967.0,3541.46,10.2,0.286,5923.0,4.402,1.049
3438976,K04527.01,,FALSE POSITIVE,2.97599368,4.023,55.0,0.79,1395.0,894.1,13.0,0.243,6202.0,4.394,1.055
6610064,K04529.01,,FALSE POSITIVE,0.584148495,1.6192,66.2,0.87,2130.0,4882.9,21.9,0.584,5427.0,4.347,1.031
5476671,K04598.01,,FALSE POSITIVE,0.824180121,2.839,208.1,17.8,1912.0,3155.32,39.7,1.171,5977.0,4.514,0.883
7335972,K04599.01,,FALSE POSITIVE,0.579770948,1.0377,467.9,2.4,1953.0,3425.06,44.3,0.946,5561.0,4.561,0.854
2694632,K04600.01,,FALSE POSITIVE,0.92225589,4.227,33.0,1.29,2206.0,5614.19,7.1,0.992,5631.0,4.114,1.485
5428471,K04671.01,,FALSE POSITIVE,0.75499096,2.485,215.8,1.39,1949.0,3403.34,9.9,0.322,5743.0,4.466,0.946
7283710,K04672.01,,FALSE POSITIVE,353.40191,6.681,948.0,2.35,202.0,0.39,9.1,0.4702,4957.0,4.561,0.763
10794509,K04673.01,,FALSE POSITIVE,1.428596987,2.1401,50.0,1.62,2637.0,11425.1,26.1,0.7017,6745.0,3.901,2.144
2576224,K04465.01,,FALSE POSITIVE,2.21701025,2.148,29.4,1.16,2371.0,7467.21,11.7,0.0662,7524.0,4.067,2.092
3967501,K07677.01,,FALSE POSITIVE,43.0759115,90.95,3452.0,213.46,1032.0,268.5,323.1,1.256,4766.0,2.919,5.915
6437226,K04531.01,,FALSE POSITIVE,372.62637,18.52,542.0,2.38,258.0,1.05,11.9,0.5353,6014.0,4.486,0.993
2710623,K04532.01,,FALSE POSITIVE,1.02087831,2.429,33.4,0.64,1903.0,3115.14,9.9,0.148,5750.0,4.337,1.106
3330684,K04533.01,,FALSE POSITIVE,1.26132769,1.244,109.7,0.14,447.0,9.46,9.9,0.289,2900.0,5.224,0.132
2696703,K03161.01,,FALSE POSITIVE,6.09406648,2.085,3027.0,54.54,1417.0,953.63,19.0,1.235,6785.0,4.162,1.666
7699298,K04534.01,,FALSE POSITIVE,1.1578141,3.253,54.8,1.24,2133.0,4895.77,27.8,0.564,5412.0,3.941,1.629
7115661,K03174.01,,FALSE POSITIVE,0.566800926,4.407,264.5,2.19,2200.0,5563.01,63.2,0.971,5780.0,4.438,1.0
2853889,K04604.01,,FALSE POSITIVE,24.1876477,2.654,194.8,118.8,782.0,88.31,11.4,1.8212,6437.0,4.273,1.31
4845862,K04606.01,,FALSE POSITIVE,2.44926655,2.988,108.2,0.76,1033.0,269.06,10.7,0.253,4840.0,4.551,0.749
10130057,K04675.01,,FALSE POSITIVE,2.17812826,2.601,100.8,0.81,1206.0,500.27,10.4,0.344,5426.0,4.579,0.805
9838608,K04677.01,,FALSE POSITIVE,1.33259494,2.783,92.7,0.89,1665.0,1814.46,7.8,0.104,6063.0,4.51,0.918
4247811,K04678.01,,FALSE POSITIVE,2.05048377,3.67,60.5,0.66,1339.0,761.65,14.3,0.013,5568.0,4.451,0.854
6543645,K04679.01,,FALSE POSITIVE,1.19550618,3.337,26.9,0.78,2152.0,5062.04,13.3,0.483,6088.0,4.15,1.463
8738244,K03157.01,,FALSE POSITIVE,0.683082998,4.409,143.3,9.92,6757.0,492690.35,26.1,0.694,8247.0,3.17,7.762
4157052,K04468.01,,FALSE POSITIVE,0.791771167,2.4463,509.2,82.71,3419.0,32163.04,82.4,1.224,6218.0,3.678,3.07
10006641,K04469.01,,FALSE POSITIVE,0.894172544,0.8302,86.2,0.68,1461.0,1070.89,16.9,0.162,4982.0,4.591,0.736
10815916,K04470.01,,FALSE POSITIVE,1.68207624,1.519,54.7,1.01,1980.0,3646.1,11.1,0.56,6495.0,4.191,1.311
3547760,K04535.01,,FALSE POSITIVE,9.8480917,3.079,141.9,0.88,711.0,60.47,9.7,0.127,5289.0,4.546,0.748
7281484,K04536.01,,FALSE POSITIVE,0.566800593,3.909,12.3,0.48,2783.0,14091.55,10.4,0.2,6476.0,4.255,1.353
4848115,K04537.01,,FALSE POSITIVE,0.969602551,1.728,111.0,0.69,1334.0,750.09,10.4,0.415,4856.0,4.643,0.66
5991765,K04538.01,,FALSE POSITIVE,9.25801294,2.854,88.1,1.73,1229.0,539.51,12.9,0.186,6200.0,3.977,1.834
3962872,K04539.01,,FALSE POSITIVE,25.9554044,8.491,122.7,1.46,656.0,43.9,11.6,0.952,6058.0,4.408,1.038
11912911,K04607.01,,FALSE POSITIVE,3.74788208,4.183,153.4,0.94,979.0,216.97,13.6,0.09,5340.0,4.593,0.777
7045435,K04608.01,,FALSE POSITIVE,0.93479255,4.5838,247.5,24.75,2040.0,4108.03,78.3,1.2,6018.0,4.33,1.053
2972800,K04609.01,,FALSE POSITIVE,361.43653,9.08,271.9,1.56,268.0,1.22,10.8,0.2175,6028.0,4.398,0.938
8573168,K04610.01,,FALSE POSITIVE,0.89628253,1.397,86.4,0.76,1670.0,1848.85,13.0,0.176,5561.0,4.572,0.818
10801249,K04611.01,,FALSE POSITIVE,1.67495622,2.994,35.9,0.77,1843.0,2732.19,15.3,0.399,6323.0,4.296,1.263
3857860,K04681.01,,FALSE POSITIVE,8.2344072,2.808,59.2,1.49,1263.0,601.05,11.5,0.812,6148.0,3.964,1.741
5024252,K04682.01,,FALSE POSITIVE,2.15052332,3.447,115.5,1.17,1410.0,934.17,11.0,0.0303,5780.0,4.438,1.0
7430876,K03193.01,,FALSE POSITIVE,32.6122381,2.886,1321.4,31.96,570.0,24.92,19.6,1.252,5780.0,4.438,1.0
4843592,K04683.01,,FALSE POSITIVE,0.967073359,2.4875,773.5,28.15,1867.0,2870.56,92.4,1.222,5755.0,4.402,1.022
9602775,K04684.01,,FALSE POSITIVE,3.5564279,6.998,131.4,0.8,972.0,211.41,12.3,0.359,5404.0,4.638,0.694
8955709,K04471.01,,FALSE POSITIVE,0.942997994,1.1658,539.2,1.56,1283.0,639.03,29.2,0.153,4499.0,4.59,0.693
7031430,K04472.01,,FALSE POSITIVE,0.566796775,5.471,144.1,0.61,931.0,176.94,32.2,0.974,3453.0,4.892,0.358
7133294,K04473.01,Kepler-1607 b,CONFIRMED,13.6471211,8.331,75.0,1.25,913.0,164.06,14.7,0.617,5771.0,4.106,1.382
4381429,K04474.01,Kepler-1608 b,CONFIRMED,16.473474,4.201,470.5,1.63,612.0,33.22,13.0,0.014,5364.0,4.529,0.754
11912916,K04475.01,,FALSE POSITIVE,3.74788322,3.45,242.6,1.32,1031.0,266.76,16.3,0.544,5514.0,4.569,0.826
12108293,K04540.01,,FALSE POSITIVE,0.705455349,2.469,74.9,0.64,1693.0,1936.09,18.0,0.447,5383.0,4.614,0.736
5301093,K07724.01,,FALSE POSITIVE,488.67353,12.35,691.0,2.03,188.0,0.3,8.2,0.432,5218.0,4.596,0.772
9640946,K04542.01,,FALSE POSITIVE,1.08906057,2.743,76.2,0.75,1511.0,1235.96,10.4,0.29,5087.0,4.463,0.881
9776186,K04543.01,,FALSE POSITIVE,1.48922187,1.882,613.6,2.5,1594.0,1524.19,10.8,0.393,5780.0,4.438,1.0
9752973,K03162.01,,FALSE POSITIVE,0.716709761,0.6969,68.4,1.42,2394.0,7725.24,21.2,0.986,6109.0,4.229,1.173
8044600,K04612.01,,FALSE POSITIVE,4.1083812,3.279,352.8,1.62,1058.0,295.63,11.4,0.148,5730.0,4.545,0.87
10220837,K04613.01,Kepler-1963 b,CONFIRMED,1.962282625,1.45,68.3,0.81,1448.0,1038.36,12.9,0.169,5726.0,4.418,0.979
10991239,K03178.01,,FALSE POSITIVE,0.523629052,3.443,122.0,46.33,9801.0,2181689.59,61.4,0.045,4136.0,1.392,44.448
9345819,K04615.01,,FALSE POSITIVE,1.04588635,2.833,102.7,1.1,1972.0,3582.91,13.2,0.204,6249.0,4.428,1.076
11092040,K04687.01,,FALSE POSITIVE,419.92898,14.55,233.5,1.51,255.0,1.0,7.5,0.0299,6047.0,4.431,0.988
4851145,K04688.01,,FALSE POSITIVE,1.23521458,0.918,89.5,0.93,1713.0,2032.78,5.0,0.458,5999.0,4.494,0.959
10292540,K04689.01,,FALSE POSITIVE,1.085229874,0.652,238.1,1.37,1632.0,1675.45,7.6,0.439,5713.0,4.554,0.851
3732894,K04476.01,,FALSE POSITIVE,1.540379557,2.026,76.9,0.81,1581.0,1481.09,14.6,0.329,5812.0,4.408,0.914
6278762,K03158.01,Kepler-444 b,CONFIRMED,3.60011712,2.396,50.2,0.5,938.0,182.81,21.6,0.025,5051.0,4.562,0.721
6276791,K04477.02,Kepler-1958 b,CONFIRMED,9.32867952,1.572,354.4,1.62,806.0,99.6,12.7,0.035,5749.0,4.547,0.864
8636600,K04478.01,Kepler-1959 b,CONFIRMED,6.38671206,1.201,223.7,1.19,811.0,102.25,11.6,0.015,5071.0,4.505,0.811
10220950,K04544.01,,FALSE POSITIVE,158.348345,10.55,899.0,372.86,409.0,6.61,17.6,3.655,6521.0,4.352,1.276
10342316,K04547.01,,FALSE POSITIVE,0.93376962,7.023,125.8,16.3,1937.0,3343.62,28.5,1.142,6056.0,4.448,0.975
5305399,K07725.01,,FALSE POSITIVE,322.48381,22.99,1023.4,3.5,259.0,1.06,27.0,0.938,5968.0,4.534,0.881
12021811,K04905.01,,FALSE POSITIVE,0.739404894,1.753,246.8,0.94,1256.0,589.06,21.0,0.077,4205.0,4.635,0.624
3962684,K04908.01,,FALSE POSITIVE,25.949641315,11.6411,67.8,2.06,753.0,76.14,7.6,0.945,5109.0,3.873,1.922
4730442,K07702.01,,FALSE POSITIVE,1.71051215,1.284,42.2,1.04,2004.0,3820.16,11.2,0.057,5925.0,3.989,1.589
9447166,K03296.01,Kepler-1459 b,CONFIRMED,62.869463,6.842,341.7,1.96,349.0,3.51,16.2,0.954,4762.0,4.535,0.781
9643043,K03297.01,,FALSE POSITIVE,84.8062818,9.0006,9936.0,36.51,388.0,5.33,121.6,1.265,5735.0,4.525,0.853
8151055,K03298.01,Kepler-1460 b,CONFIRMED,29.9632816,2.6,893.2,2.24,391.0,5.55,17.7,0.855,4463.0,4.623,0.638
7177555,K03299.01,,FALSE POSITIVE,17.99643716,4.164,36923.0,30.08,468.0,11.31,123.5,1.122,4438.0,4.606,0.666
3348082,K01196.02,Kepler-274 b,CONFIRMED,11.63486009,5.466,292.3,2.61,961.0,201.96,18.4,0.053,5570.0,4.066,1.548
10615440,K04765.01,Kepler-1622 b,CONFIRMED,10.8118317,2.627,76.8,1.24,922.0,170.74,9.5,0.896,6025.0,4.331,1.196
5802292,K04767.01,,FALSE POSITIVE,1.208528832,1.336,180.8,1.25,1725.0,2084.15,10.6,0.039,6072.0,4.51,0.923
5126932,K07718.01,,FALSE POSITIVE,208.18711785,2.5404,394.7,1.99,307.0,2.1,4.2,0.321,5780.0,4.438,1.0
10034146,K04835.01,,FALSE POSITIVE,0.93198504,2.0472,326.6,17.72,1647.0,1734.47,44.5,1.19,5470.0,4.509,0.777
4175105,K04836.01,,FALSE POSITIVE,0.60818508,0.909,144.7,96.03,2298.0,6637.9,18.9,1.835,5981.0,4.372,1.043
2437897,K04909.01,,FALSE POSITIVE,1.65320144,1.525,132.1,0.74,1059.0,296.8,6.7,0.148,4544.0,4.609,0.661
9307966,K04910.01,,FALSE POSITIVE,3.37487541,3.085,53.8,0.75,1287.0,649.96,8.3,0.389,6181.0,4.464,1.006
5556726,K03223.01,,FALSE POSITIVE,0.962825082,2.8464,118.1,5.18,3265.0,26811.24,40.7,0.088,4898.0,3.212,4.928
2554853,K04911.01,,FALSE POSITIVE,309.494217,13.716,292.0,2.79,399.0,6.01,14.5,0.0542,6908.0,4.085,1.614
7889486,K03300.01,,FALSE POSITIVE,24.2382519,2.703,465.5,2.19,597.0,29.92,11.3,0.82,5763.0,4.527,0.904
7889486,K03300.02,,FALSE POSITIVE,24.2416103,5.137,323.4,1.61,596.0,29.92,10.8,0.069,5763.0,4.527,0.904
8233802,K03302.01,,FALSE POSITIVE,69.3788597,3.807,530.4,2.07,421.0,7.4,16.8,0.539,5806.0,4.529,0.874
7510820,K03303.01,Kepler-1461 b,CONFIRMED,29.3493852,4.313,659.2,2.02,451.0,9.81,20.3,0.75,4987.0,4.613,0.722
6116035,K04769.01,,FALSE POSITIVE,449.57274,9.328,221.4,3.08,333.0,2.89,14.1,0.2059,5691.0,3.842,2.079
8958359,K04770.01,,FALSE POSITIVE,245.059374,9.549,165.0,1.63,356.0,3.81,15.1,0.0927,6036.0,4.127,1.265
7983117,K03214.01,Kepler-1988 b,CONFIRMED,11.49500229,7.602,51.4,1.53,1105.0,351.79,22.9,0.911,6033.0,3.985,1.788
5480884,K04841.01,,FALSE POSITIVE,0.708726708,0.753,313.6,0.92,1302.0,684.35,13.4,0.28,4607.0,4.733,0.515
12506417,K04842.01,,FALSE POSITIVE,283.72675,15.49,84.6,1.18,341.0,3.2,9.3,0.3461,6496.0,4.301,1.257
10187563,K04843.01,,FALSE POSITIVE,373.60683,8.752,534.8,2.5,271.0,1.28,9.3,0.588,6184.0,4.448,1.038
5544450,K03226.01,,FALSE POSITIVE,4.29388808,3.618,110.6,1.68,1532.0,1302.16,17.9,0.272,6615.0,4.173,1.574
9307105,K03304.01,,FALSE POSITIVE,13.5437884,5.7076,6608.7,32.21,658.0,44.22,114.4,1.269,5463.0,4.582,0.794
6880517,K03305.01,Kepler-1462 b,CONFIRMED,65.6491001,7.298,983.9,2.52,390.0,5.48,20.5,0.038,5436.0,4.573,0.819
6615511,K03306.01,Kepler-1463 b,CONFIRMED,25.1593389,5.198,358.1,1.76,619.0,34.7,13.1,0.035,5973.0,4.506,0.935
3632089,K03308.01,Kepler-1464 b,CONFIRMED,31.7787564,8.093,262.0,1.5,564.0,23.96,25.9,0.29,5638.0,4.391,0.928
9959494,K03205.01,,FALSE POSITIVE,1.332568744,3.755,24.1,0.58,1941.0,3346.25,29.1,0.751,6620.0,4.411,1.081
8397947,K04772.02,Kepler-1705 b,CONFIRMED,9.0194714,5.92,191.6,1.07,789.0,91.74,7.2,0.2805,5775.0,4.59,0.768
11456405,K04845.01,,FALSE POSITIVE,0.814278961,2.087,72.0,0.76,1762.0,2284.94,13.0,0.451,5537.0,4.539,0.886
4544684,K04847.01,,FALSE POSITIVE,2.1890751,2.365,94.8,0.87,1399.0,906.2,12.6,0.048,6077.0,4.526,0.891
8975368,K03227.01,,FALSE POSITIVE,2.42649862,2.014,29.2,0.75,1638.0,1705.27,15.2,0.673,6033.0,4.176,1.316
9291039,K03230.01,,FALSE POSITIVE,8.80854183,34.7564,174.7,2.69,1000.0,236.05,137.3,0.993,6017.0,4.3,1.21
5168498,K07719.01,,FALSE POSITIVE,219.74735,22.48,190.4,3.24,427.0,7.82,12.7,0.097,5127.0,3.602,2.38
10489539,K03231.01,,FALSE POSITIVE,19.7639874,12.319,51.3,1.19,900.0,155.45,13.5,0.489,6195.0,4.072,1.617
9569711,K03232.01,Kepler-1912 b,CONFIRMED,6.05919881,1.365,154.2,1.21,976.0,214.55,11.7,0.438,5734.0,4.462,0.962
12314973,K00279.03,Kepler-450 d,CONFIRMED,7.5143967,4.865,36.3,0.96,1199.0,488.52,9.8,0.399,6206.0,4.159,1.573
3348082,K01196.03,Kepler-274 c,CONFIRMED,33.1981761,4.709,336.7,3.21,678.0,49.9,11.8,0.826,5570.0,4.066,1.548
3632089,K03308.02,Kepler-1464 c,CONFIRMED,5.32784157,4.696,87.2,0.86,1023.0,259.32,15.9,0.116,5638.0,4.391,0.928
12735830,K03311.01,Kepler-1465 b,CONFIRMED,31.827649,1.639,520.0,4.98,668.0,47.21,16.4,0.785,4774.0,3.838,1.954
6592335,K04777.01,Kepler-1971 b,CONFIRMED,0.824000125,0.855,183.1,0.42,746.0,73.09,12.3,0.7697,3396.0,4.991,0.28
5651829,K04778.01,,FALSE POSITIVE,0.772152075,1.78,43.6,4.44,2966.0,18277.6,13.6,1.009,5951.0,3.787,2.08
9094763,K04779.01,,FALSE POSITIVE,1.08469871,4.077,124.0,1.11,1757.0,2247.25,16.9,0.672,5942.0,4.506,0.938
10338279,K03216.01,,FALSE POSITIVE,5.660274452,0.9077,414.1,11.02,950.0,192.77,26.4,1.092,5615.0,4.478,0.842
4851239,K04851.01,,FALSE POSITIVE,1.23512429,4.22,15.2,0.38,1642.0,1722.78,15.7,0.556,5798.0,4.507,0.941
5009688,K07713.01,,FALSE POSITIVE,1.381257093,1.125,92.3,1.1,1728.0,2110.47,11.0,0.351,5861.0,4.385,1.131
10057494,K03234.01,Kepler-1443 b,CONFIRMED,2.41810158,2.144,46.8,0.85,1602.0,1555.96,13.4,0.016,6258.0,4.307,1.239
6587796,K03237.01,Kepler-1444 b,CONFIRMED,33.4203001,5.307,436.6,2.46,581.0,27.02,8.9,0.789,5731.0,4.372,1.066
9489953,K03238.01,,FALSE POSITIVE,58.3437362,22.482,1266.8,93.55,779.0,87.03,75.0,1.246,5896.0,3.65,3.006
5305240,K03239.01,,FALSE POSITIVE,1.070982122,1.255,43.4,0.98,2122.0,4811.39,9.0,0.563,5717.0,4.109,1.433
9838060,K03314.01,,FALSE POSITIVE,23.81578356,3.7591,4856.7,8.4,560.0,23.2,71.0,0.958,5561.0,4.572,0.818
8554701,K03315.01,Kepler-1466 b,CONFIRMED,31.1748311,3.79,200.2,1.31,585.0,27.62,17.0,0.016,6086.0,4.511,0.921
5389632,K07726.01,,FALSE POSITIVE,0.474811162,1.169,205.2,1.28,2206.0,5603.32,17.4,0.44,5799.0,4.539,0.878
9031209,K03316.01,Kepler-1467 b,CONFIRMED,47.0568476,5.2232,1531.2,2.84,411.0,6.72,38.0,0.027,5288.0,4.613,0.74
5951416,K04781.01,,FALSE POSITIVE,367.73299,10.158,503.9,2.1,266.0,1.19,11.2,0.0064,6225.0,4.481,0.931
4645833,K04783.01,,FALSE POSITIVE,0.743495989,2.255,172.8,11.82,1617.0,1612.65,26.0,1.144,5345.0,4.639,0.686
8940918,K04784.01,,FALSE POSITIVE,1.405887031,1.184,216.0,0.95,1086.0,329.99,13.8,0.364,4440.0,4.618,0.653
9827596,K04855.01,,FALSE POSITIVE,1.45728997,3.582,71.3,0.93,1665.0,1818.19,15.5,0.749,6063.0,4.476,1.012
6206559,K03240.01,,FALSE POSITIVE,1.245331397,2.566,38.1,1.61,2678.0,12115.45,26.5,0.649,6106.0,3.781,2.477
5024429,K07714.01,,FALSE POSITIVE,1.52593737,1.958,159.1,1.39,1697.0,1963.41,9.6,0.681,6184.0,4.448,1.038
9532117,K03241.01,,FALSE POSITIVE,8.21429932,3.099,70.7,1.66,1312.0,701.11,19.7,0.667,6277.0,3.951,1.869
6928906,K03242.01,,FALSE POSITIVE,1.54945486,6.698,21.8,1.34,3006.0,19304.93,20.9,0.228,7382.0,3.838,2.804
9821151,K03243.01,,FALSE POSITIVE,8.42943991,2.441,89.1,1.19,1029.0,265.39,19.7,0.82,6353.0,4.375,1.132
8073705,K03245.01,Kepler-1445 b,CONFIRMED,10.60052083,4.509,60.9,1.09,987.0,224.28,17.4,0.729,6035.0,4.212,1.303
4271474,K03324.01,Kepler-1469 b,CONFIRMED,21.8634638,3.542,871.0,2.37,551.0,21.77,9.9,0.502,5383.0,4.587,0.789
5130983,K03325.01,,FALSE POSITIVE,86.4392931,6.534,1175.1,35.31,442.0,8.99,20.5,1.28,6208.0,4.454,1.024
11497958,K01422.04,Kepler-296 f,CONFIRMED,63.3354719,3.651,983.0,1.18,202.0,0.39,13.0,0.029,3526.0,4.866,0.383
11093538,K03326.01,,FALSE POSITIVE,14.77820911,5.395,10774.0,44.48,809.0,101.07,123.1,1.258,6258.0,4.442,1.046
11044779,K03327.01,,FALSE POSITIVE,15.60862948,6.6957,34356.0,39.42,648.0,41.71,186.0,1.171,5569.0,4.566,0.829
6438379,K04785.01,,FALSE POSITIVE,389.14115,7.93,347.4,1.67,250.0,0.92,10.1,0.0973,6043.0,4.505,0.894
9145415,K04786.01,,FALSE POSITIVE,365.78863,12.76,885.0,2.21,215.0,0.5,10.5,0.1564,5407.0,4.585,0.752
4545926,K04787.01,,FALSE POSITIVE,2.4826619,2.115,37.0,0.8,1619.0,1627.36,10.0,0.731,6356.0,4.292,1.225
9396760,K04788.01,,FALSE POSITIVE,2.17811908,1.468,74.0,0.8,1412.0,938.51,9.8,0.3437,6039.0,4.505,0.921
5119619,K04789.01,,FALSE POSITIVE,1.11205787,1.459,118.7,1.02,1799.0,2484.64,16.1,0.008,6098.0,4.488,0.932
9582496,K04858.01,,FALSE POSITIVE,224.447413,4.986,651.0,2.05,260.0,1.08,7.9,0.4162,5489.0,4.574,0.798
3343281,K04860.01,,FALSE POSITIVE,21.8660922,2.03,301.6,1.88,730.0,67.15,9.2,0.057,6309.0,4.402,1.077
2573108,K03217.01,,FALSE POSITIVE,5.09506,5.73,23.6,2.14,2247.0,6030.14,7.6,0.691,6700.0,3.48,4.146
9885417,K03246.01,Kepler-1446 b,CONFIRMED,0.689967868,1.1688,122.9,0.78,1539.0,1336.82,28.7,0.119,4872.0,4.615,0.726
3336476,K03247.01,,FALSE POSITIVE,1.89132292,5.607,16.0,0.9,2799.0,14532.55,14.8,0.709,8482.0,4.089,2.106
9083564,K03249.01,,FALSE POSITIVE,0.918420801,3.533,56.7,1.14,2374.0,7502.5,40.3,0.656,6210.0,4.166,1.434
7335713,K03250.01,,FALSE POSITIVE,0.573709256,1.4932,131.2,7.05,4415.0,90258.45,37.5,0.69,5261.0,3.13,5.769
8331612,K03318.01,Kepler-1915 b,CONFIRMED,13.8353959,4.961,818.0,3.78,809.0,101.05,10.3,0.94,6020.0,4.403,1.057
5185765,K07720.01,,FALSE POSITIVE,46.9434911,1.368,100.7,1.57,669.0,47.27,6.6,0.213,6253.0,4.102,1.55
5965819,K03319.01,Kepler-1468 d,CONFIRMED,19.5906103,6.745,297.0,2.64,819.0,106.48,24.9,0.529,5794.0,4.118,1.496
5965819,K03319.02,Kepler-1468 b,CONFIRMED,8.23983041,5.619,251.0,2.35,1093.0,338.17,29.4,0.012,5794.0,4.118,1.496
11294883,K04791.01,,FALSE POSITIVE,427.65334,11.17,157.1,1.97,284.0,1.53,7.2,0.4355,5325.0,4.004,1.565
3832474,K00806.05,,FALSE POSITIVE,412.041857,5.572,1959.0,3.77,217.0,0.52,12.3,0.1068,5485.0,4.556,0.867
5471566,K04863.01,,FALSE POSITIVE,0.9628348,2.259,92.8,0.81,1648.0,1734.83,7.6,0.309,5559.0,4.554,0.838
5814013,K04865.01,,FALSE POSITIVE,1.57017249,2.257,158.4,0.82,1232.0,543.06,10.2,0.085,5300.0,4.66,0.66
7117355,K04866.01,,FALSE POSITIVE,0.566798364,3.172,38.6,0.66,2272.0,6280.34,14.1,0.487,5864.0,4.411,1.04
5653072,K03252.01,,FALSE POSITIVE,3.22452656,5.156,57.5,24.48,4883.0,134353.84,24.3,0.0995,3857.0,1.338,34.674
2707985,K03253.01,,FALSE POSITIVE,1.89127438,4.491,32.3,2.03,3342.0,29488.85,24.6,0.514,7919.0,3.663,3.46
9899141,K03254.01,,FALSE POSITIVE,1.33256944,3.89,20.6,0.46,1624.0,1636.72,18.8,0.456,5655.0,4.431,0.998
8183288,K03255.01,Kepler-437 b,CONFIRMED,66.6504521,5.744,536.9,1.56,308.0,2.14,27.1,0.433,4550.0,4.627,0.679
11305996,K03256.01,,FALSE POSITIVE,55.7002642,4.285,332.7,1.18,309.0,2.14,10.8,0.2976,4267.0,4.608,0.67
5965819,K03319.03,Kepler-1468 c,CONFIRMED,3.54553077,4.143,119.2,1.62,1448.0,1039.47,18.1,0.143,5794.0,4.118,1.496
6859801,K03321.01,,FALSE POSITIVE,10.882416555,5.4674,16629.5,29.69,632.0,37.81,265.2,1.199,4946.0,4.57,0.715
7767733,K03322.01,,FALSE POSITIVE,25.19830439,5.1942,73834.2,46.14,604.0,31.54,1669.4,1.069,5955.0,4.534,0.883
5201593,K07721.01,,FALSE POSITIVE,0.50727675,2.32,214.7,1.7,2449.0,8524.12,33.5,0.429,5970.0,4.399,1.143
9007609,K04795.01,,FALSE POSITIVE,1.316398648,1.169,182.5,1.09,1374.0,842.93,13.1,0.392,5088.0,4.508,0.806
11038580,K04796.01,,FALSE POSITIVE,419.4596,13.53,131.8,2.1,303.0,2.0,8.4,0.0167,5248.0,3.886,1.869
9509223,K04867.01,,FALSE POSITIVE,14.2005007,5.232,80.6,13.28,843.0,119.41,10.6,1.106,6332.0,4.406,1.065
6720773,K04868.01,,FALSE POSITIVE,1.318347743,0.871,113.2,1.23,1861.0,2827.4,10.6,0.427,6143.0,4.351,1.121
8056651,K04869.01,,FALSE POSITIVE,5.5834987,2.484,87.4,1.41,1317.0,711.41,11.8,0.7862,6517.0,4.241,1.375
4665991,K04870.01,,FALSE POSITIVE,1.12401084,3.052,43.6,0.61,1719.0,2058.79,10.0,0.297,5941.0,4.519,0.911
10191036,K03218.01,,FALSE POSITIVE,1.21374652,3.371,28.9,0.59,1880.0,2945.61,17.4,0.57,6238.0,4.407,1.049
8280511,K01151.03,Kepler-271 d,CONFIRMED,5.24970432,2.746,61.9,0.67,954.0,195.3,13.9,0.248,5528.0,4.499,0.853
10420301,K03257.01,,FALSE POSITIVE,45.4333769,6.351,905.8,2.23,315.0,2.34,18.1,0.959,4371.0,4.712,0.559
12156174,K03260.01,Kepler-1447 b,CONFIRMED,56.6746666,5.516,883.1,4.01,522.0,17.59,22.7,0.626,5541.0,4.189,1.295
4634135,K03328.01,,FALSE POSITIVE,63.9005941,8.2789,17097.0,25.91,353.0,3.68,110.8,1.194,5204.0,4.63,0.634
4736644,K03330.01,Kepler-1470 b,CONFIRMED,16.2951259,3.678,197.9,1.15,574.0,25.59,13.0,0.494,4915.0,4.512,0.812
5876805,K03331.01,,FALSE POSITIVE,18.173045009,10.9113,69911.3,24.39,650.0,42.19,1820.5,0.674,5799.0,4.548,0.86
5818068,K03332.01,,FALSE POSITIVE,14.12678065,5.9303,7647.4,31.13,670.0,47.56,127.1,1.254,5656.0,4.583,0.784
10139390,K04798.01,,FALSE POSITIVE,358.56462,11.64,170.2,0.99,219.0,0.55,9.6,0.4108,5375.0,4.531,0.752
5273713,K07722.01,,FALSE POSITIVE,1.337561836,1.575,41.0,1.11,2322.0,6870.94,9.5,0.055,6406.0,4.056,1.715
3526331,K04800.01,,FALSE POSITIVE,2.23755641,2.089,101.1,0.93,1397.0,897.8,7.3,0.182,6026.0,4.505,0.924
11496490,K04872.01,,FALSE POSITIVE,1.035268597,0.5663,112.2,1.34,2136.0,4922.79,15.1,0.3845,6332.0,4.311,1.205
1430305,K04873.01,,FALSE POSITIVE,359.3259,9.836,246.2,3.6,410.0,6.69,13.5,0.2279,6570.0,3.902,2.27
7117549,K04874.01,,FALSE POSITIVE,0.566805268,3.721,35.7,0.65,2492.0,9052.02,12.5,0.069,6403.0,4.418,1.086
12055539,K03261.01,Kepler-1448 b,CONFIRMED,12.27057043,3.002,295.5,1.67,811.0,102.25,18.7,0.026,6075.0,4.486,0.969
12056139,K03262.01,Kepler-1449 b,CONFIRMED,13.2274753,6.356,229.8,1.94,867.0,133.34,16.4,0.803,6269.0,4.405,1.155
4774646,K07707.01,,FALSE POSITIVE,0.559517155,0.596,57.9,1.04,2762.0,13839.66,12.7,0.328,6462.0,4.266,1.309
10030778,K03265.01,,FALSE POSITIVE,29.47316279,6.4327,12568.5,48.98,565.0,24.07,179.3,1.362,5838.0,4.529,0.897
7870282,K04732.01,,FALSE POSITIVE,0.580725004,2.071,105.2,0.85,1939.0,3355.68,18.0,0.137,5471.0,4.53,0.841
11153259,K03200.01,,FALSE POSITIVE,1.94468659,18.22,455.5,69.59,3334.0,29219.04,17.1,1.1592,7894.0,3.644,3.521
9021075,K04733.01,Kepler-1968 b,CONFIRMED,7.28116667,2.716,333.8,1.4,744.0,72.16,11.5,0.1,5008.0,4.572,0.788
5783938,K04734.01,,FALSE POSITIVE,383.10017,8.8,579.4,2.18,248.0,0.9,10.0,0.1365,6011.0,4.522,0.902
3445812,K04802.01,,FALSE POSITIVE,0.605556082,1.2399,101.7,0.86,2120.0,4796.94,15.3,0.176,6123.0,4.556,0.846
4473613,K04803.01,Kepler-1623 b,CONFIRMED,4.36125889,2.174,189.2,1.2,1000.0,236.01,10.7,0.374,5520.0,4.544,0.873
8960918,K04805.01,,FALSE POSITIVE,1.19087362,1.785,67.5,0.73,1489.0,1165.78,8.0,0.393,5158.0,4.464,0.888
4647662,K04806.01,,FALSE POSITIVE,1.06484622,3.287,42.4,0.72,2034.0,4059.63,12.5,0.242,6445.0,4.417,1.087
9822284,K04807.01,,FALSE POSITIVE,0.969824139,0.783,23.1,0.49,1839.0,2709.67,6.8,0.332,5780.0,4.438,1.0
8940700,K04876.01,,FALSE POSITIVE,190.60563,14.33,153.6,1.6,386.0,5.25,11.6,0.0108,6200.0,4.214,1.287
9850966,K04879.01,,FALSE POSITIVE,8.480305,6.19,304.2,1.33,661.0,45.21,11.5,0.766,4895.0,4.631,0.696
8747009,K04880.01,,FALSE POSITIVE,410.11676,13.97,216.9,1.41,242.0,0.81,11.2,0.243,5587.0,4.372,0.965
8826007,K03266.01,Kepler-1450 b,CONFIRMED,54.5091549,5.125,622.2,1.94,308.0,2.13,17.0,0.94,4406.0,4.67,0.603
8620402,K03267.01,Kepler-1913 b,CONFIRMED,14.1959621,3.605,196.2,1.66,818.0,105.7,14.1,0.786,6214.0,4.442,1.076
8379021,K03268.01,,FALSE POSITIVE,11.52482874,1.724,577.6,22.56,756.0,77.15,16.2,1.205,5592.0,4.472,0.892
8104030,K03269.01,,FALSE POSITIVE,46.84008579,3.8198,6287.9,428.62,552.0,22.0,147.9,4.652,6006.0,4.33,1.055
5282477,K04736.01,,FALSE POSITIVE,0.992798625,3.5065,582.5,29.26,1967.0,3519.47,79.1,1.219,6055.0,4.407,1.098
6681546,K04738.01,,FALSE POSITIVE,186.72243,13.35,326.4,1.84,329.0,2.77,11.5,0.4736,6040.0,4.469,0.999
6421137,K04739.01,,FALSE POSITIVE,118.4039,5.593,426.0,3.46,517.0,16.83,4.4,0.4062,6486.0,4.091,1.64
9893278,K04740.01,,FALSE POSITIVE,182.281992,8.828,509.3,1.67,280.0,1.46,8.7,0.2425,5503.0,4.536,0.742
4548162,K04809.01,,FALSE POSITIVE,10.0102876,5.33,127.1,0.69,522.0,17.56,7.0,0.5667,4214.0,4.65,0.601
7293937,K03211.01,,FALSE POSITIVE,1.366964704,2.3181,59.7,0.79,1640.0,1705.64,3.3,0.517,5780.0,4.438,1.0
8043721,K04812.01,,FALSE POSITIVE,0.77957913,2.457,70.4,0.71,1819.0,2585.39,11.1,0.183,5699.0,4.553,0.853
7985733,K03219.01,,FALSE POSITIVE,0.544561598,1.6053,35.2,44.9,11804.0,4601339.96,31.1,0.214,3715.0,0.851,80.529
6522824,K04882.01,,FALSE POSITIVE,17.4453133,5.14,327.7,5.38,1066.0,305.55,12.2,0.23,4927.0,3.417,3.04
4750341,K04884.01,,FALSE POSITIVE,1.97515457,2.633,66.1,0.92,1504.0,1207.0,9.2,0.027,5571.0,4.31,1.145
6612327,K03270.01,,FALSE POSITIVE,21.993112,8.616,1015.7,23.21,523.0,17.75,37.3,1.249,5205.0,4.604,0.747
7285757,K03271.01,Kepler-1986 b,CONFIRMED,19.5489666,1.78,523.8,1.89,579.0,26.62,12.6,0.83,5549.0,4.6,0.732
5211922,K03273.01,,FALSE POSITIVE,27.6853358,4.661,1660.7,3.11,461.0,10.67,49.3,0.897,5216.0,4.673,0.639
5280587,K03274.01,Kepler-1451 b,CONFIRMED,35.6225528,4.845,651.1,2.24,523.0,17.67,9.6,0.261,5799.0,4.539,0.878
8129005,K04741.01,,FALSE POSITIVE,7.1403113,5.891,112.1,1.18,1036.0,272.78,11.8,0.786,6354.0,4.454,1.016
4840156,K07709.01,,FALSE POSITIVE,2.69487041,2.553,62.1,0.97,1440.0,1020.03,10.3,0.554,5823.0,4.283,1.187
4138008,K04742.01,Kepler-442 b,CONFIRMED,112.303136,5.869,502.1,1.3,241.0,0.79,13.1,0.248,4401.0,4.677,0.595
6468904,K04743.01,,FALSE POSITIVE,49.5387264,2.238,740.6,20.52,436.0,8.52,10.3,1.223,5683.0,4.605,0.747
5709906,K04744.01,,FALSE POSITIVE,3.39155966,3.87,28.4,0.49,1183.0,462.47,8.2,0.182,5896.0,4.516,0.914
9777556,K04814.01,,FALSE POSITIVE,1.33254897,3.083,591.7,32.84,4664.0,111977.04,16.2,0.241,4894.0,2.445,13.777
10753922,K04816.01,,FALSE POSITIVE,18.2260472,3.664,361.1,1.85,648.0,41.67,10.0,0.378,5440.0,4.444,0.98
5980061,K04817.01,,FALSE POSITIVE,0.630539713,1.7407,239.6,21.07,1936.0,3333.18,27.7,1.2,5458.0,4.482,0.894
4059887,K04887.01,,FALSE POSITIVE,1.018347376,4.386,47.8,1.92,2832.0,15153.38,33.3,0.654,5858.0,3.729,2.638
8288741,K04888.01,,FALSE POSITIVE,0.659299289,0.6908,1118.5,30.54,1979.0,3623.47,108.6,1.2873,5791.0,4.524,0.852
5303346,K03275.01,,FALSE POSITIVE,37.32483952,6.9676,4989.2,30.32,461.0,10.67,155.6,1.263,5306.0,4.55,0.79
3858879,K03276.01,,FALSE POSITIVE,25.951984,20.585,2340.2,36.8,626.0,36.39,131.4,1.266,5889.0,4.46,1.046
3120904,K03277.01,Kepler-1452 b,CONFIRMED,42.9136635,5.227,160.6,3.19,810.0,101.56,18.2,0.403,6049.0,3.8,2.483
3342467,K03278.01,,FALSE POSITIVE,88.1804682,5.033,1138.6,2.78,359.0,3.94,17.5,0.026,5497.0,4.57,0.839
11757451,K04745.01,Kepler-443 b,CONFIRMED,177.668663,9.298,901.4,2.32,233.0,0.7,12.7,0.772,4721.0,4.615,0.701
2711597,K04746.01,,FALSE POSITIVE,0.98041685,0.919,105.7,0.75,1388.0,880.5,8.8,0.446,4861.0,4.572,0.722
8047428,K04747.01,Kepler-1621 b,CONFIRMED,92.263742,8.605,296.9,2.22,469.0,11.42,12.2,0.273,6084.0,4.287,1.283
11513486,K04748.01,Kepler-1969 b,CONFIRMED,6.64754478,1.961,289.3,1.72,999.0,235.89,12.4,0.235,6046.0,4.478,1.007
4851283,K07710.01,,FALSE POSITIVE,1.23517588,5.476,232.9,1.59,1697.0,1955.7,19.3,0.625,5780.0,4.438,1.0
5024138,K04819.01,,FALSE POSITIVE,0.416995408,0.8928,112.6,0.84,2433.0,8299.79,19.9,0.089,6150.0,4.498,0.781
9086001,K04821.01,,FALSE POSITIVE,256.52387,9.07,126.1,1.33,338.0,3.1,7.5,0.1065,6348.0,4.323,1.18
4927734,K03212.01,,FALSE POSITIVE,3.0001191,6.61,7.7,0.73,2566.0,10247.93,7.3,0.635,8431.0,3.97,2.485
11189311,K03220.01,Kepler-1442 b,CONFIRMED,81.4160138,14.175,762.3,4.63,522.0,17.53,54.3,0.911,6352.0,4.267,1.401
10031918,K04894.01,,FALSE POSITIVE,8.5900471,3.463,137.0,0.8,677.0,49.76,9.6,0.098,4914.0,4.575,0.707
5276332,K07723.01,,FALSE POSITIVE,357.82544,9.12,152.5,1.7,306.0,2.08,11.1,0.636,6131.0,4.248,1.312
3544640,K03279.01,Kepler-1914 b,CONFIRMED,30.8278245,4.214,641.3,2.42,585.0,27.66,13.9,0.023,5982.0,4.493,0.96
10653179,K03280.01,Kepler-1453 b,CONFIRMED,47.1607932,4.003,723.2,2.58,503.0,15.07,13.6,0.028,5936.0,4.501,0.965
12066569,K03282.01,Kepler-1455 b,CONFIRMED,49.2768448,3.787,1132.9,1.75,271.0,1.28,17.8,0.022,3899.0,4.713,0.529
6497146,K03284.01,Kepler-438 b,CONFIRMED,35.2330694,3.674,352.8,0.97,288.0,1.62,14.5,0.139,3749.0,4.743,0.524
8625813,K03285.01,,FALSE POSITIVE,45.3965379,3.826,1001.6,1.97,326.0,2.66,15.3,0.085,4266.0,4.626,0.643
4651399,K07698.01,,FALSE POSITIVE,508.807642,4.495,2127.0,39.59,595.0,29.54,14.8,0.016,4893.0,2.454,8.811
9953575,K04751.01,,FALSE POSITIVE,362.69427,9.7,439.9,3.54,315.0,2.32,11.0,0.0774,5288.0,3.898,1.719
7887890,K04752.01,,FALSE POSITIVE,370.35639,12.75,732.2,2.82,268.0,1.21,13.0,0.414,6117.0,4.457,1.025
4544628,K04753.01,,FALSE POSITIVE,0.729724346,2.699,23.0,0.51,2151.0,5081.58,14.3,0.523,6084.0,4.426,1.03
7052511,K04824.01,,FALSE POSITIVE,0.821472455,2.433,127.1,0.92,1559.0,1395.92,11.3,0.2579,4889.0,4.503,0.836
4764774,K04825.01,,FALSE POSITIVE,1.29019586,3.741,86.5,0.78,1530.0,1293.44,11.1,0.044,5693.0,4.558,0.842
9910828,K04897.01,,FALSE POSITIVE,8.48032079,5.791,170.7,0.95,759.0,78.45,14.7,0.004,5415.0,4.556,0.728
11867608,K04899.01,,FALSE POSITIVE,227.6258,9.47,131.0,1.79,394.0,5.7,8.8,0.2351,6240.0,4.103,1.549
8016691,K03286.01,Kepler-1456 b,CONFIRMED,18.1373788,3.844,310.8,1.41,433.0,8.31,11.3,0.945,4257.0,4.648,0.602
6584273,K03287.01,Kepler-1457 b,CONFIRMED,51.1104797,7.712,330.0,1.6,478.0,12.38,21.9,0.029,5968.0,4.534,0.881
5768816,K03288.01,Kepler-1458 b,CONFIRMED,47.9869119,5.342,859.3,3.35,493.0,14.01,25.7,0.873,5641.0,4.408,0.981
3644071,K01192.02,,FALSE POSITIVE,359.047933,16.637,5622.7,7.76,260.0,1.08,91.1,0.002,5609.0,4.346,1.048
5360974,K03289.01,,FALSE POSITIVE,29.8042694,3.107,1046.5,24.73,505.0,15.34,17.9,1.237,5223.0,4.488,0.827
4670267,K07699.01,,FALSE POSITIVE,1.003049079,7.9657,219273.0,42.5,1714.0,2049.63,1766.7,0.568,5775.0,4.518,0.844
7435780,K04757.01,,FALSE POSITIVE,0.933157032,2.614,87.8,7.29,2202.0,5565.35,15.2,1.046,6499.0,4.378,1.169
8938937,K04758.01,,FALSE POSITIVE,37.1083458,4.112,366.5,1.71,492.0,13.84,7.9,0.612,5591.0,4.559,0.86
10556180,K04828.01,,FALSE POSITIVE,1.02104719,6.39,246.1,13.68,2129.0,4852.49,18.5,1.0867,6444.0,4.376,1.2
12401132,K04829.02,,FALSE POSITIVE,12.083457,3.536,312.5,2.09,932.0,178.53,8.6,0.1069,6422.0,4.364,1.175
8308070,K04830.01,,FALSE POSITIVE,401.5907,14.77,115.0,1.01,256.0,1.02,11.9,0.1752,6170.0,4.482,0.939
6956136,K03221.01,,FALSE POSITIVE,53.912783631,44.0504,216.7,4.25,697.0,55.85,56.4,0.984,6085.0,3.917,2.02
10661917,K04901.01,,FALSE POSITIVE,1.23142395,2.186,19.6,0.77,2317.0,6786.33,10.8,0.187,6011.0,3.971,1.73
7799701,K04903.01,,FALSE POSITIVE,386.828262,5.045,1024.9,6.54,340.0,3.15,19.7,0.953,6384.0,4.107,1.615
6233483,K03291.01,,FALSE POSITIVE,15.8733803,7.4672,4094.1,8.15,830.0,111.99,136.5,0.919,6161.0,4.276,1.054
5392871,K03292.01,,FALSE POSITIVE,42.3991752,7.251,484.0,3.23,580.0,26.75,36.9,0.965,6133.0,4.37,1.121
3858851,K03293.01,,FALSE POSITIVE,25.95198823,14.602,5103.3,39.94,680.0,50.51,125.0,1.269,6363.0,4.444,1.035
3858917,K03294.01,,FALSE POSITIVE,25.9522401,20.813,2896.9,42.91,572.0,25.35,90.5,1.375,5659.0,4.528,0.904
4466356,K03295.01,,FALSE POSITIVE,14.12809896,2.326,263.1,1.6,781.0,87.8,20.3,0.046,6072.0,4.47,0.988
9474232,K04760.01,,FALSE POSITIVE,13.6917833,4.198,145.4,1.12,770.0,83.37,14.2,0.142,5906.0,4.433,0.931
3859151,K04761.01,,FALSE POSITIVE,25.95633,26.34,158.2,9.75,618.0,34.42,11.9,1.088,6139.0,4.53,0.881
11456279,K03204.01,,FALSE POSITIVE,0.572937573,2.576,80.8,1.57,3271.0,27058.33,32.0,0.7866,7338.0,4.225,1.593
5398002,K03213.01,,FALSE POSITIVE,14.15849823,46.356,347.3,90.09,1910.0,3145.0,225.1,1.204,8753.0,3.668,3.746
6680911,K04831.01,,FALSE POSITIVE,207.471349,7.469,229.2,1.57,316.0,2.37,8.0,0.3093,5731.0,4.359,1.033
10356124,K04832.01,,FALSE POSITIVE,12.3748247,90.01,390.9,81.01,1253.0,583.24,85.7,1.185,5165.0,3.491,3.598
6286161,K03501.01,,FALSE POSITIVE,14.541781166,9.1151,143645.0,2722.92,834.0,114.56,768.9,22.28,5997.0,4.304,1.148
5385471,K03502.01,,FALSE POSITIVE,12.4261177,28.5357,1230.4,3.8,724.0,64.95,89.9,0.945,5713.0,4.554,0.851
6368175,K03503.01,Kepler-1703 b,CONFIRMED,21.1876185,3.69,71.7,0.79,676.0,49.23,8.5,0.777,6355.0,4.547,0.849
5471158,K03504.01,,FALSE POSITIVE,12.42560404,23.9402,458.9,2.52,733.0,68.44,40.8,0.96,5713.0,4.541,0.893
4847843,K03505.01,,FALSE POSITIVE,30.9604688,14.992,460.9,89.18,1064.0,303.13,27.1,1.208,5367.0,3.216,3.558
5120225,K07717.01,,FALSE POSITIVE,1.041619932,8.1218,1840.5,30.94,1858.0,2828.16,374.1,1.237,5838.0,4.374,0.991
9656543,K03588.01,,FALSE POSITIVE,2.544594443,3.21373,348777.0,109.72,1608.0,1582.68,608.9,0.558,5503.0,4.033,1.616
10751515,K03589.01,,FALSE POSITIVE,56.40651043,18.4332,102294.0,21.93,358.0,3.87,1597.3,0.625,5011.0,4.617,0.647
3348093,K03590.01,,FALSE POSITIVE,7.964400574,4.4761,190903.0,61.54,633.0,38.09,879.2,1.121,4478.0,4.578,0.715
6182846,K03591.01,,FALSE POSITIVE,6.399101307,4.7439,83326.0,51.77,1042.0,279.38,154.4,1.039,6233.0,4.472,0.988
4939346,K01873.02,Kepler-328 b,CONFIRMED,34.9168399,7.343,500.0,2.39,602.0,31.13,15.4,0.026,6194.0,4.445,1.069
6442602,K07778.01,,FALSE POSITIVE,0.56678228,4.725,146.8,0.88,1661.0,1814.33,15.1,0.153,4796.0,4.56,0.749
9851126,K03592.01,,FALSE POSITIVE,8.480303653,7.48907,81427.9,22.25,762.0,79.65,301.4,0.195,5385.0,4.565,0.787
11455428,K03365.01,Kepler-1480 b,CONFIRMED,22.1270885,4.472,418.2,3.94,721.0,63.98,12.6,0.956,5312.0,4.103,1.445
10484409,K03366.01,,FALSE POSITIVE,10.6784787,2.307,201.0,1.12,712.0,60.7,9.4,0.271,5459.0,4.583,0.797
5796185,K03369.01,,FALSE POSITIVE,42.559265547,3.36626,207990.0,51.86,487.0,13.28,950.0,0.775,5764.0,4.548,0.863
3945802,K03435.01,,FALSE POSITIVE,24.2157996,4.359,322.2,1.58,596.0,29.84,13.6,0.207,5659.0,4.473,0.885
6265665,K03436.01,Kepler-1499 b,CONFIRMED,44.2018402,4.949,235.6,1.14,409.0,6.59,18.6,0.348,5002.0,4.543,0.753
4645174,K03437.01,Kepler-1500 b,CONFIRMED,15.0330623,6.326,132.2,2.18,928.0,175.74,14.9,0.896,5849.0,4.076,1.601
8719419,K03506.01,,FALSE POSITIVE,12.62530918,3.163,39413.0,87.2,1214.0,514.08,32.5,1.151,6878.0,4.012,1.844
9028474,K03510.01,,FALSE POSITIVE,124.93576738,7.5608,240899.0,49.34,362.0,4.06,332.8,0.542,5887.0,4.477,0.941
4349442,K01803.02,,FALSE POSITIVE,12.720298433,2.4599,283.6,1.37,589.0,28.37,12.7,0.805,4914.0,4.61,0.724
3644542,K03511.01,,FALSE POSITIVE,119.67980316,32.1928,299046.0,193.91,847.0,121.45,5357.7,0.527,8275.0,3.726,3.251
6182849,K03512.01,,FALSE POSITIVE,6.399107136,5.21981,376769.0,59.15,1031.0,266.9,4322.4,0.245,6133.0,4.435,0.935
9851142,K03513.01,,FALSE POSITIVE,8.480304281,7.46159,83114.6,65.0,1504.0,1210.22,5219.5,0.235,7059.0,3.946,2.21
3442054,K03593.01,,FALSE POSITIVE,117.6813778,12.7591,45362.0,45.43,575.0,25.76,2426.9,0.433,6429.0,3.899,2.079
4079530,K03594.01,,FALSE POSITIVE,17.72722648,4.1376,147144.0,35.18,692.0,54.32,922.1,0.381,6021.0,4.52,0.895
6445531,K07779.01,,FALSE POSITIVE,1.71024931,2.833,98.6,1.2,1766.0,2298.2,9.4,0.508,6418.0,4.395,1.171
10677186,K03595.01,,FALSE POSITIVE,100.40132734,9.7436,53781.9,26.0,420.0,7.37,1331.0,0.436,5903.0,4.353,1.1
9025914,K03596.01,,FALSE POSITIVE,11.320287875,4.82219,243413.0,59.23,928.0,175.69,1539.9,0.526,6153.0,4.302,1.127
9366988,K03597.01,,FALSE POSITIVE,1.219034103,2.4494,95697.0,40.46,1977.0,3621.09,319.1,0.455,5914.0,4.217,1.271
11657614,K03370.02,Kepler-1481 b,CONFIRMED,5.94228603,2.169,250.0,1.23,797.0,95.34,7.5,0.097,4891.0,4.516,0.805
9785921,K03372.01,Kepler-1997 b,CONFIRMED,26.7575866,5.858,455.3,2.28,660.0,44.86,17.7,0.407,6215.0,4.44,1.052
3102000,K03373.01,,FALSE POSITIVE,57.0599992,7.463,66168.0,22.31,455.0,10.11,751.5,0.194,5931.0,4.545,0.863
6599975,K03438.01,Kepler-1501 b,CONFIRMED,14.5565618,4.554,103.8,1.08,787.0,90.4,17.1,0.031,6065.0,4.452,1.061
8266276,K01731.02,,FALSE POSITIVE,0.837898153,2.104,268.9,1.26,1478.0,1128.57,13.9,0.071,4748.0,4.526,0.797
5887316,K07747.01,,FALSE POSITIVE,0.603086711,1.0869,1242.8,36.0,2459.0,8675.9,170.0,1.251,6353.0,4.397,1.134
4282191,K03439.01,Kepler-1502 b,CONFIRMED,41.7084063,8.567,330.0,2.19,608.0,32.24,24.3,0.671,6434.0,4.394,1.138
3559860,K03440.01,Kepler-1980 b,CONFIRMED,33.0257179,6.032,507.1,2.21,564.0,23.95,12.2,0.044,5819.0,4.468,0.99
10651945,K03441.01,,FALSE POSITIVE,25.366990665,5.9556,150581.0,56.02,665.0,46.09,2206.5,0.86,6208.0,4.454,1.024
7117003,K03514.01,,FALSE POSITIVE,428.32173928,40.5992,316995.0,49.76,220.0,0.56,4594.8,0.531,5662.0,4.532,0.806
3240159,K03515.01,,FALSE POSITIVE,82.137609997,6.11904,210772.0,197.85,640.0,39.55,3583.1,1.221,6395.0,3.904,2.012
6147851,K07766.01,,FALSE POSITIVE,3.06026014,2.545,59.9,0.83,1284.0,642.06,10.1,0.675,5878.0,4.426,1.01
9658118,K03516.01,,FALSE POSITIVE,24.0612744,19.9438,440146.0,83.77,749.0,74.37,1161.1,0.461,6461.0,4.338,1.138
7132542,K03517.01,,FALSE POSITIVE,66.36099916,20.0614,416737.0,61.42,420.0,7.33,1866.7,0.486,5583.0,4.463,0.857
8589754,K03518.01,,FALSE POSITIVE,8.939461148,6.19136,357832.0,153.32,1407.0,926.24,2427.5,0.558,6461.0,3.846,2.225
3757590,K03520.01,,FALSE POSITIVE,135.58607679,5.54241,363134.0,89.83,429.0,7.99,6788.8,0.549,6401.0,4.324,1.301
2437149,K03598.01,,FALSE POSITIVE,18.79862195,7.4782,380204.0,55.07,575.0,25.91,551.3,0.524,5334.0,4.585,0.796
9715925,K03599.01,,FALSE POSITIVE,6.30828538,2.48633,113526.0,29.34,803.0,98.21,559.2,0.69,5069.0,4.524,0.78
9529733,K03600.01,,FALSE POSITIVE,4.80912667,7.9331,134093.0,44.3,1270.0,615.74,1033.2,0.471,6462.0,4.371,1.166
9613070,K03601.01,,FALSE POSITIVE,2.33211505,2.96723,105949.0,140.22,1594.0,1530.05,997.8,1.747,6384.0,4.348,1.094
9967771,K01875.02,Kepler-990 c,CONFIRMED,0.53835407,1.5045,190.2,1.67,2386.0,7609.22,46.6,0.334,5539.0,4.244,1.207
10845188,K03602.01,,FALSE POSITIVE,249.36211832,8.3559,35830.4,48.69,308.0,2.14,846.1,1.17,5940.0,4.352,1.02
5709103,K07736.01,,FALSE POSITIVE,0.664727127,1.561,16.2,0.46,2343.0,7149.67,7.6,0.382,6143.0,4.344,1.116
6705026,K03374.01,Kepler-1483 b,CONFIRMED,9.5084871,4.372,97.9,1.65,1131.0,386.61,13.3,0.143,6144.0,4.106,1.668
6779726,K03375.01,Kepler-1918 b,CONFIRMED,47.0563327,4.807,762.0,2.57,497.0,14.43,12.1,0.361,5889.0,4.492,0.924
7288306,K03443.01,Kepler-1503 b,CONFIRMED,96.169569,7.496,894.5,2.07,321.0,2.52,20.0,0.049,5340.0,4.633,0.702
5887393,K07748.01,,FALSE POSITIVE,1.55090374,3.028,11.3,1.11,3190.0,24453.38,11.8,0.817,7612.0,3.787,2.968
11860395,K03445.01,Kepler-1504 b,CONFIRMED,82.303914,15.404,737.0,4.47,485.0,13.05,22.3,0.859,5602.0,4.13,1.425
5456023,K03521.01,,FALSE POSITIVE,131.97827736,7.14981,345935.0,147.83,457.0,10.32,3766.3,0.58,4916.0,3.717,2.182
6187888,K07768.01,,FALSE POSITIVE,0.789171236,1.734,73.4,0.69,1527.0,1291.41,9.0,0.417,4776.0,4.516,0.811
9529744,K01806.02,Kepler-320 c,CONFIRMED,17.9346606,6.25,142.7,2.8,1002.0,238.78,18.8,0.976,6426.0,4.013,1.775
12021387,K03522.01,,FALSE POSITIVE,241.07074582,9.88863,70291.7,76.53,699.0,56.58,4257.4,0.418,9414.0,3.883,2.777
8044608,K03523.01,,FALSE POSITIVE,106.17593813,10.4168,164738.0,54.91,441.0,8.94,7056.8,0.718,6038.0,4.254,1.141
8760135,K03524.01,,FALSE POSITIVE,184.6467208,18.9869,410274.0,72.8,320.0,2.49,1113.2,0.492,5713.0,4.414,1.023
4073707,K03525.01,,FALSE POSITIVE,6.282033445,8.3777,181787.0,144.85,1029.0,264.78,1178.0,1.777,6074.0,4.45,0.976
5730394,K03603.01,,FALSE POSITIVE,5.519188936,7.1351,217073.0,43.06,932.0,178.7,2270.6,0.459,5324.0,4.439,0.897
6956216,K03604.01,,FALSE POSITIVE,4.818863794,6.2625,65936.5,51.32,1595.0,1529.01,2048.7,0.486,6313.0,3.936,1.935
6137704,K03605.01,,FALSE POSITIVE,178.26802035,5.86461,45753.9,34.07,256.0,1.02,961.4,1.135,5126.0,4.578,0.696
10275074,K03606.01,,FALSE POSITIVE,2.181555909,4.41739,85406.9,91.3,1730.0,2119.28,1548.2,1.261,6584.0,4.331,1.246
9110346,K03607.01,,FALSE POSITIVE,0.895276162,3.0518,319082.0,172.25,2731.0,13121.22,932.1,0.618,5242.0,3.631,2.55
10259301,K03608.01,,FALSE POSITIVE,244.83274973,4.37001,40206.0,38.3,307.0,2.09,733.5,1.047,6105.0,4.443,0.993
2995392,K03379.01,Kepler-1484 b,CONFIRMED,30.4544418,6.896,472.1,2.6,624.0,35.92,17.3,0.929,6283.0,4.472,0.984
3120308,K03380.01,,FALSE POSITIVE,10.26558924,3.879,254.6,1.65,828.0,111.18,18.8,0.663,5774.0,4.458,0.98
9991621,K03382.01,,FALSE POSITIVE,18.9257333,6.149,188.5,16.74,639.0,39.47,16.2,1.155,5455.0,4.421,0.909
8078502,K03383.01,Kepler-1919 b,CONFIRMED,37.8862977,5.218,672.2,2.09,479.0,12.46,14.4,0.026,5513.0,4.551,0.818
2852528,K03446.01,,FALSE POSITIVE,11.9615433,3.129,424.5,2.24,847.0,121.71,12.4,0.576,6142.0,4.456,1.046
10798838,K03449.01,,FALSE POSITIVE,62.127677128,5.25005,37430.2,38.61,402.0,6.15,990.3,1.158,5344.0,4.494,0.807
8560940,K03450.01,,FALSE POSITIVE,31.9730649,8.872,158.6,1.09,530.0,18.59,15.6,0.716,5811.0,4.571,0.811
10292238,K03526.01,,FALSE POSITIVE,143.1188694,16.8109,255714.0,53.3,321.0,2.5,1638.0,0.703,5713.0,4.554,0.851
8733497,K03527.01,,FALSE POSITIVE,76.81985465,5.16249,229165.0,46.61,379.0,4.88,2314.5,0.728,5654.0,4.59,0.774
4255422,K03528.01,,FALSE POSITIVE,165.40574995,13.6363,66402.0,112.86,514.0,16.56,4958.6,1.091,6061.0,3.759,2.185
9837544,K03529.01,,FALSE POSITIVE,71.661915163,6.33708,323613.0,55.04,365.0,4.18,1804.1,0.612,5075.0,4.497,0.824
7877824,K03530.01,,FALSE POSITIVE,9.44942685,6.40303,488997.0,68.38,813.0,103.29,1246.3,0.395,5754.0,4.534,0.905
6469946,K07781.01,,FALSE POSITIVE,0.715802309,1.5586,2208.6,25.52,1656.0,1787.96,137.7,1.251,5239.0,4.6,0.757
6947164,K03531.01,,FALSE POSITIVE,70.58284717,8.81169,150931.0,50.88,435.0,8.45,2424.0,0.882,5973.0,4.516,0.904
6233903,K03609.01,,FALSE POSITIVE,2.995357359,6.57901,172404.0,112.12,1791.0,2437.81,1467.6,0.843,5949.0,3.892,1.94
7212066,K03610.01,,FALSE POSITIVE,3.840485025,2.8592,31353.0,39.38,1077.0,318.66,259.4,1.189,5731.0,4.532,0.823
6675060,K03611.01,,FALSE POSITIVE,10.443341795,3.94077,145294.0,44.35,892.0,149.21,842.1,0.707,6137.0,4.421,1.005
5716508,K07737.01,,FALSE POSITIVE,4.75307877,2.35,933.0,505.94,7040.0,580415.2,6.4,0.019,3486.0,0.5,180.013
10518735,K03612.01,,FALSE POSITIVE,19.515013291,4.59379,256442.0,53.03,588.0,28.31,1018.8,0.692,5349.0,4.531,0.851
6975129,K01628.02,Kepler-312 b,CONFIRMED,1.772451066,2.4592,79.2,1.02,1685.0,1904.34,22.4,0.006,6243.0,4.406,1.149
8644365,K03384.02,Kepler-1485 b,CONFIRMED,19.9158863,6.191,143.2,1.41,728.0,66.31,28.3,0.748,6047.0,4.387,1.092
9489947,K03385.01,,FALSE POSITIVE,54.061328105,4.48223,79684.0,88.28,514.0,16.51,1012.2,1.336,5786.0,4.318,1.112
6960487,K03386.01,,FALSE POSITIVE,34.525990182,4.47294,67161.4,54.35,607.0,32.12,1008.1,1.087,6123.0,4.396,1.049
6309264,K03387.01,,FALSE POSITIVE,14.2821417,2.068,224.9,1.08,625.0,36.03,8.7,0.012,5374.0,4.588,0.726
7021177,K03452.01,,FALSE POSITIVE,18.64532882,3.63893,433815.0,61.81,656.0,43.71,1256.8,0.454,5931.0,4.554,0.845
7122259,K03454.01,,FALSE POSITIVE,20.882125422,8.03365,233450.0,66.27,737.0,69.67,3506.5,0.743,6335.0,4.427,1.072
6364582,K03456.01,Kepler-1505 b,CONFIRMED,30.8609783,4.216,128.9,1.08,525.0,17.96,17.8,0.852,5627.0,4.552,0.833
6190535,K07769.01,,FALSE POSITIVE,3.652810043,1.5132,119.4,0.89,1015.0,250.33,6.0,0.086,5213.0,4.489,0.831
9834257,K03457.01,,FALSE POSITIVE,15.65134872,4.1553,3104.0,118.33,1396.0,898.69,81.6,1.267,6552.0,3.586,3.289
9529744,K01806.03,Kepler-320 b,CONFIRMED,8.37159554,5.252,98.0,2.39,1292.0,659.25,16.6,0.983,6426.0,4.013,1.775
10748621,K03532.01,,FALSE POSITIVE,286.1755875,16.1025,328544.0,63.23,276.0,1.38,765.3,0.598,5904.0,4.471,0.946
4824268,K03533.01,,FALSE POSITIVE,152.15144795,26.8612,151815.0,53.89,362.0,4.04,2163.4,0.857,6217.0,4.472,0.989
6527016,K07783.01,,FALSE POSITIVE,0.542636318,1.2536,74.6,1.39,2659.0,11844.28,17.3,0.056,5277.0,3.96,1.633
6431670,K03534.01,,FALSE POSITIVE,29.911334059,7.26916,354377.0,47.83,471.0,11.68,1349.8,0.559,5303.0,4.632,0.704
7376500,K03535.01,,FALSE POSITIVE,5.877122485,4.71655,362900.0,125.68,1402.0,913.57,1210.8,0.547,5702.0,3.807,1.821
9636559,K03618.01,,FALSE POSITIVE,10.636305846,5.17212,216063.0,64.91,1110.0,358.62,1419.0,0.398,6781.0,4.221,1.345
8095110,K03619.01,,FALSE POSITIVE,2.1032389,6.4774,24852.5,36.63,1238.0,555.0,625.1,1.209,5546.0,4.587,0.786
11499263,K03620.01,,FALSE POSITIVE,46.698200933,3.57049,54592.5,38.79,468.0,11.31,879.0,1.131,5772.0,4.518,0.756
10328393,K01905.02,Kepler-332 c,CONFIRMED,15.99560373,3.471,221.7,1.04,550.0,21.54,20.0,0.088,4955.0,4.61,0.721
9775253,K03621.01,,FALSE POSITIVE,4.39451798,2.9527,223616.0,65.76,554.0,22.27,249.5,1.566,3695.0,4.773,0.483
3858988,K03388.01,,FALSE POSITIVE,25.9518795,21.569,1312.3,35.1,645.0,41.0,63.7,1.259,5753.0,4.335,1.078
10798605,K03390.01,,FALSE POSITIVE,56.048096688,4.04427,53725.8,42.62,400.0,6.06,1003.7,1.161,5222.0,4.518,0.78
5895083,K07751.01,,FALSE POSITIVE,2.25161215,2.1,23.9,1.14,2934.0,17529.42,9.2,0.647,9464.0,4.116,2.184
9714123,K03392.01,,FALSE POSITIVE,50.35545898,5.51863,107138.0,31.66,492.0,13.81,1219.4,0.159,5936.0,4.501,0.965
6118370,K03458.01,Kepler-1506 b,CONFIRMED,14.0328775,6.684,210.9,1.45,783.0,88.83,11.8,0.044,6063.0,4.47,1.001
2717158,K03459.01,Kepler-1922 b,CONFIRMED,13.2226149,4.337,261.7,1.75,740.0,71.11,12.6,0.943,5931.0,4.545,0.863
6198256,K07770.01,,FALSE POSITIVE,3.54828691,3.281,70.9,1.69,1795.0,2458.09,9.9,0.036,6573.0,4.01,1.987
2437112,K03461.01,,FALSE POSITIVE,18.79852,4.795,487.4,2.04,509.0,15.82,11.2,0.936,4808.0,4.589,0.715
7987086,K03536.01,,FALSE POSITIVE,156.51657398,12.2259,113337.0,61.44,367.0,4.31,2016.1,0.995,6002.0,4.354,1.084
7374746,K03537.01,,FALSE POSITIVE,1.366946478,3.37701,158643.0,43.45,1403.0,910.99,796.5,0.869,5353.0,4.527,0.757
8668810,K03538.01,,FALSE POSITIVE,313.09275066,14.3447,445612.0,47.52,207.0,0.44,1952.3,0.395,5067.0,4.596,0.673
6519865,K07782.01,,FALSE POSITIVE,0.566813677,2.458,61.2,0.77,2269.0,6276.41,11.5,0.449,6106.0,4.487,0.966
8868907,K03539.01,,FALSE POSITIVE,157.32263943,21.9232,153932.0,56.66,351.0,3.61,1386.8,0.888,6109.0,4.472,0.989
3865298,K03540.01,,FALSE POSITIVE,9.53040216,5.95809,321541.0,60.49,805.0,99.43,185.6,0.6046,5501.0,4.438,0.912
10091110,K03627.01,,FALSE POSITIVE,4.218512654,3.62939,23416.8,16.67,1189.0,472.03,699.9,0.767,6185.0,4.472,0.991
10091110,K03627.02,,FALSE POSITIVE,8.529991199,3.9954,20083.7,44.86,940.0,184.92,389.8,1.225,6185.0,4.472,0.991
3544694,K03629.01,,FALSE POSITIVE,1.922862476,3.4594,101272.0,70.65,1827.0,2631.95,362.1,1.001,6408.0,4.246,1.303
11521793,K00352.02,Kepler-143 b,CONFIRMED,16.00747237,1.267,277.6,2.99,838.0,116.46,14.7,0.975,5857.0,4.204,1.305
9085563,K03393.01,Kepler-1486 b,CONFIRMED,54.6493679,7.962,432.5,2.64,538.0,19.86,15.1,0.018,5751.0,4.234,1.282
11337372,K01650.02,Kepler-920 c,CONFIRMED,100.8276725,8.39,1778.8,4.35,364.0,4.16,36.7,0.676,5301.0,4.391,0.977
5952448,K07753.01,,FALSE POSITIVE,0.905675699,1.701,73.2,0.77,1780.0,2374.98,10.2,0.008,5730.0,4.518,0.903
11874338,K03464.01,,FALSE POSITIVE,15.9750417,3.549,643.5,90.37,1143.0,403.2,37.5,1.211,5220.0,3.52,3.456
9763612,K03465.01,Kepler-1507 b,CONFIRMED,16.0505464,3.171,94.4,0.81,630.0,37.12,14.6,0.135,5428.0,4.563,0.853
6199716,K07771.01,,FALSE POSITIVE,0.805267592,0.887,146.6,1.35,2165.0,5216.79,9.8,0.082,6268.0,4.429,1.1
9468384,K03466.01,,FALSE POSITIVE,11.082622625,6.62584,268725.0,48.38,793.0,93.67,1725.6,0.207,5831.0,4.503,0.922
8868364,K03541.01,,FALSE POSITIVE,421.42848194,8.60447,96654.3,54.16,335.0,2.97,3162.0,0.356,6235.0,4.034,1.708
10092312,K01823.02,,FALSE POSITIVE,1.096587245,3.0287,541.2,168.68,1726.0,2096.5,67.1,2.623,5869.0,4.513,0.942
3964545,K03542.01,,FALSE POSITIVE,3.012476415,3.31903,198402.0,58.77,1388.0,879.89,2060.3,0.708,6015.0,4.329,1.088
9656397,K03543.01,,FALSE POSITIVE,204.74104758,20.5357,333804.0,97.39,404.0,6.3,2000.2,0.596,6517.0,4.211,1.44
5444491,K07727.01,,FALSE POSITIVE,0.759740194,3.252,42.5,0.67,2059.0,4245.86,13.7,0.497,6046.0,4.478,1.007
3735629,K03544.01,,FALSE POSITIVE,4.664186517,4.0639,555376.0,278.81,1683.0,1896.44,445.7,0.29,5062.0,3.515,3.579
8244173,K03545.01,,FALSE POSITIVE,1.092066399,2.97608,401890.0,40.74,1164.0,432.44,1160.6,0.488,4556.0,4.67,0.576
6546508,K03613.01,,FALSE POSITIVE,3.053578643,3.22884,52879.9,35.35,1035.0,271.46,661.4,1.11,5414.0,4.625,0.714
9886224,K03614.01,,FALSE POSITIVE,2.992662857,2.5258,113705.0,60.35,1476.0,1123.54,296.8,0.001,4927.0,3.883,1.837
3735634,K03615.01,,FALSE POSITIVE,4.664188563,3.773,11360.5,52.09,1221.0,525.46,272.6,1.254,5699.0,4.192,1.215
5730380,K07738.01,,FALSE POSITIVE,0.954873008,1.0613,33.0,0.81,2325.0,6913.47,1.5,0.578,6092.0,4.114,1.363
6058875,K03616.01,,FALSE POSITIVE,0.56493412,2.57621,252639.0,33.4,1458.0,1071.88,1361.5,0.691,4748.0,4.729,0.534
10735564,K03617.01,,FALSE POSITIVE,1.674984844,4.92134,234579.0,150.48,3055.0,20561.29,858.8,0.731,8285.0,3.971,2.451
3561464,K03398.01,Kepler-1487 b,CONFIRMED,7.31945294,4.881,166.8,5.05,1682.0,1891.07,16.3,0.112,5745.0,3.499,3.955
3561464,K03398.02,Kepler-1487 c,CONFIRMED,35.8007112,8.219,417.4,7.97,991.0,227.68,25.0,0.043,5745.0,3.499,3.955
5962509,K07754.01,,FALSE POSITIVE,0.790049989,2.794,70.8,0.67,1724.0,2082.67,12.3,0.185,5427.0,4.53,0.808
6359802,K03399.01,,FALSE POSITIVE,14.15402615,4.115,21653.0,29.61,495.0,14.25,23.9,1.199,4352.0,4.61,0.661
7121885,K03467.01,,FALSE POSITIVE,33.93754213,11.1677,32990.3,138.25,618.0,34.42,1112.0,1.979,6220.0,4.414,1.066
5213404,K03468.01,Kepler-1508 b,CONFIRMED,20.7057153,9.678,115.9,3.22,967.0,206.73,13.5,0.922,5668.0,3.792,2.437
6205566,K07772.01,,FALSE POSITIVE,3.7228679,9.557,52.1,0.74,1182.0,461.27,9.8,0.8,6046.0,4.509,0.927
11551692,K01781.03,Kepler-411 d,CONFIRMED,58.0198583,5.348,1286.6,3.46,354.0,3.7,66.0,0.951,4920.0,4.62,0.72
7287391,K03546.01,,FALSE POSITIVE,4.286103033,2.6422,173359.0,25.8,686.0,52.42,397.1,0.544,4206.0,4.663,0.591
6756202,K03547.01,,FALSE POSITIVE,290.7778719,12.0525,225767.0,45.27,222.0,0.58,1836.8,0.761,5207.0,4.585,0.734
10215869,K03548.01,,FALSE POSITIVE,5.017239915,4.36126,144642.0,41.75,1229.0,538.77,970.9,0.191,6519.0,4.41,1.079
5456319,K07728.01,,FALSE POSITIVE,0.937923475,3.164,40.4,0.52,1588.0,1503.05,12.0,0.515,5398.0,4.58,0.805
2307206,K03549.01,,FALSE POSITIVE,204.0329342,17.5623,411374.0,57.35,272.0,1.29,884.9,0.49,5553.0,4.577,0.806
7025540,K03550.01,,FALSE POSITIVE,2.148219541,2.94091,457844.0,49.6,1009.0,244.99,619.8,0.424,4694.0,4.6,0.672
7620844,K03551.01,,FALSE POSITIVE,58.621578824,8.52961,142951.0,40.43,385.0,5.19,1887.7,0.896,5232.0,4.554,0.725
6677267,K03622.01,,FALSE POSITIVE,3.125821128,2.2163,5025.4,110.58,2087.0,4481.76,245.2,1.269,6137.0,3.705,2.852
7732791,K03623.01,,FALSE POSITIVE,1.032068851,2.1344,121993.0,44.35,1221.0,523.01,140.0,1.014,4387.0,4.587,0.711
5736801,K07739.01,,FALSE POSITIVE,6.6751871,2.372,178.3,1.09,890.0,148.28,7.0,0.251,5774.0,4.567,0.818
8177798,K03624.01,,FALSE POSITIVE,1.450205839,3.6373,25883.7,92.78,2675.0,12063.44,419.0,1.236,7564.0,4.093,1.893
10489521,K03625.01,,FALSE POSITIVE,3.224486463,4.61686,403734.0,79.08,1456.0,1060.42,1905.1,0.421,6389.0,4.331,1.16
12643582,K03626.01,,FALSE POSITIVE,44.14579777,4.088,224228.0,62.24,504.0,15.25,434.9,0.864,5876.0,4.492,0.896
9328641,K03400.01,,FALSE POSITIVE,33.3239576,37.217,2012.1,2.55,416.0,7.06,173.7,0.47,5192.0,4.707,0.555
5991070,K07756.01,,FALSE POSITIVE,0.94102954,4.415,34.5,1.41,2761.0,13794.93,13.3,0.119,5766.0,3.783,2.409
5531953,K01681.02,Kepler-1984 b,CONFIRMED,1.992812339,2.066,314.8,6.81,675.0,48.82,16.8,1.127,3638.0,4.844,0.42
3757778,K03402.01,,FALSE POSITIVE,36.514374043,6.48255,111620.0,33.27,546.0,21.08,1701.1,0.133,5811.0,4.465,1.0
11754430,K03403.01,Kepler-1488 b,CONFIRMED,39.818832,10.757,199.1,2.23,650.0,42.32,29.4,0.6,5710.0,4.073,1.524
9995771,K03470.02,Kepler-1509 b,CONFIRMED,25.4337864,6.514,302.0,2.0,667.0,46.8,14.3,0.232,5806.0,4.321,1.158
11875511,K03471.01,,FALSE POSITIVE,67.451045,8.9387,7062.8,36.7,562.0,23.61,205.4,1.01,4847.0,3.726,2.191
5213230,K03474.01,Kepler-1923 b,CONFIRMED,52.6095103,8.202,203.7,1.83,553.0,22.13,15.3,0.102,5881.0,4.259,1.294
3326377,K01830.02,Kepler-967 c,CONFIRMED,198.7106251,8.638,2094.8,3.56,258.0,1.05,62.1,0.026,5180.0,4.548,0.8
6233466,K03552.01,,FALSE POSITIVE,15.873380595,8.0429,208362.0,630.53,962.0,202.23,978.2,3.454,5622.0,3.907,1.895
11249624,K03553.01,,FALSE POSITIVE,65.583665567,5.01216,242398.0,41.22,371.0,4.5,1649.5,0.72,5516.0,4.65,0.666
6426592,K03554.01,,FALSE POSITIVE,394.67816267,6.05443,253376.0,52.16,235.0,0.72,1500.7,0.708,5780.0,4.505,0.83
8491745,K03555.01,,FALSE POSITIVE,111.31980522,23.0078,62704.9,63.68,539.0,20.01,3433.7,0.234,5022.0,3.562,2.58
3970117,K03556.01,,FALSE POSITIVE,110.29512684,16.5339,176336.0,37.88,362.0,4.06,2084.3,0.248,5753.0,4.503,0.895
11147814,K03334.01,,FALSE POSITIVE,95.178317934,3.60125,128575.0,28.75,272.0,1.29,2279.1,0.761,4523.0,4.615,0.653
10922659,K03335.01,Kepler-1916 b,CONFIRMED,31.2543238,5.662,438.0,2.29,635.0,38.54,14.7,0.019,6246.0,4.433,1.092
8892720,K03336.01,,FALSE POSITIVE,61.4911479,9.745,58702.9,22.76,438.0,8.7,1421.7,0.681,5830.0,4.54,0.876
6021275,K00284.04,Kepler-132 e,CONFIRMED,110.2867031,4.427,145.3,1.41,414.0,6.96,16.4,0.675,5931.0,4.322,1.101
7869917,K01525.02,Kepler-880 c,CONFIRMED,11.8061737,4.472,88.1,2.87,1407.0,926.72,10.1,0.905,6900.0,3.843,2.599
11754430,K03403.02,Kepler-1488 c,CONFIRMED,6.15828666,6.329,57.7,1.2,1212.0,510.35,16.4,0.595,5710.0,4.073,1.524
6032920,K07757.01,,FALSE POSITIVE,10.828825742,0.7275,92.1,0.76,758.0,78.3,4.8,0.137,5862.0,4.584,0.785
8409295,K03404.01,Kepler-1489 b,CONFIRMED,82.292865,7.048,371.1,1.82,400.0,6.07,13.0,0.195,5626.0,4.467,0.957
7131760,K03407.01,Kepler-1490 b,CONFIRMED,92.436978,6.432,955.2,2.89,348.0,3.46,17.8,0.943,5595.0,4.606,0.741
9468382,K03409.01,,FALSE POSITIVE,11.08260553,6.23,601.2,7.34,1108.0,355.64,51.3,0.966,5125.0,3.674,2.196
6145201,K03475.01,,FALSE POSITIVE,22.7832776,4.194,120.2,1.33,759.0,78.41,18.2,0.626,6517.0,4.382,1.159
5986209,K03476.01,,FALSE POSITIVE,23.737952838,8.50818,95883.6,53.27,620.0,34.94,1221.2,1.004,5559.0,4.394,1.0
9226339,K03477.01,,FALSE POSITIVE,21.4618453,5.675,122.2,19.89,722.0,64.17,13.4,1.139,5806.0,4.283,1.213
6525209,K03479.01,,FALSE POSITIVE,75.13194883,20.8729,122372.0,26.21,359.0,3.94,3625.5,0.487,5365.0,4.586,0.729
5534965,K03557.01,,FALSE POSITIVE,243.82122131,10.9312,56799.3,56.63,365.0,4.18,2804.3,1.029,6370.0,4.228,1.316
9965206,K03558.01,,FALSE POSITIVE,16.227548674,5.08666,192688.0,46.52,599.0,30.52,1870.0,0.795,5297.0,4.587,0.795
4247023,K03559.01,,FALSE POSITIVE,47.189437,11.555,370871.0,66.71,484.0,13.01,804.0,0.5357,5458.0,4.381,0.972
4848423,K03560.01,,FALSE POSITIVE,1.501760172,5.85519,387905.0,90.92,1905.0,3110.42,2624.0,0.518,6327.0,4.315,1.29
11403216,K03561.01,,FALSE POSITIVE,4.05325447,4.0116,110916.0,1668.79,1191.0,475.36,446.1,15.329,6022.0,4.453,1.039
11853878,K01833.02,Kepler-968 d,CONFIRMED,7.68433346,1.4346,1175.0,2.58,583.0,27.35,28.5,0.951,4402.0,4.682,0.572
5774375,K07740.01,,FALSE POSITIVE,1.549979213,7.5945,370546.0,136.64,2141.0,4986.15,672.7,0.486,5408.0,3.777,2.058
8263752,K03338.01,,FALSE POSITIVE,10.99381963,3.7889,1685.8,40.17,978.0,216.57,102.9,1.274,6553.0,4.366,1.157
8263752,K03338.02,,FALSE POSITIVE,10.9938087,5.0403,1456.9,5.33,978.0,216.57,100.4,0.924,6553.0,4.366,1.157
9285265,K03410.01,Kepler-1491 b,CONFIRMED,16.5860329,7.043,231.3,2.09,821.0,107.25,14.6,0.167,5626.0,4.149,1.389
5780930,K03412.01,Kepler-1492 b,CONFIRMED,16.7525077,3.174,338.3,3.65,801.0,97.43,18.2,0.763,4807.0,3.906,1.802
4164393,K03413.01,,FALSE POSITIVE,49.612757516,7.07603,130460.0,57.08,536.0,19.46,2070.3,0.929,6241.0,4.45,1.031
7288444,K03482.01,Kepler-1924 b,CONFIRMED,15.3317719,5.467,179.2,1.91,821.0,107.44,13.3,0.802,5726.0,4.228,1.285
10881457,K03484.01,Kepler-1510 b,CONFIRMED,84.704139,10.393,655.7,4.17,537.0,19.59,17.0,0.01,6085.0,4.115,1.634
5513861,K07731.01,,FALSE POSITIVE,0.755105584,5.02374,250026.0,76.26,2412.0,7996.1,2158.5,0.732,6592.0,4.369,1.19
9948002,K03562.01,,FALSE POSITIVE,101.26336282,17.8951,72792.5,44.0,435.0,8.47,3573.1,0.944,6309.0,4.413,1.062
5264304,K03563.01,,FALSE POSITIVE,120.58167178,8.2904,192896.0,41.71,291.0,1.7,1184.8,0.845,5294.0,4.651,0.673
10960995,K03564.01,,FALSE POSITIVE,1.558544209,3.3727,225588.0,35.12,1182.0,460.09,421.6,0.507,4868.0,4.582,0.708
9592575,K03565.01,,FALSE POSITIVE,2.63757408,5.9626,169658.0,76.02,1242.0,563.22,1471.6,1.107,5639.0,4.509,0.953
7898576,K03566.01,,FALSE POSITIVE,8.64636188,8.73607,218072.0,54.24,1033.0,268.95,2441.7,0.294,6444.0,4.382,1.134
5806800,K07741.01,,FALSE POSITIVE,125.288206,3.695,241.6,1.5,363.0,4.1,9.4,0.066,5881.0,4.48,0.973
11671429,K03567.01,,FALSE POSITIVE,112.46358893,31.8273,242411.0,129.04,692.0,54.2,1374.0,0.523,7426.0,3.903,2.463
5392897,K03342.01,,FALSE POSITIVE,42.39930429,18.3609,205992.0,44.7,542.0,20.46,2261.9,0.336,6153.0,4.487,0.962
11810124,K03344.01,Kepler-1471 c,CONFIRMED,11.6044881,3.409,267.6,1.88,841.0,118.5,14.5,0.118,5533.0,4.275,1.166
6023859,K03414.01,,FALSE POSITIVE,27.009807384,1.96698,67898.0,22.32,330.0,2.82,541.3,0.949,3900.0,4.727,0.534
3433668,K03415.01,Kepler-1493 b,CONFIRMED,15.0219784,5.068,96.9,1.77,874.0,137.91,7.4,0.96,5831.0,4.162,1.382
7503885,K03417.01,Kepler-1494 b,CONFIRMED,91.078624,10.304,738.6,3.26,415.0,7.02,20.8,0.901,5915.0,4.437,1.008
3629330,K03418.01,Kepler-1495 b,CONFIRMED,85.272459,13.31,767.8,3.85,443.0,9.1,18.9,0.965,5922.0,4.349,1.057
5471289,K03485.01,,FALSE POSITIVE,12.42592675,29.1701,410.3,2.66,790.0,92.32,63.7,0.973,5952.0,4.489,0.971
9783760,K03487.01,,FALSE POSITIVE,89.7398137,3.26371,81096.0,38.01,363.0,4.1,296.0,1.026,5777.0,4.608,0.747
9528430,K03489.01,,FALSE POSITIVE,90.08255562,19.7301,43252.2,49.2,666.0,46.58,3571.6,0.099,6523.0,3.835,2.343
5529552,K07732.01,,FALSE POSITIVE,0.759768478,2.824,57.4,0.64,1737.0,2149.06,12.9,0.583,5481.0,4.574,0.815
8882847,K03490.01,,FALSE POSITIVE,42.2011587,8.479,178.1,37.39,671.0,47.85,15.9,1.225,6200.0,4.135,1.449
9773869,K03568.01,,FALSE POSITIVE,15.65129028,6.7631,398641.0,78.3,792.0,93.1,359.7,0.507,6137.0,4.418,1.103
6707942,K03569.01,,FALSE POSITIVE,9.014220178,2.76441,34085.6,15.49,661.0,45.03,1109.2,0.802,4842.0,4.573,0.73
5023948,K03570.01,,FALSE POSITIVE,1.824653341,4.25512,176739.0,55.44,1680.0,1880.22,1833.7,0.845,6413.0,4.372,0.941
5113053,K03571.01,,FALSE POSITIVE,3.185090259,4.80188,423276.0,92.5,1564.0,1414.18,1909.2,0.465,6516.0,4.249,1.279
5817957,K07742.01,,FALSE POSITIVE,372.76888,23.27,1157.2,3.66,242.0,0.81,22.8,0.909,5800.0,4.514,0.894
11853878,K01833.03,Kepler-968 c,CONFIRMED,5.70940795,1.622,586.7,1.51,644.0,40.66,20.2,0.751,4402.0,4.682,0.572
4743508,K03572.01,,FALSE POSITIVE,2.086076372,2.4032,58858.0,1543.74,1645.0,1728.2,159.3,13.376,6124.0,4.265,1.119
11810124,K03344.02,Kepler-1471 b,CONFIRMED,3.63898953,2.252,209.6,1.68,1238.0,555.71,16.0,0.32,5533.0,4.275,1.166
11303322,K03345.01,Kepler-1472 b,CONFIRMED,38.1303324,6.53,180.4,1.54,613.0,33.43,11.6,0.562,6370.0,4.41,1.106
11241912,K03346.01,Kepler-1473 b,CONFIRMED,14.42735088,4.857,117.0,1.53,783.0,88.9,21.5,0.977,5929.0,4.403,1.04
8824737,K03347.01,Kepler-1917 b,CONFIRMED,12.90235874,2.446,354.4,1.49,675.0,48.99,15.7,0.382,5530.0,4.586,0.788
9349757,K03348.01,Kepler-1474 b,CONFIRMED,36.4337867,4.388,406.8,2.2,561.0,23.35,16.2,0.25,5566.0,4.329,1.099
11519134,K03419.01,,FALSE POSITIVE,58.5850357,3.5939,75468.0,149.98,707.0,59.16,656.5,1.309,6379.0,3.925,1.994
7703955,K01707.02,Kepler-315 c,CONFIRMED,265.47847,10.28,1040.7,4.2,291.0,1.7,18.1,0.956,5792.0,4.375,1.005
8552719,K01792.02,,FALSE POSITIVE,1.546222068,7.998,49.4,0.77,1578.0,1465.41,56.6,0.503,5611.0,4.388,1.073
12164634,K03491.01,,FALSE POSITIVE,89.3313828,11.919,2177.6,8.02,558.0,22.89,169.5,0.899,6860.0,4.233,1.467
5193077,K03492.01,,FALSE POSITIVE,22.2941485,3.188,100.9,1.5,760.0,78.93,13.6,0.709,5915.0,4.223,1.392
8880123,K03493.01,Kepler-1925 b,CONFIRMED,46.7162336,7.259,345.5,2.03,531.0,18.74,15.4,0.266,5856.0,4.386,1.092
10068919,K03573.01,,FALSE POSITIVE,43.56225858,3.6873,51325.0,80.02,624.0,35.83,163.6,1.295,6411.0,4.307,1.216
7353970,K03574.01,,FALSE POSITIVE,198.443477,9.9776,39943.0,41.72,279.0,1.44,464.2,1.149,5420.0,4.502,0.868
12316447,K03575.01,,FALSE POSITIVE,17.907664726,5.58652,265411.0,282.86,746.0,73.31,1731.4,2.79,6173.0,4.447,1.041
5823557,K07743.01,,FALSE POSITIVE,2.4044122,4.575,42.7,0.85,1662.0,1805.11,10.8,0.559,6398.0,4.276,1.249
10491554,K03576.01,,FALSE POSITIVE,22.77196484,8.3476,325446.0,104.17,835.0,114.9,305.2,0.603,6049.0,4.067,1.557
9785454,K03577.01,,FALSE POSITIVE,184.52015392,15.3564,49269.0,23.38,275.0,1.36,1759.1,0.886,5341.0,4.514,0.776
8636333,K03349.01,Kepler-1475 b,CONFIRMED,82.175197,8.664,546.4,2.24,441.0,8.92,20.8,0.015,6247.0,4.489,0.954
7136958,K03350.01,,FALSE POSITIVE,29.015852933,7.19844,71432.1,1183.06,592.0,29.11,1268.8,12.223,5783.0,4.415,0.941
1995732,K03351.01,,FALSE POSITIVE,77.36241476,12.1317,96585.8,41.66,362.0,4.08,1246.3,0.995,5359.0,4.57,0.79
6069674,K07761.01,,FALSE POSITIVE,495.71095,4.514,443.1,4.41,330.0,2.8,8.5,0.718,6054.0,3.911,1.953
8081239,K03352.01,Kepler-1476 b,CONFIRMED,10.35857039,2.577,273.7,1.68,860.0,129.28,15.1,0.074,5893.0,4.423,1.02
3745559,K03423.01,Kepler-1920 b,CONFIRMED,30.2541186,2.134,576.3,2.8,660.0,44.87,12.3,0.122,6277.0,4.402,1.161
8356054,K03424.01,,FALSE POSITIVE,17.081202417,7.20617,134143.0,39.24,585.0,27.61,1524.8,0.915,5431.0,4.623,0.708
9117416,K03425.01,Kepler-1921 b,CONFIRMED,20.034708,6.49,124.4,2.24,967.0,207.16,22.9,0.193,6120.0,3.934,2.0
9117416,K03425.02,Kepler-1921 c,CONFIRMED,3.15722086,3.762,49.7,1.41,1791.0,2436.47,17.4,0.001,6120.0,3.934,2.0
7517261,K03496.01,Kepler-1511 b,CONFIRMED,23.2385587,8.432,161.2,2.18,903.0,157.09,15.5,0.355,6602.0,4.108,1.685
5653795,K07734.01,,FALSE POSITIVE,118.314913,4.79,216.3,7.23,786.0,90.09,7.0,0.522,6190.0,3.34,4.763
8424002,K03497.01,Kepler-1512 b,CONFIRMED,20.35971899,2.1521,345.7,0.8,276.0,1.38,26.8,0.925,3419.0,4.904,0.344
8635938,K03498.01,,FALSE POSITIVE,43.798566,6.401,290.4,48.52,721.0,63.8,26.1,1.182,5611.0,3.842,2.227
10464666,K03578.01,,FALSE POSITIVE,131.73630485,5.28476,58381.2,54.38,413.0,6.89,1241.0,0.871,5102.0,3.962,1.669
5024292,K03579.01,,FALSE POSITIVE,4.301031137,5.65214,204153.0,93.01,1454.0,1056.61,1526.2,0.79,6386.0,4.208,1.548
4659255,K03580.01,,FALSE POSITIVE,198.01379181,9.72673,142501.0,38.49,260.0,1.09,1411.3,0.88,5359.0,4.566,0.708
8263746,K03581.01,,FALSE POSITIVE,10.9938268,5.0746,419208.0,52.69,627.0,36.46,469.5,0.471,4856.0,4.554,0.743
10657406,K01837.02,Kepler-969 c,CONFIRMED,1.682934607,1.8846,142.7,1.06,1270.0,615.67,24.5,0.681,5201.0,4.573,0.834
3428468,K03582.01,,FALSE POSITIVE,114.90862419,7.66397,196112.0,42.78,259.0,1.06,1179.7,0.78,4412.0,4.565,0.737
7091432,K03353.01,Kepler-1477 b,CONFIRMED,11.55532445,3.499,250.0,1.7,674.0,48.88,16.1,0.96,5149.0,4.506,0.803
6368230,K03356.01,Kepler-1478 b,CONFIRMED,26.0841212,6.141,259.7,1.35,598.0,30.24,13.8,0.092,6083.0,4.563,0.835
7115291,K03357.01,,FALSE POSITIVE,52.802767576,5.6184,52110.3,75.82,472.0,11.73,1238.8,1.473,5835.0,4.492,0.901
9907505,K03427.01,,FALSE POSITIVE,39.206808648,6.24701,186978.0,50.2,516.0,16.82,1274.3,0.81,5945.0,4.545,0.861
9027909,K03428.01,Kepler-1496 b,CONFIRMED,64.6589166,7.71,235.4,2.12,535.0,19.39,13.9,0.083,5821.0,4.172,1.395
6369845,K07777.01,,FALSE POSITIVE,27.6760342,4.234,266.8,5.15,951.0,193.23,14.4,0.071,5123.0,3.442,3.224
9230021,K03429.02,Kepler-1497 b,CONFIRMED,8.74192361,4.235,295.7,1.94,924.0,172.38,18.5,0.025,5596.0,4.298,1.145
9230021,K03429.03,,FALSE POSITIVE,26.936878,4.969,246.9,1.57,617.0,34.24,8.8,0.2807,5878.0,4.442,0.998
5471688,K03499.01,,FALSE POSITIVE,12.4281308,6.79,131.4,0.85,715.0,61.78,9.4,0.33,5940.0,4.621,0.729
8552719,K01792.03,Kepler-953 c,CONFIRMED,9.10969334,5.3181,126.4,1.32,873.0,137.45,47.8,0.761,5611.0,4.388,1.073
5471688,K03499.02,,FALSE POSITIVE,0.96283264,2.947,96.3,0.74,1686.0,1908.55,16.4,0.4963,5955.0,4.617,0.733
6058816,K03500.01,Kepler-1927 b,CONFIRMED,73.7502765,13.309,233.1,3.78,677.0,49.76,33.9,0.127,6056.0,3.797,2.481
5130740,K03583.01,,FALSE POSITIVE,210.30644361,6.68665,46455.4,101.13,525.0,17.94,1081.7,1.155,7591.0,4.05,2.017
9892471,K03584.01,,FALSE POSITIVE,8.268081087,3.47103,71479.3,50.31,863.0,130.83,1320.5,1.099,5749.0,4.502,0.922
2019076,K03585.01,,FALSE POSITIVE,3.564614021,3.44204,94342.0,46.0,1187.0,470.37,728.8,0.989,5891.0,4.45,0.892
5879448,K07745.01,,FALSE POSITIVE,533.47707,23.71,210.6,2.6,315.0,2.33,15.3,0.418,6077.0,3.931,1.759
7376490,K03586.01,,FALSE POSITIVE,5.877122413,3.7369,15647.1,45.95,1061.0,300.43,287.6,1.238,5778.0,4.325,1.043
11968513,K03587.01,,FALSE POSITIVE,1.036592635,2.40749,124498.0,463.05,4194.0,73013.77,444.7,0.898,4884.0,2.737,8.747
7866921,K03360.01,,FALSE POSITIVE,91.4999978,19.5818,65496.0,21.86,335.0,2.98,1018.4,0.736,5263.0,4.572,0.774
6619815,K03361.01,Kepler-1696 b,CONFIRMED,65.9407869,7.776,580.4,2.33,454.0,10.04,19.8,0.332,5982.0,4.493,0.96
6113752,K07763.01,,FALSE POSITIVE,406.45737,9.554,284.2,1.96,278.0,1.42,12.7,0.428,6217.0,4.364,1.141
3098197,K03362.01,,FALSE POSITIVE,30.47639859,17.9728,130569.0,43.01,542.0,20.39,236.2,0.92,5913.0,4.585,0.787
11651712,K03363.01,Kepler-1479 b,CONFIRMED,14.53260546,2.4212,328.9,1.69,746.0,73.37,29.0,0.112,6003.0,4.507,0.932
9896558,K01718.02,Kepler-937 c,CONFIRMED,153.348739,12.205,388.0,2.14,377.0,4.78,12.7,0.261,6127.0,4.356,1.08
7045605,K07808.01,,FALSE POSITIVE,361.526458,6.947,525.1,5.7,410.0,6.67,14.0,0.971,7196.0,4.064,1.923
8738775,K03432.01,Kepler-1498 b,CONFIRMED,48.0506878,7.999,274.5,2.36,564.0,23.9,15.1,0.186,5332.0,4.083,1.453
7877818,K03816.01,,FALSE POSITIVE,9.44942628,6.3064,1211.9,75.22,1192.0,476.13,81.1,1.217,5092.0,3.689,2.664
5636642,K03817.01,,FALSE POSITIVE,0.933489066,1.41864,14259.0,48.01,1979.0,3648.49,374.5,1.243,5758.0,4.307,1.084
6515722,K03818.01,,FALSE POSITIVE,1.908525084,4.169,218.9,3.74,3191.0,24558.81,26.9,0.015,9174.0,4.013,2.471
6679504,K07788.01,,FALSE POSITIVE,0.798467681,0.86,120.7,0.82,1718.0,2064.49,9.4,0.331,5575.0,4.557,0.733
5560831,K03819.01,,FALSE POSITIVE,0.867721348,4.8783,97653.0,67.0,2089.0,4487.7,587.9,0.987,5510.0,4.186,1.276
5305404,K03820.01,,FALSE POSITIVE,161.252567,23.626,2911.5,5.04,318.0,2.41,94.7,0.869,5985.0,4.574,0.811
3728432,K03893.01,Kepler-1526 b,CONFIRMED,3.90863457,1.7704,867.2,1.86,787.0,91.01,36.6,0.111,4518.0,4.613,0.653
6696580,K02092.03,Kepler-359 d,CONFIRMED,77.086191,4.77,942.8,29.77,464.0,11.0,12.9,1.227,6228.0,4.441,1.049
5473535,K03894.01,,FALSE POSITIVE,1.673662758,2.3135,316.4,23.42,1729.0,2106.67,33.4,1.186,6444.0,4.433,1.053
12106934,K03895.01,,FALSE POSITIVE,5.93717724,5.355,25450.0,594.32,1005.0,241.6,56.3,6.282,5780.0,4.438,1.0
6222898,K03896.01,,FALSE POSITIVE,3.89043062,6.596,195.4,1.24,1106.0,354.22,14.4,0.025,5646.0,4.449,0.896
3955866,K03897.01,,FALSE POSITIVE,16.8282542,39.098,655.3,2.66,668.0,46.95,78.3,0.7071,5575.0,4.496,0.972
11200767,K03667.01,,FALSE POSITIVE,2.489549075,2.4345,2829.7,59.57,1708.0,2007.56,160.6,1.33,6184.0,4.138,1.406
9892816,K01955.03,Kepler-342 e,CONFIRMED,1.644221032,2.9122,47.8,1.18,1897.0,3071.95,24.1,0.942,6297.0,4.26,1.369
8589731,K03668.01,,FALSE POSITIVE,4.469731089,5.257,3159.6,84.63,1614.0,1604.34,286.7,1.268,5758.0,3.808,2.318
4356766,K03669.01,,FALSE POSITIVE,1.731803197,5.6803,44612.0,22.87,1526.0,1285.11,221.1,0.63,5761.0,4.426,1.029
2167890,K03670.01,,FALSE POSITIVE,2.64830047,2.6395,12668.0,126.54,3042.0,20225.84,79.8,0.873,4839.0,2.761,9.278
5384079,K02011.02,Kepler-348 c,CONFIRMED,17.2653659,5.02,67.9,1.16,888.0,146.92,13.9,0.007,6388.0,4.244,1.402
4935914,K03743.01,,FALSE POSITIVE,3.486318703,2.7904,60135.0,54.53,1201.0,491.1,190.7,1.138,5780.0,4.438,1.0
11303811,K03744.01,,FALSE POSITIVE,1.705780649,1.6271,15498.0,25.95,1101.0,348.32,31.8,1.231,4970.0,4.665,0.591
2437783,K03745.01,,FALSE POSITIVE,7.45306683,4.7617,46552.0,1044.28,932.0,178.53,84.3,10.337,5780.0,4.438,1.0
12062660,K03746.01,,FALSE POSITIVE,2.929299629,7.102,83918.0,51.67,1272.0,618.11,374.6,1.025,5780.0,4.438,1.0
9777087,K03747.01,,FALSE POSITIVE,5.50811352,2.9516,40380.0,34.03,778.0,86.57,100.5,1.215,5188.0,4.687,0.624
5956776,K03821.01,,FALSE POSITIVE,0.569115097,3.5028,585597.0,156.15,3357.0,29827.37,229.6,0.444,7174.0,4.13,1.705
8883727,K03822.01,,FALSE POSITIVE,2.529073751,1.8827,1572.9,25.8,1137.0,395.83,73.4,1.263,5465.0,4.598,0.766
6516874,K03824.01,,FALSE POSITIVE,0.916326699,3.1427,96384.0,50.7,1917.0,3196.67,251.6,0.988,6046.0,4.486,0.972
11709124,K00435.03,Kepler-154 b,CONFIRMED,33.0405509,3.3613,577.4,2.36,561.0,23.4,27.5,0.431,5688.0,4.415,0.971
9161118,K03898.01,,FALSE POSITIVE,1.306723495,6.606,12456.6,27.42,1170.0,443.02,311.7,1.229,4651.0,4.612,0.657
3556229,K03899.01,,FALSE POSITIVE,0.7967202,4.25304,167719.0,56.89,1964.0,3497.4,716.6,0.839,5780.0,4.438,1.0
11911580,K03900.01,,FALSE POSITIVE,359.102042,16.949,1102.9,28.76,290.0,1.67,26.5,1.201,6355.0,4.41,1.108
9480535,K03901.01,Kepler-1527 b,CONFIRMED,160.130899,13.775,1183.0,6.67,450.0,9.68,32.4,0.791,6092.0,4.056,1.759
10583225,K03902.01,,FALSE POSITIVE,2.69634575,3.785,185.2,1.46,1287.0,650.06,35.4,0.54,5418.0,4.335,1.051
5215251,K03903.01,,FALSE POSITIVE,2.553924603,9.835,1680.1,32.67,1352.0,789.69,100.5,1.258,5993.0,4.489,0.986
10383696,K03671.01,,FALSE POSITIVE,8.487871809,4.19829,118814.0,46.24,798.0,96.0,483.9,0.941,5553.0,4.558,0.855
9777090,K03672.01,,FALSE POSITIVE,5.50817321,3.6845,226850.0,39.18,768.0,82.55,268.7,0.739,5051.0,4.663,0.644
11455484,K03673.01,,FALSE POSITIVE,6.142812722,6.0751,96593.0,31.9,994.0,230.71,316.1,0.477,5780.0,4.438,1.0
2446623,K03674.01,,FALSE POSITIVE,175.06586091,4.5181,45134.0,40.63,312.0,2.24,320.6,1.149,6021.0,4.57,0.819
9596089,K03675.01,,FALSE POSITIVE,20.8392148,2.3321,177508.0,51.9,584.0,27.45,197.6,0.894,5378.0,4.488,0.812
5738506,K03676.01,,FALSE POSITIVE,9.50158045,5.0701,443400.0,73.07,860.0,128.99,314.9,0.444,5780.0,4.438,1.0
9777087,K03747.02,,FALSE POSITIVE,19.226055,2.949,3266.0,3.52,513.0,16.32,10.1,0.2579,5193.0,4.689,0.621
4247807,K03748.01,,FALSE POSITIVE,2.050435466,8.0122,7765.3,34.84,1278.0,629.98,445.8,1.275,5440.0,4.496,0.825
7700590,K03750.01,,FALSE POSITIVE,1.507101452,5.2005,15847.0,39.32,1573.0,1453.29,273.5,1.246,5884.0,4.453,0.876
9053086,K03751.01,,FALSE POSITIVE,1.274841686,3.5903,50253.0,63.68,2025.0,3957.46,353.0,1.128,6211.0,4.247,1.281
3128552,K02055.02,Kepler-1073 c,CONFIRMED,4.02582434,2.8059,265.3,1.79,1169.0,440.08,23.9,0.017,5509.0,4.308,1.116
5467113,K03825.01,,FALSE POSITIVE,2.845746618,13.0719,557741.0,135.99,1667.0,1822.75,829.1,0.126,5641.0,3.948,1.776
8240123,K03826.01,,FALSE POSITIVE,2.30120705,25.08,1688.1,28.64,1254.0,583.42,132.5,1.262,5641.0,4.554,0.85
5114623,K03827.01,,FALSE POSITIVE,337.377514,12.136,6110.0,37.23,271.0,1.28,60.0,1.245,6029.0,4.452,0.998
10031907,K03828.01,,FALSE POSITIVE,8.58965725,8.9793,1161.5,27.86,828.0,111.01,107.8,1.249,5697.0,4.539,0.892
5480736,K03904.01,,FALSE POSITIVE,8.56751264,5.449,347.9,23.05,972.0,210.83,17.9,1.182,6212.0,4.42,1.054
8487748,K03905.01,,FALSE POSITIVE,1.061934313,3.194,607.0,15.14,1104.0,352.77,70.0,1.218,4304.0,4.675,0.566
9892856,K03906.01,,FALSE POSITIVE,2.406574511,3.4382,738.0,26.22,1481.0,1140.2,63.9,1.187,6167.0,4.428,1.107
7137213,K03907.01,,FALSE POSITIVE,28.64338839,1.2246,624.3,5.82,871.0,136.32,23.1,0.968,6507.0,4.002,1.767
6795089,K07792.01,,FALSE POSITIVE,96.231257,2.488,938.0,29.26,965.0,204.8,8.8,0.442,4895.0,2.674,9.529
3340313,K03677.01,,FALSE POSITIVE,30.5528701,5.3367,63521.0,63.57,685.0,51.9,510.8,1.134,6441.0,4.367,1.165
9892816,K01955.04,Kepler-342 c,CONFIRMED,26.2347447,3.536,196.5,2.76,754.0,76.31,22.0,0.985,6297.0,4.26,1.369
4150804,K03678.01,Kepler-1513 b,CONFIRMED,160.88451966,10.8771,7590.4,9.09,346.0,3.39,526.1,0.284,5650.0,4.313,1.044
5021174,K03679.01,,FALSE POSITIVE,4.04506346,3.22222,360177.0,67.94,1143.0,402.77,483.9,0.529,5780.0,4.438,1.0
9025971,K03680.01,Kepler-1657 b,CONFIRMED,141.2415405,6.7645,12990.5,11.49,352.0,3.62,380.9,0.12,5705.0,4.397,1.017
2581316,K03681.01,Kepler-1514 b,CONFIRMED,217.83184293,21.306,9148.7,11.17,343.0,3.29,1244.4,0.004,6259.0,4.385,1.167
6314185,K03752.01,,FALSE POSITIVE,1.433262145,5.6316,1849.5,5.67,1769.0,2319.46,159.3,0.933,5977.0,4.318,1.068
8620561,K03753.01,,FALSE POSITIVE,0.782046543,1.9874,340464.0,43.07,1372.0,836.18,534.0,0.633,4768.0,4.661,0.591
8937019,K03754.01,,FALSE POSITIVE,5.663604992,1.4283,163385.0,54.55,1021.0,257.36,169.4,0.785,5780.0,4.438,1.0
9896435,K03755.01,,FALSE POSITIVE,18.076610347,3.1396,65280.0,39.16,533.0,19.14,380.6,1.074,4848.0,4.55,0.764
10352938,K03756.01,,FALSE POSITIVE,6.47173281,7.1964,6472.7,13.68,1338.0,757.69,94.5,0.267,6318.0,4.079,1.685
10676927,K03830.01,,FALSE POSITIVE,1.031100362,2.9759,129157.0,27.35,1584.0,1491.65,178.5,0.293,5666.0,4.601,0.752
5649836,K03831.01,,FALSE POSITIVE,0.597933142,3.47133,284383.0,63.46,2161.0,5169.99,1490.3,0.634,5780.0,4.438,1.0
7620660,K03832.01,,FALSE POSITIVE,5.36652724,8.367,3122.5,7.97,982.0,219.72,50.7,0.985,5858.0,4.553,0.849
3836399,K03834.01,,FALSE POSITIVE,1.540392098,3.7271,1022.0,17.63,1210.0,506.98,87.2,1.184,4911.0,4.564,0.724
2581554,K03835.01,Kepler-1521 b,CONFIRMED,47.1484324,3.1347,1113.8,2.58,391.0,5.5,54.5,0.668,4975.0,4.579,0.734
3128552,K02055.03,Kepler-1073 d,CONFIRMED,2.50475282,2.376,181.1,1.48,1369.0,828.59,18.9,0.13,5509.0,4.308,1.116
10363115,K03908.01,Kepler-1929 b,CONFIRMED,59.3627946,13.972,233.6,2.23,566.0,24.33,51.5,0.001,5786.0,4.106,1.471
10491062,K03910.01,,FALSE POSITIVE,2.199076661,6.11,777.4,21.72,1179.0,457.33,56.2,1.22,5310.0,4.565,0.791
9761615,K03911.01,Kepler-1528 b,CONFIRMED,1.79110997,2.0917,167.5,1.29,1549.0,1356.76,24.3,0.028,6040.0,4.469,0.999
4058881,K03912.01,,FALSE POSITIVE,7.77241144,5.272,286.9,1.69,938.0,183.58,18.9,0.317,6014.0,4.486,0.993
2581316,K03681.02,Kepler-1514 c,CONFIRMED,10.51421162,3.877,85.4,1.25,943.0,187.06,21.6,0.877,6259.0,4.385,1.167
8621353,K03682.01,,FALSE POSITIVE,11.344347453,5.9738,258242.0,62.52,810.0,101.92,437.2,0.692,5780.0,4.438,1.0
10795103,K03683.01,Kepler-1515 b,CONFIRMED,214.3120439,16.2938,4523.4,9.17,380.0,4.93,562.8,0.016,6471.0,4.287,1.357
9394601,K03684.01,,FALSE POSITIVE,0.876826336,3.6097,138366.0,37.24,2042.0,4095.0,1338.1,0.481,6344.0,4.481,0.962
8494410,K03685.01,,FALSE POSITIVE,208.86909724,4.5707,21306.7,29.95,316.0,2.34,413.8,1.056,5914.0,4.421,0.987
8494410,K03685.02,Kepler-1516 b,CONFIRMED,7.2593226,6.1394,247.5,1.57,967.0,206.88,40.1,0.366,5914.0,4.421,0.987
6863161,K03757.01,,FALSE POSITIVE,1.98663794,4.7585,63156.0,134.5,3234.0,25932.61,193.0,1.105,9191.0,3.973,2.619
7840035,K03758.01,,FALSE POSITIVE,13.54208867,4.9406,28869.0,26.65,727.0,66.01,137.6,0.985,5496.0,4.405,0.927
8543279,K03759.01,,FALSE POSITIVE,7.549303633,2.3665,10222.9,34.45,794.0,93.96,177.0,1.253,5402.0,4.581,0.815
8047283,K03760.01,,FALSE POSITIVE,0.77544539,1.8764,6791.4,35.53,1883.0,2974.07,205.1,1.272,5861.0,4.546,0.865
7090867,K07810.01,,FALSE POSITIVE,308.255238,11.959,637.1,18.98,576.0,26.05,13.8,0.018,4852.0,2.896,7.797
7612691,K03836.01,,FALSE POSITIVE,3.46724809,11.01,1317.3,2.52,841.0,118.15,107.0,0.953,4969.0,4.713,0.543
9761573,K03837.01,,FALSE POSITIVE,7.4413445,2.8754,2234.0,43.5,1136.0,393.59,66.4,1.286,6540.0,4.321,1.183
8042789,K03838.01,,FALSE POSITIVE,4.618309224,3.6752,1191.0,25.43,947.0,190.56,68.5,1.247,5452.0,4.572,0.815
10095484,K03839.01,,FALSE POSITIVE,0.677761275,3.7085,877.9,22.15,1906.0,3136.01,120.8,1.205,5699.0,4.553,0.853
5467102,K03840.01,,FALSE POSITIVE,2.845739012,11.9327,24391.8,44.7,1294.0,663.42,488.6,1.213,5982.0,4.493,0.96
6780367,K07789.01,,FALSE POSITIVE,175.358905,5.34,215.0,2.9,420.0,7.36,9.1,0.034,5109.0,3.757,2.02
5471496,K03914.01,,FALSE POSITIVE,12.42618005,28.1949,1522.8,3.48,551.0,21.8,113.1,0.935,4624.0,4.619,0.684
4544620,K03915.01,,FALSE POSITIVE,2.189090653,5.2094,1027.1,23.25,1185.0,466.32,78.3,1.238,5401.0,4.593,0.777
5784777,K03916.01,Kepler-1529 b,CONFIRMED,5.33905606,1.6415,755.5,1.9,817.0,105.25,28.9,0.02,5057.0,4.573,0.704
6863187,K07794.01,,FALSE POSITIVE,1.99492332,5.898,77.7,0.94,1451.0,1044.18,11.1,0.772,5957.0,4.498,0.971
6949061,K01960.02,Kepler-343 c,CONFIRMED,23.2218115,2.744,210.4,2.42,746.0,73.08,16.9,0.913,5808.0,4.185,1.374
9719636,K03686.01,,FALSE POSITIVE,3.351573993,2.8758,54546.0,24.15,1282.0,638.3,192.4,0.011,5984.0,4.408,1.033
2452440,K03687.01,,FALSE POSITIVE,8.097050622,5.6736,65620.0,24.01,891.0,149.48,404.9,0.592,5753.0,4.423,0.894
5020034,K03688.01,,FALSE POSITIVE,2.119107262,7.5384,124646.0,77.23,1851.0,2775.75,347.3,0.933,6381.0,4.155,1.423
6974867,K07800.01,,FALSE POSITIVE,0.887691177,1.644,37.3,1.53,2709.0,12704.16,20.8,0.419,5500.0,3.775,2.491
7102316,K02028.03,Kepler-351 d,CONFIRMED,142.545,8.75,905.4,2.52,318.0,2.42,13.7,0.015,5642.0,4.542,0.846
11518142,K03762.01,Kepler-1519 b,CONFIRMED,240.7990472,16.666,5022.9,10.31,342.0,3.22,170.1,0.647,5758.0,4.168,1.385
3114667,K03763.01,,FALSE POSITIVE,0.888584158,2.25012,412710.0,43.7,1211.0,507.14,691.2,0.453,4324.0,4.639,0.616
12109845,K03765.01,,FALSE POSITIVE,0.865959015,1.9058,291274.0,144.5,1162.0,434.65,620.8,3.068,4561.0,4.788,0.469
3954227,K03766.01,,FALSE POSITIVE,0.594276199,2.0188,220745.0,266.99,1564.0,1414.7,285.2,4.038,4756.0,4.603,0.667
8651551,K03841.01,,FALSE POSITIVE,1.527491117,7.9136,33546.0,27.85,988.0,224.31,298.6,1.164,4273.0,4.652,0.595
7115550,K07811.01,,FALSE POSITIVE,0.566814046,4.049,42.1,0.56,2039.0,4073.9,23.8,0.633,5724.0,4.53,0.827
9532637,K03842.01,,FALSE POSITIVE,0.61496383,1.93053,358049.0,44.79,1460.0,1074.84,806.5,0.506,4509.0,4.612,0.663
5305451,K03843.01,,FALSE POSITIVE,161.253747,25.322,2598.4,4.98,295.0,1.8,54.7,0.912,5570.0,4.573,0.803
7174349,K03844.01,,FALSE POSITIVE,2.974163938,1.7423,90282.0,34.74,1266.0,605.99,88.6,0.736,5780.0,4.438,1.0
11824218,K03845.01,,FALSE POSITIVE,15.84131693,1.8156,2617.7,670.04,2252.0,6085.07,38.2,1.247,4993.0,2.399,19.695
10788461,K03925.01,Kepler-1530 d,CONFIRMED,9.2075634,3.365,1243.1,5.5,972.0,211.08,43.4,0.898,5678.0,4.215,1.303
10788461,K03925.02,Kepler-1530 b,CONFIRMED,2.5903958,2.088,330.9,2.55,1484.0,1147.44,18.3,0.725,5678.0,4.215,1.303
10788461,K03925.03,Kepler-1530 c,CONFIRMED,5.3235335,2.714,342.4,2.69,1167.0,438.71,14.6,0.804,5678.0,4.215,1.303
11667548,K03926.01,,FALSE POSITIVE,0.831741499,2.297,1231.1,41.62,2198.0,5501.14,110.9,1.298,6343.0,4.408,1.14
8868649,K03927.01,,FALSE POSITIVE,4.44737112,19.45,224.4,2.06,1068.0,307.65,93.0,0.978,5472.0,4.382,0.981
9715939,K03690.01,,FALSE POSITIVE,12.893018017,3.30029,16032.8,62.52,1004.0,240.5,453.0,1.241,6387.0,4.178,1.408
4751083,K03691.01,,FALSE POSITIVE,4.532416322,3.2864,34953.0,62.25,1328.0,735.27,175.6,1.183,6306.0,4.283,1.281
5903301,K03692.01,,FALSE POSITIVE,1.160153553,2.16452,12302.5,60.47,2183.0,5363.78,552.8,1.258,6200.0,4.161,1.382
7695087,K03693.01,,FALSE POSITIVE,4.032760214,2.7194,10803.4,378.61,2582.0,10499.43,150.9,1.224,4969.0,2.899,9.433
6200709,K03694.01,,FALSE POSITIVE,3.723552982,3.5632,40143.0,18.83,1176.0,452.71,145.7,0.629,6063.0,4.51,0.89
7013923,K07801.01,,FALSE POSITIVE,2.21396079,3.452,119.4,0.87,1123.0,375.04,9.6,0.143,4922.0,4.505,0.823
5360082,K03768.01,,FALSE POSITIVE,11.35501209,14.557,19675.0,8.0,534.0,19.29,221.4,0.473,4594.0,4.679,0.567
6543683,K03769.01,,FALSE POSITIVE,1.195515251,5.0834,8054.4,49.33,1959.0,3469.7,309.1,1.281,6040.0,4.271,1.155
10555365,K03771.01,,FALSE POSITIVE,5.80184753,3.9551,22143.0,14.0,989.0,225.81,118.1,0.478,5687.0,4.426,0.921
5481426,K03772.01,,FALSE POSITIVE,2.38404983,3.2849,312732.0,66.14,1363.0,815.42,195.3,0.611,5780.0,4.438,1.0
7983756,K03846.01,,FALSE POSITIVE,5.24078259,5.238,592.6,24.73,1080.0,322.16,58.1,1.223,6192.0,4.503,0.917
7289165,K03847.01,,FALSE POSITIVE,5.26641416,2.4404,223.8,2.62,1421.0,964.18,37.8,0.774,6338.0,4.087,1.602
12784167,K03848.01,Kepler-1522 b,CONFIRMED,1.847892736,1.8904,323.3,1.51,1374.0,843.8,53.3,0.036,5763.0,4.557,0.842
8949316,K03849.01,,FALSE POSITIVE,0.604358764,1.0423,38731.0,23.28,997.0,235.63,236.8,1.197,3569.0,4.82,0.427
8912730,K03850.01,,FALSE POSITIVE,11.3775281,12.918,1651.3,82.26,1177.0,453.61,38.2,1.415,6943.0,4.162,1.66
9784230,K03851.01,,FALSE POSITIVE,0.7981968,2.22035,257616.0,62.38,1963.0,3497.4,453.9,0.67,5780.0,4.438,1.0
11466960,K03917.01,,FALSE POSITIVE,0.695954898,1.469,318.1,2.58,2740.0,13264.33,8.5,0.103,6737.0,4.243,1.425
3124420,K03918.01,,FALSE POSITIVE,0.948951607,4.3809,458463.0,115.31,1853.0,2796.38,437.1,0.959,5780.0,4.438,1.0
4649440,K03919.01,,FALSE POSITIVE,19.37070781,2.2466,653.2,108.54,1180.0,458.92,38.4,1.2,5321.0,3.416,4.335
2437488,K03920.01,,FALSE POSITIVE,14.46993942,7.455,1235.3,85.84,1713.0,2033.61,41.9,1.027,4735.0,2.715,9.043
10083623,K03921.01,,FALSE POSITIVE,1.278555003,1.4247,1478.0,5.19,1515.0,1241.92,93.8,0.979,5636.0,4.557,0.827
11253711,K01972.02,Kepler-1031 b,CONFIRMED,1.226223959,2.1689,56.1,1.0,2024.0,3973.86,18.9,0.005,5855.0,4.148,1.34
8043052,K03695.01,,FALSE POSITIVE,2.244600029,1.9204,8611.0,27.47,1190.0,475.37,42.6,1.185,5256.0,4.502,0.802
5435816,K03696.01,,FALSE POSITIVE,181.8521773,5.7725,27559.0,46.38,333.0,2.91,293.8,1.189,6063.0,4.476,1.012
8559589,K03697.01,,FALSE POSITIVE,223.1127475,8.9683,11538.8,46.33,332.0,2.87,224.5,1.266,6211.0,4.389,1.056
4372765,K03698.01,,FALSE POSITIVE,15.64064161,6.4524,273309.0,77.18,921.0,169.73,206.3,0.522,6517.0,4.279,1.374
9489524,K02029.03,Kepler-352 d,CONFIRMED,6.8873113,2.214,85.3,0.72,788.0,90.91,8.1,0.489,5208.0,4.563,0.772
7017437,K07802.01,,FALSE POSITIVE,43.8496474,2.217,452.3,21.42,1286.0,645.68,8.3,0.02,4893.0,2.644,10.363
7220320,K03775.01,,FALSE POSITIVE,0.752158047,2.42733,37878.8,106.66,2869.0,15978.36,510.0,1.157,5770.0,3.844,2.221
9291378,K03776.01,,FALSE POSITIVE,3.796488133,11.0659,3007.6,40.83,1233.0,547.94,193.4,1.306,6137.0,4.46,1.018
4949524,K03852.01,,FALSE POSITIVE,1.233076007,12.506,1392.4,31.39,1513.0,1237.97,129.3,1.312,5602.0,4.571,0.817
2697935,K03853.01,,FALSE POSITIVE,21.5135234,77.983,1583.8,534.47,1006.0,242.54,171.5,2.441,5088.0,3.508,3.318
6531143,K07784.01,,FALSE POSITIVE,19.4444573,5.509,182.3,1.53,749.0,74.47,7.1,0.634,6278.0,4.425,1.081
3550434,K03854.01,,FALSE POSITIVE,1.1910489,1.3738,1391.1,22.76,1348.0,781.99,46.1,1.257,5089.0,4.58,0.693
2558370,K03855.01,,FALSE POSITIVE,0.546248198,2.1081,114528.0,54.23,2227.0,5820.72,263.1,0.946,5780.0,4.438,1.0
5397166,K03856.01,,FALSE POSITIVE,1.811966339,3.792,408.1,95.19,2573.0,10360.38,36.3,1.24,5904.0,3.602,3.348
7024530,K03922.01,,FALSE POSITIVE,66.1539783,5.896,6951.0,9.69,468.0,11.3,57.7,0.873,6077.0,4.471,0.999
5015459,K03923.01,,FALSE POSITIVE,158.3226379,2.1881,4863.0,25.41,211.0,0.47,34.5,1.323,4340.0,4.67,0.572
11709124,K00435.04,Kepler-154 e,CONFIRMED,3.93276627,2.9403,234.9,1.5,1140.0,399.84,30.7,0.37,5688.0,4.415,0.971
8505920,K02094.02,Kepler-1090 b,CONFIRMED,198.680859,8.282,645.4,2.79,297.0,1.83,16.6,0.746,5330.0,4.366,1.013
1433980,K03924.01,,FALSE POSITIVE,1.592634161,8.9488,155156.0,100.2,2255.0,6128.09,1207.6,0.877,6574.0,4.061,1.768
2438490,K03699.01,,FALSE POSITIVE,3.31577795,4.2349,94567.0,27.77,1104.0,349.78,124.6,0.633,5528.0,4.516,0.849
3838496,K03700.01,,FALSE POSITIVE,2.990252395,7.8462,216437.0,89.85,1264.0,603.02,541.7,1.117,5780.0,4.438,1.0
6470521,K03701.01,,FALSE POSITIVE,2.08043378,7.708,6861.2,510.48,1629.0,1661.27,289.1,5.106,6377.0,4.399,1.119
2449090,K03702.01,,FALSE POSITIVE,4.944046127,4.50334,112503.0,54.29,1069.0,308.53,537.2,0.964,5780.0,4.438,1.0
5652260,K03703.01,,FALSE POSITIVE,4.464565251,4.0221,74112.0,43.21,1024.0,259.97,286.4,1.046,5743.0,4.553,0.853
2569494,K03704.01,,FALSE POSITIVE,1.523298835,5.9083,195071.0,38.95,1404.0,919.42,174.4,0.41,5311.0,4.469,0.866
12405950,K03778.01,,FALSE POSITIVE,3.539631353,1.5372,1229.7,39.34,2214.0,5689.3,163.5,1.091,7021.0,3.759,2.629
5206233,K03779.01,,FALSE POSITIVE,6.195861785,2.6078,3509.8,215.89,883.0,143.74,83.5,3.38,5608.0,4.573,0.813
7031066,K07803.01,,FALSE POSITIVE,0.566805514,4.367,85.3,0.82,1920.0,3193.9,25.1,0.027,5115.0,4.439,0.917
6775985,K03780.01,,FALSE POSITIVE,27.961084,3.8741,6268.2,21.5,796.0,94.86,106.0,1.02,6770.0,4.249,1.361
11357192,K03782.01,,FALSE POSITIVE,186.5168116,3.1968,5752.4,37.5,452.0,9.83,126.9,0.972,5018.0,3.639,2.99
9533489,K03783.01,,FALSE POSITIVE,197.1455327,2.1145,5664.0,72.16,498.0,14.53,56.8,1.251,7214.0,4.093,1.935
11825057,K03857.01,,FALSE POSITIVE,0.532087933,3.45028,510366.0,74.83,2247.0,6002.61,1069.5,0.279,5780.0,4.438,1.0
12306699,K03858.01,,FALSE POSITIVE,3.204222652,2.7952,898.4,23.55,979.0,217.46,45.5,1.258,5139.0,4.609,0.741
9692336,K03859.01,,FALSE POSITIVE,0.687898282,3.96401,293505.0,55.58,2062.0,4267.13,1571.6,0.337,5780.0,4.438,1.0
9641008,K03860.01,,FALSE POSITIVE,2.178154774,3.5302,662.6,19.46,1180.0,457.16,89.2,1.223,5515.0,4.624,0.712
8588377,K03861.01,,FALSE POSITIVE,0.99466172,1.576,1370.5,31.84,1898.0,3078.85,21.5,1.244,5750.0,4.332,1.021
3644601,K03862.01,,FALSE POSITIVE,359.00688,32.16,2015.8,28.57,237.0,0.74,35.3,1.263,5715.0,4.537,0.834
4242692,K03928.01,Kepler-1531 b,CONFIRMED,1.138548215,2.1482,66.2,1.45,2537.0,9805.45,31.5,0.545,6520.0,4.01,1.713
8781480,K03929.01,,FALSE POSITIVE,121.0598037,3.112,1563.0,1680.99,1792.0,2437.81,16.6,1.2,3942.0,1.101,60.688
6783732,K07790.01,,FALSE POSITIVE,0.721335207,1.509,31.8,0.54,2162.0,5166.26,12.0,0.103,6328.0,4.489,0.948
11607176,K03930.01,,FALSE POSITIVE,3.28274272,8.9,292.8,1.85,1136.0,392.7,68.2,0.967,5741.0,4.533,0.82
10661718,K03931.01,,FALSE POSITIVE,1.231361934,5.433,471.0,2.93,1839.0,2707.51,94.7,0.972,6095.0,4.378,1.016
6105462,K02098.02,Kepler-1093 c,CONFIRMED,89.7224125,10.963,263.7,2.21,508.0,15.69,25.6,0.742,6429.0,4.241,1.262
8257205,K01986.02,Kepler-1038 c,CONFIRMED,7.12766417,2.491,229.2,1.21,784.0,89.24,16.0,0.125,5159.0,4.548,0.821
6470516,K03705.01,,FALSE POSITIVE,2.080431782,7.4997,894203.0,345.7,2719.0,12956.98,1585.2,0.771,8344.0,4.04,2.115
7770471,K03706.01,,FALSE POSITIVE,1.157804607,4.66082,605713.0,118.11,2255.0,6116.99,1837.9,0.26,6510.0,4.219,1.425
5130380,K03707.01,,FALSE POSITIVE,19.979098,10.5638,38418.0,22.98,739.0,70.59,449.1,0.576,5907.0,4.296,1.126
6314173,K03708.01,,FALSE POSITIVE,1.433262401,6.2205,428557.0,136.47,2691.0,12427.14,599.8,0.382,7311.0,4.013,1.959
5688997,K03784.01,,FALSE POSITIVE,23.8706941,3.4812,6386.3,49.6,711.0,60.38,114.8,1.293,6022.0,4.308,1.166
7031340,K07804.01,,FALSE POSITIVE,0.566769068,3.011,40.0,1.06,2661.0,11897.94,14.9,0.773,5496.0,3.998,1.533
4073730,K03785.01,,FALSE POSITIVE,6.2820426,7.941,1413.0,23.76,2021.0,3938.81,103.3,0.989,6635.0,3.511,3.798
2854948,K03786.01,,FALSE POSITIVE,0.97430309,2.1088,34976.0,37.62,1643.0,1728.18,224.0,1.169,5688.0,4.583,0.786
3644601,K03862.02,,FALSE POSITIVE,119.686505,29.33,842.7,23.0,341.0,3.21,27.1,1.221,5715.0,4.537,0.834
8459354,K03863.01,,FALSE POSITIVE,53.556625,16.18,3963.0,26.31,1076.0,317.03,22.1,0.879,7643.0,3.639,3.618
4164922,K03864.01,Kepler-1698 b,CONFIRMED,1.210693626,1.434,159.1,0.99,1351.0,784.51,41.6,0.597,5014.0,4.559,0.756
12061969,K02061.02,Kepler-2001 b,CONFIRMED,1.090011003,1.5,174.8,1.04,1402.0,911.28,12.6,0.531,5081.0,4.596,0.77
10328393,K01905.03,Kepler-332 d,CONFIRMED,34.2115022,4.947,273.8,1.15,427.0,7.82,20.7,0.034,4955.0,4.61,0.721
10259029,K03630.01,,FALSE POSITIVE,7.061149921,3.33515,131257.0,43.71,842.0,118.87,631.5,0.912,5585.0,4.564,0.798
8299947,K03631.01,,FALSE POSITIVE,2.682767439,4.58143,394412.0,70.67,1310.0,695.41,508.4,0.509,5780.0,4.438,1.0
3335813,K03632.01,,FALSE POSITIVE,3.711012492,3.3394,7559.8,46.24,1310.0,695.05,257.4,1.272,6141.0,4.365,1.117
11858741,K03633.01,,FALSE POSITIVE,1.780982447,3.4297,357695.0,60.45,1502.0,1204.3,324.0,0.002,5780.0,4.438,1.0
6363494,K03634.01,,FALSE POSITIVE,1.815632406,3.35773,61573.6,108.78,3429.0,32652.55,1413.9,1.04,9954.0,4.07,2.408
2576107,K03709.01,,FALSE POSITIVE,205.5833309,6.0353,24872.0,42.69,323.0,2.58,216.1,1.215,6328.0,4.516,0.915
9532421,K03710.01,,FALSE POSITIVE,4.309067482,2.21,23647.0,101.41,882.0,142.6,82.0,1.993,4897.0,4.526,0.789
6936966,K07797.01,,FALSE POSITIVE,36.4721523,2.673,52.6,0.7,527.0,18.29,7.7,0.738,5853.0,4.529,0.895
5653849,K03711.01,,FALSE POSITIVE,111.0396205,25.751,9356.2,8.6,335.0,2.97,201.9,0.851,5470.0,4.509,0.777
2437060,K03712.01,,FALSE POSITIVE,3.187087241,7.2897,129093.0,928.96,4037.0,62743.06,197.0,0.665,4599.0,2.137,23.673
8127648,K03713.01,,FALSE POSITIVE,1.023470248,2.3804,129526.0,100.39,1807.0,2522.39,262.2,1.409,5780.0,4.438,1.0
11564013,K03714.01,,FALSE POSITIVE,0.875267982,1.6038,11701.0,39.19,1910.0,3157.34,44.9,1.258,5821.0,4.402,0.898
9405541,K03788.01,,FALSE POSITIVE,5.55260695,4.1178,727.6,2674.69,6436.0,404932.04,60.7,1.174,3306.0,0.273,116.965
8906045,K03789.01,,FALSE POSITIVE,2.347479696,26.25,81996.0,60.5,1502.0,1207.51,261.1,1.051,5891.0,4.305,1.138
7031638,K07805.01,,FALSE POSITIVE,1.13353095,3.17,18.5,0.49,2006.0,3840.87,11.1,0.117,6318.0,4.36,1.121
7296094,K03790.01,,FALSE POSITIVE,0.890745373,1.9215,120034.0,36.92,1892.0,3015.62,239.6,0.599,5780.0,4.438,1.0
5437945,K03791.01,Kepler-460 b,CONFIRMED,440.7843755,21.693,2579.0,7.23,308.0,2.14,181.0,0.424,6340.0,4.163,1.393
12009347,K03792.01,,FALSE POSITIVE,2.723858181,1.4313,5497.0,7.13,900.0,154.53,23.8,0.913,4416.0,4.57,0.733
4037163,K03793.01,,FALSE POSITIVE,0.635441862,1.9827,147609.0,56.3,2118.0,4750.98,317.1,0.872,5780.0,4.438,1.0
5535890,K03865.01,,FALSE POSITIVE,3.255189932,2.7117,119.2,1.39,1390.0,880.52,38.3,0.447,5807.0,4.23,1.256
5215980,K03866.01,,FALSE POSITIVE,2.531140101,20.399,11786.5,32.12,1100.0,346.06,304.2,1.249,5325.0,4.607,0.75
9353742,K03867.01,Kepler-1523 b,CONFIRMED,0.938750221,1.3568,280.7,1.46,1676.0,1874.28,47.4,0.013,5497.0,4.527,0.886
9178185,K03868.01,,FALSE POSITIVE,2.992704682,1.2585,361.1,7.86,2328.0,6932.19,39.9,0.647,5908.0,3.497,3.915
6290382,K03869.01,,FALSE POSITIVE,6.12810722,2.824,2336.0,39.52,1513.0,1237.9,17.5,1.159,7245.0,4.158,1.667
3327992,K03635.01,,FALSE POSITIVE,2.115511511,8.5116,25805.0,36.16,897.0,152.34,153.3,1.278,4188.0,4.615,0.661
5649206,K03636.01,,FALSE POSITIVE,2.446736567,5.0201,415859.0,71.52,1351.0,788.17,1037.3,0.477,5780.0,4.438,1.0
5193384,K03637.01,,FALSE POSITIVE,21.3779536,24.872,255244.0,173.18,1062.0,300.32,101.9,0.0,4905.0,3.3,3.484
5181804,K03638.01,,FALSE POSITIVE,4.350460215,2.5276,50424.0,533.08,1472.0,1107.34,247.2,4.203,6585.0,4.208,1.416
10491544,K03639.01,,FALSE POSITIVE,22.77194512,10.1995,30246.0,251.93,1254.0,584.54,208.6,1.263,5073.0,3.02,4.61
9101496,K01915.02,Kepler-335 c,CONFIRMED,67.844689,11.757,211.2,2.65,592.0,29.08,18.9,0.368,5878.0,4.005,1.812
11450414,K01992.02,Kepler-347 c,CONFIRMED,27.3214242,4.836,279.6,3.61,705.0,58.35,14.9,0.983,5592.0,4.115,1.451
4937143,K03715.01,,FALSE POSITIVE,9.84883968,5.7425,22012.0,63.42,1134.0,390.19,236.6,1.25,6938.0,4.281,1.31
11241814,K03717.01,,FALSE POSITIVE,227.6625222,5.5072,13894.8,44.24,319.0,2.46,227.5,1.25,6124.0,4.414,1.007
5036537,K03718.01,,FALSE POSITIVE,1.06100873,2.6715,6367.1,9.14,1568.0,1434.99,174.9,0.882,5080.0,4.417,0.947
9837083,K03719.01,,FALSE POSITIVE,0.623393802,1.40392,30192.2,28.21,1379.0,849.08,867.8,1.137,4330.0,4.628,0.639
12557548,K03794.01,Kepler-1520 b,CONFIRMED,0.65355361,1.63,4595.9,22.95,1437.0,1004.07,217.4,1.226,4550.0,4.622,0.66
3657758,K02034.02,Kepler-1065 c,CONFIRMED,2.3702932,1.666,224.8,1.29,1256.0,588.1,7.0,0.003,5668.0,4.545,0.868
7031726,K07806.01,,FALSE POSITIVE,0.566793534,4.714,92.4,122.64,14667.0,10947554.55,40.4,0.06,3420.0,0.269,138.056
3338660,K03795.01,,FALSE POSITIVE,1.873380717,10.1083,538716.0,89.79,1669.0,1830.27,1513.7,0.27,5992.0,4.283,1.171
3338674,K03796.01,,FALSE POSITIVE,1.87337894,9.1328,5444.0,51.11,2925.0,17342.01,223.1,0.883,4740.0,2.9,5.721
5546277,K03797.01,,FALSE POSITIVE,7.50023955,2.916,273.2,21.06,901.0,155.6,29.0,1.194,5849.0,4.517,0.919
8258160,K03870.01,,FALSE POSITIVE,23.6270348,11.481,8433.0,21.71,560.0,23.17,78.4,1.096,5305.0,4.477,0.857
9752982,K03871.01,,FALSE POSITIVE,0.716709897,0.7466,932.5,66.73,3124.0,22605.13,47.6,1.182,5173.0,3.471,2.742
4666008,K03872.01,,FALSE POSITIVE,2.248063246,5.1297,631.7,30.38,1566.0,1421.38,87.9,1.225,6325.0,4.409,1.112
8430105,K03873.01,,FALSE POSITIVE,63.3278636,47.0744,11515.0,54.17,896.0,152.49,619.6,0.003,4919.0,2.979,5.198
9517393,K02076.02,Kepler-1085 b,CONFIRMED,219.3215562,12.4124,3628.7,6.11,313.0,2.27,93.8,0.244,6063.0,4.476,1.012
8052474,K03640.01,,FALSE POSITIVE,245.4382021,14.502,11311.6,19.17,289.0,1.66,844.7,1.001,5637.0,4.383,0.99
3534118,K03641.01,,FALSE POSITIVE,178.4129899,2.9298,37510.0,33.24,361.0,4.0,535.1,0.936,6078.0,4.346,1.148
2441161,K03642.01,,FALSE POSITIVE,2.192004364,3.075,99583.0,37.56,1118.0,369.54,298.7,1.003,5306.0,4.642,0.687
3231120,K03643.01,,FALSE POSITIVE,3.900109346,3.9037,126194.0,40.37,1160.0,427.83,448.0,0.733,5791.0,4.424,0.969
12216706,K03644.01,,FALSE POSITIVE,1.471060209,4.3708,148439.0,165.15,3693.0,43941.18,563.0,0.895,8749.0,3.806,2.911
10735331,K03720.01,,FALSE POSITIVE,213.3990406,6.5043,13929.5,35.2,468.0,11.32,370.9,0.981,6960.0,4.069,1.83
7763269,K03721.01,,FALSE POSITIVE,6.40802979,2.9288,7784.1,51.44,1157.0,424.01,108.2,1.287,6261.0,4.293,1.194
5471606,K03723.01,,FALSE POSITIVE,0.962835804,4.9844,14328.4,458.02,7100.0,602806.92,209.2,0.836,3982.0,1.464,32.244
11200405,K03724.01,,FALSE POSITIVE,4.639602084,3.4636,25079.0,19.96,1285.0,643.95,131.0,0.634,6078.0,4.223,1.194
5475736,K03798.01,,FALSE POSITIVE,2.991885335,7.4319,1356.9,3.94,1209.0,505.77,160.2,0.95,5750.0,4.464,0.839
9049673,K03799.01,,FALSE POSITIVE,1.327471395,5.2334,5673.8,7.08,1395.0,892.4,218.7,0.897,5232.0,4.519,0.777
7031898,K07807.01,,FALSE POSITIVE,0.566792595,2.637,19.9,0.5,2548.0,10020.28,9.4,0.068,6277.0,4.322,1.121
9593759,K03800.01,,FALSE POSITIVE,1.247156944,2.6779,134761.0,26042.9,4120.0,68223.38,92.4,25.224,4770.0,2.605,9.67
5020044,K03802.01,,FALSE POSITIVE,2.119100054,8.2163,1651.1,34.34,1571.0,1435.29,195.7,1.247,6292.0,4.426,1.078
11560037,K03874.01,,FALSE POSITIVE,1.466535757,0.8222,1346.4,4.28,1671.0,1849.31,86.1,0.824,5888.0,4.387,1.02
11911561,K03875.01,,FALSE POSITIVE,8.870415578,1.2864,873.1,39.46,1151.0,414.26,43.8,1.206,6022.0,4.027,1.514
6547322,K07786.01,,FALSE POSITIVE,1.49131759,4.721,25.8,1.26,2475.0,8873.77,10.3,0.467,6014.0,3.782,2.429
3440118,K03876.01,Kepler-1928 b,CONFIRMED,19.57783279,1.9857,432.6,1.96,621.0,35.14,37.2,0.694,5620.0,4.533,0.884
9159265,K03877.01,,FALSE POSITIVE,3.04476607,9.568,272.6,15.7,1126.0,379.01,67.0,1.159,5627.0,4.568,0.818
4472818,K03878.01,Kepler-1524 b,CONFIRMED,70.9672087,6.9623,784.7,2.84,438.0,8.66,69.3,0.545,5818.0,4.464,0.986
5816806,K03645.01,,FALSE POSITIVE,4.45543346,5.116,245681.0,51.69,1106.0,354.27,508.6,0.469,5780.0,4.438,1.0
6531496,K03646.01,,FALSE POSITIVE,14.323889947,4.83729,69071.6,45.93,720.0,63.62,834.3,1.073,5853.0,4.529,0.895
9661869,K03647.01,,FALSE POSITIVE,20.427232317,3.46429,121813.0,601.32,749.0,74.27,526.6,5.499,6167.0,4.354,1.121
9411166,K01922.03,Kepler-1016 c,CONFIRMED,105.6552651,9.39,1366.9,4.22,407.0,6.51,42.3,0.371,5741.0,4.331,1.136
3097352,K03648.01,,FALSE POSITIVE,4.029803201,4.4301,191073.0,47.58,1233.0,545.64,352.3,0.17,6024.0,4.385,1.078
6066379,K03649.01,,FALSE POSITIVE,1.303858554,4.36797,126636.0,73.29,2080.0,4438.11,904.0,0.928,6282.0,4.207,1.343
12154526,K02004.02,Kepler-1047 c,CONFIRMED,3.18899015,2.722,66.2,0.98,1309.0,693.65,18.4,0.526,5700.0,4.327,1.176
3459199,K03725.01,,FALSE POSITIVE,1.570518376,3.2035,2213.2,450.76,4106.0,67267.85,76.7,1.295,5314.0,2.782,11.82
6973796,K03726.01,,FALSE POSITIVE,115.9943364,2.4136,37571.0,13.66,265.0,1.16,102.4,0.028,4530.0,4.566,0.735
12023089,K03727.01,,FALSE POSITIVE,0.623441636,1.46001,19340.5,29.19,1711.0,2025.22,164.7,1.2127,5319.0,4.612,0.654
6286155,K03803.01,,FALSE POSITIVE,14.5417471,5.6067,1088.6,163.25,1494.0,1176.23,71.2,1.214,5032.0,3.042,5.922
7831363,K03804.01,,FALSE POSITIVE,2.81753381,2.1551,3836.0,52.91,1494.0,1180.61,39.3,1.373,6313.0,4.325,1.098
8804845,K02039.02,Kepler-1067 b,CONFIRMED,0.762132307,1.22,63.7,0.75,1872.0,2913.14,11.5,0.399,5594.0,4.489,0.934
4663185,K03805.01,,FALSE POSITIVE,56.6993107,7.0706,5824.7,539.16,1261.0,598.36,76.3,1.264,4727.0,2.497,13.547
5305471,K03806.01,,FALSE POSITIVE,161.252247,23.467,2185.9,4.49,303.0,2.0,84.1,0.892,5555.0,4.502,0.811
5560830,K03879.01,,FALSE POSITIVE,0.867719291,6.323,2651.8,37.79,2106.0,4662.2,157.1,1.27,6220.0,4.398,1.056
8211824,K03881.01,,FALSE POSITIVE,0.84112187,2.0431,75070.0,39.34,1514.0,1240.91,89.7,1.0871,5048.0,4.571,0.707
5980800,K03882.01,,FALSE POSITIVE,0.828326025,1.42721,10718.0,49.67,1845.0,2739.59,164.5,1.3292,5400.0,4.382,0.978
9592850,K03883.01,,FALSE POSITIVE,1.219324537,4.7501,379055.0,60.62,1569.0,1432.21,241.0,0.489,5455.0,4.458,0.897
6227560,K03650.01,,FALSE POSITIVE,2.401751509,2.0835,25044.0,268.75,888.0,146.91,83.1,5.25,4577.0,4.688,0.557
5866104,K03651.01,,FALSE POSITIVE,36.97709537,5.2063,217145.0,59.66,546.0,21.08,204.9,0.75,5780.0,4.438,1.0
8256044,K03652.01,,FALSE POSITIVE,16.371883638,3.44467,65927.0,70.73,840.0,117.9,639.8,1.066,5642.0,4.114,1.415
8780968,K03653.01,,FALSE POSITIVE,2.617284592,9.5545,231450.0,162.67,2013.0,3885.11,1215.2,0.743,5510.0,3.641,2.649
6960446,K03654.01,,FALSE POSITIVE,10.14873521,5.603,116125.0,71.11,1045.0,281.19,250.9,0.965,6366.0,4.239,1.296
8264097,K03655.01,,FALSE POSITIVE,2.897436854,3.2833,289807.0,64.69,1277.0,627.44,274.2,0.642,5780.0,4.438,1.0
7515679,K03728.01,Kepler-1517 b,CONFIRMED,5.546083089,2.717,2211.0,22.27,2336.0,7027.09,56.4,0.902,7358.0,3.538,4.037
9674592,K03729.01,,FALSE POSITIVE,6.87366398,7.0845,9766.9,12.01,859.0,128.52,143.2,0.958,5662.0,4.575,0.805
10879213,K03730.01,,FALSE POSITIVE,0.668483494,2.4129,722770.0,138.76,2082.0,4439.53,334.3,0.773,5780.0,4.438,1.0
5650314,K03731.01,,FALSE POSITIVE,1.070272827,4.2844,9886.5,28.73,1224.0,528.52,284.0,1.269,4628.0,4.651,0.653
6962901,K07799.01,,FALSE POSITIVE,0.977170246,3.4842,151.1,5.08,3226.0,25506.22,94.5,0.646,5596.0,3.48,3.938
8302302,K03732.01,,FALSE POSITIVE,1.135930136,4.5036,27247.4,52.05,1836.0,2683.57,551.7,1.282,6247.0,4.489,0.954
10581918,K03807.01,,FALSE POSITIVE,1.801863222,7.2492,262582.0,145.36,2721.0,12930.1,463.4,0.681,7479.0,3.919,2.324
3851949,K03808.01,,FALSE POSITIVE,54.77145968,37.1871,7224.8,34.32,777.0,86.12,751.1,0.637,5145.0,3.466,3.866
9097892,K03809.01,,FALSE POSITIVE,1.674690886,2.0179,527.4,29.78,1813.0,2558.96,118.6,1.212,6397.0,4.331,1.157
9351316,K02078.02,Kepler-1086 c,CONFIRMED,161.515617,6.548,2215.3,2.88,211.0,0.47,25.2,0.001,4243.0,4.637,0.641
4579313,K03884.01,,FALSE POSITIVE,2.112405306,2.5845,489.0,19.01,1225.0,533.2,42.2,1.207,5562.0,4.601,0.756
11614528,K03885.01,,FALSE POSITIVE,1.870990236,1.8432,642.6,26.1,1668.0,1824.38,37.4,1.193,6384.0,4.419,1.086
8848288,K03886.01,,FALSE POSITIVE,5.56648691,10.931,694.9,43.67,2618.0,11089.75,103.6,0.935,4694.0,2.564,12.701
6590307,K07787.01,,FALSE POSITIVE,1.33253834,3.737,62.4,0.64,1453.0,1051.03,9.7,0.164,5520.0,4.572,0.818
5308419,K03887.01,,FALSE POSITIVE,1.241483276,2.195,141.0,27.25,1847.0,2761.35,32.0,1.227,6140.0,4.394,1.053
6312521,K03656.01,,FALSE POSITIVE,3.01551943,3.1713,159584.0,155.81,1837.0,2692.16,367.3,0.851,5299.0,3.672,2.761
4579321,K03657.01,,FALSE POSITIVE,2.112395777,2.7714,262602.0,115.26,1419.0,957.45,243.2,1.285,5780.0,4.438,1.0
5202905,K01932.02,Kepler-340 b,CONFIRMED,14.8444836,6.091,177.9,2.49,1092.0,336.06,10.5,0.149,6642.0,4.057,1.846
1575690,K03658.01,,FALSE POSITIVE,2.252417903,1.9767,32296.0,27.09,782.0,88.43,129.5,1.198,3979.0,4.699,0.544
4386047,K03659.01,,FALSE POSITIVE,2.900613144,3.7357,165475.0,38.63,1289.0,650.9,617.7,0.334,5977.0,4.472,0.931
5103998,K03660.01,,FALSE POSITIVE,174.7697122,2.3569,68139.0,38.79,294.0,1.77,100.4,1.036,5704.0,4.575,0.804
9655858,K03733.01,,FALSE POSITIVE,31.43284649,5.3541,178874.0,57.21,577.0,26.19,154.0,0.815,5780.0,4.438,1.0
10275880,K03734.01,,FALSE POSITIVE,9.72675447,19.6214,6641.6,995.22,1363.0,815.99,366.4,4.676,6327.0,3.84,2.433
2166200,K03735.01,,FALSE POSITIVE,8.096939227,2.8833,142891.0,68.48,1194.0,481.48,177.9,0.786,6572.0,4.208,1.418
3547315,K03736.01,,FALSE POSITIVE,0.64234865,2.1184,39597.0,25.76,1829.0,2653.37,231.7,0.966,5441.0,4.553,0.791
6933781,K03737.01,,FALSE POSITIVE,130.4194187,4.165,2290.9,57.51,473.0,11.79,90.4,1.258,5770.0,3.946,1.685
6148271,K03812.01,,FALSE POSITIVE,1.78526527,6.2233,1733.1,41.19,1815.0,2563.99,123.1,1.262,6505.0,4.342,1.228
5386904,K03813.01,,FALSE POSITIVE,4.8591441,3.8588,2183.6,6.9,1303.0,681.41,81.6,0.932,6586.0,4.361,1.207
2997178,K03814.01,,FALSE POSITIVE,5.95077813,5.6,761.8,32.26,2366.0,7394.55,71.9,0.881,5122.0,2.886,9.828
8956206,K02048.02,,FALSE POSITIVE,99.673478,0.968,2496.0,576.14,262.0,1.11,12.6,11.6846,4932.0,4.777,0.492
8260198,K03888.01,,FALSE POSITIVE,0.955297055,1.7405,846.1,18.16,1550.0,1367.42,67.3,1.193,5319.0,4.548,0.734
10733174,K03889.01,,FALSE POSITIVE,280.476576,32.24,651.2,3.16,268.0,1.22,38.7,0.974,5869.0,4.528,0.892
8564976,K03890.01,,FALSE POSITIVE,152.8255989,22.688,2173.5,34.85,734.0,68.47,98.9,0.409,4991.0,2.933,7.506
11760860,K03892.01,Kepler-1525 b,CONFIRMED,2.41660149,1.9699,83.6,0.92,1343.0,770.05,33.7,0.035,5705.0,4.444,1.026
7910148,K03661.01,,FALSE POSITIVE,4.252082243,2.7543,8290.5,33.14,1064.0,303.48,254.8,1.268,5802.0,4.492,0.794
12459731,K03662.01,,FALSE POSITIVE,14.180228311,4.5344,172737.0,62.41,873.0,137.11,472.3,0.795,6289.0,4.33,1.142
12735740,K03663.01,Kepler-86 b,CONFIRMED,282.5253558,10.7965,9746.4,8.98,264.0,1.15,696.0,0.248,5725.0,4.506,0.913
4678875,K03664.01,,FALSE POSITIVE,1.87887673,6.60887,824392.0,148.25,1846.0,2750.37,3176.9,0.441,6569.0,4.281,1.235
7812175,K03665.01,,FALSE POSITIVE,17.79391159,4.3194,93395.0,33.3,697.0,55.88,247.0,0.692,5780.0,4.438,1.0
7708193,K03666.01,,FALSE POSITIVE,7.942583252,7.0612,88327.0,219.02,1285.0,644.35,855.4,1.522,5516.0,3.765,2.178
5478083,K03738.01,,FALSE POSITIVE,15.85231085,4.8707,437862.0,679.44,725.0,65.17,252.4,6.286,5780.0,4.438,1.0
10857342,K03739.01,,FALSE POSITIVE,2.415925551,9.7769,560970.0,300.82,3329.0,29070.1,1598.3,0.511,8796.0,3.711,3.278
5215700,K03740.01,,FALSE POSITIVE,0.656201038,4.17901,174860.0,112.77,2157.0,5094.25,2065.8,1.439,6025.0,4.472,0.999
8780959,K03741.01,,FALSE POSITIVE,2.617280959,9.661,3089.9,395.94,1689.0,1918.98,262.4,3.651,6432.0,4.207,1.345
5565486,K03742.01,,FALSE POSITIVE,1.412524016,5.74859,175776.0,68.92,1978.0,3627.17,1475.4,0.846,6690.0,4.375,1.174
8453214,K01776.01,,FALSE POSITIVE,5.77676732,6.822,5794.8,26.2,670.0,47.55,74.1,1.273,4401.0,4.621,0.645
8552719,K01792.01,Kepler-953 b,CONFIRMED,88.40678718,12.3079,1724.4,4.55,410.0,6.65,328.0,0.535,5611.0,4.388,1.073
8556077,K02027.01,,FALSE POSITIVE,3.635723653,2.1862,80.0,1.23,1478.0,1126.72,43.1,0.677,6422.0,4.249,1.295
7757698,K07848.01,,FALSE POSITIVE,369.181947,3.239,913.0,2.6,245.0,0.85,9.9,0.021,5959.0,4.546,0.859
8625821,K01859.01,,FALSE POSITIVE,45.3968385,4.477,1355.2,21.23,437.0,8.62,38.9,1.235,5649.0,4.633,0.705
8652999,K01953.01,,FALSE POSITIVE,15.160166,5.856,307.9,2.09,821.0,107.59,26.1,0.228,5940.0,4.3,1.191
12164770,K02088.01,,FALSE POSITIVE,2.63009438,11.226,388.9,25.55,1480.0,1135.97,69.4,1.195,6338.0,4.418,1.091
9541322,K02089.01,,FALSE POSITIVE,9.40527028,2.076,470.9,25.39,938.0,182.72,20.7,1.212,6347.0,4.464,0.996
10470616,K02112.01,,FALSE POSITIVE,4.15713766,1.808,77.0,1.17,1401.0,908.82,9.2,0.121,6470.0,4.301,1.324
10362031,K02118.01,,FALSE POSITIVE,3.2136904,2.205,55.8,1.22,1591.0,1515.7,19.2,0.57,6184.0,4.151,1.579
6373680,K02127.01,,FALSE POSITIVE,2.87066026,1.541,450.8,1.72,1196.0,484.17,13.2,0.286,5910.0,4.578,0.796
9957351,K03964.01,,FALSE POSITIVE,0.991105114,2.2137,286389.0,36.87,1257.0,589.31,273.8,0.623,4769.0,4.673,0.578
5385575,K03965.01,,FALSE POSITIVE,12.425580393,57.2012,1131.0,21.34,563.0,23.83,58.8,1.222,4594.0,4.58,0.743
3732035,K03966.01,Kepler-1535 b,CONFIRMED,138.944022,10.611,530.2,2.57,384.0,5.13,28.0,0.195,6014.0,4.362,1.115
5385697,K03967.01,,FALSE POSITIVE,12.4260454,27.7691,582.1,2.64,706.0,58.88,55.7,0.967,5645.0,4.569,0.817
5385697,K03967.02,,FALSE POSITIVE,12.4260002,30.1966,468.6,2.39,706.0,58.88,47.8,0.971,5645.0,4.569,0.817
8823833,K03968.01,,FALSE POSITIVE,1.50650136,3.1126,66.9,0.8,1562.0,1403.44,41.9,0.556,5607.0,4.381,0.948
5015913,K01667.01,,FALSE POSITIVE,1.179969562,1.9745,1109.3,120.02,2960.0,18136.88,277.9,1.244,5500.0,3.491,3.899
5103942,K01668.01,,FALSE POSITIVE,10.10176739,2.1267,601.7,26.09,829.0,111.86,28.8,1.251,6058.0,4.54,0.867
5195172,K01671.01,Kepler-1763 b,CONFIRMED,1.480283464,2.486,60.5,0.97,1822.0,2597.27,21.3,0.058,5897.0,4.25,1.259
8678664,K01782.01,,FALSE POSITIVE,15.420409367,2.3707,14759.2,16.62,661.0,45.03,268.5,0.955,5468.0,4.505,0.88
8832512,K01821.01,Kepler-963 b,CONFIRMED,9.97682072,3.4873,966.8,2.85,802.0,97.85,31.3,0.022,5500.0,4.416,0.928
8892721,K01844.01,,FALSE POSITIVE,61.4913415,9.627,3692.4,4.57,323.0,2.58,70.5,0.92,4796.0,4.656,0.598
9042357,K01993.01,,FALSE POSITIVE,16.00351679,4.001,668.3,18.01,586.0,27.83,29.9,1.209,5283.0,4.594,0.695
9115681,K01865.01,,FALSE POSITIVE,1.86390886,4.414,176.1,77.99,2902.0,16718.87,18.3,1.2,6689.0,3.594,3.381
10481045,K02320.01,,FALSE POSITIVE,2.03743942,3.103,112.5,0.82,1299.0,673.94,16.0,0.102,5751.0,4.577,0.774
8107034,K02322.01,,FALSE POSITIVE,332.74984,14.77,518.1,2.55,302.0,1.97,8.7,0.1296,6372.0,4.375,1.112
8582291,K02330.01,,FALSE POSITIVE,2.4681015,2.83,172.8,1.22,1244.0,564.74,22.1,0.689,5516.0,4.466,0.872
7967861,K02349.01,,FALSE POSITIVE,215.15218,19.97,264.2,1.36,287.0,1.61,6.7,0.2999,5914.0,4.563,0.828
8179325,K02359.01,,FALSE POSITIVE,3.17275711,5.404,313.2,1.27,966.0,206.07,30.1,0.03,5058.0,4.61,0.739
5475494,K03969.01,,FALSE POSITIVE,0.73619448,1.1148,247.3,1.84,2268.0,6218.56,27.2,0.689,6355.0,4.418,1.09
9412445,K03970.01,,FALSE POSITIVE,10.18670759,7.498,261.2,0.95,477.0,12.29,35.5,0.677,3995.0,4.694,0.555
7866914,K03971.01,,FALSE POSITIVE,365.994154,13.071,698.5,2.87,263.0,1.14,23.8,0.8353,6074.0,4.466,0.965
6057684,K03972.01,,FALSE POSITIVE,0.54028956,3.619,293.5,21.45,2279.0,6356.72,58.4,1.181,5997.0,4.483,0.993
5271608,K01673.01,,FALSE POSITIVE,2.49047468,2.2003,222.2,1.53,1413.0,940.43,20.7,0.522,6067.0,4.433,0.997
5357470,K01674.01,,FALSE POSITIVE,2.17257963,1.5794,335.5,13.55,1518.0,1254.52,27.1,1.107,6038.0,4.34,0.971
5443775,K01676.01,,FALSE POSITIVE,3.307669761,1.672,243.1,3.87,1840.0,2710.89,66.7,0.602,5959.0,3.829,2.382
5527172,K01678.01,,FALSE POSITIVE,3.183961388,3.7875,39268.0,37.22,1615.0,1608.01,339.2,0.677,5716.0,3.963,1.76
7386391,K07837.01,,FALSE POSITIVE,48.507991,8.984,288.9,2.06,511.0,16.08,11.4,0.944,6031.0,4.476,0.966
5529643,K01679.01,,FALSE POSITIVE,0.759766456,5.323,480.5,29.02,2128.0,4850.1,73.0,1.238,6174.0,4.455,1.026
9366989,K01785.01,,FALSE POSITIVE,1.219034472,2.151,6923.8,9.82,1845.0,2734.97,99.2,0.075,5833.0,4.333,1.192
9468717,K01954.01,,FALSE POSITIVE,7.37339245,2.883,125.0,13.73,1098.0,344.18,36.6,1.104,6484.0,4.36,1.093
9528420,K01742.01,,FALSE POSITIVE,4.70847097,6.0503,32622.1,19.58,1202.0,493.0,607.2,0.418,6214.0,4.391,1.061
9529744,K01806.01,,FALSE POSITIVE,2.404556949,7.4918,408.7,4.69,1958.0,3474.41,147.1,0.97,6426.0,4.013,1.775
9674608,K01795.01,,FALSE POSITIVE,2.972047661,1.198,5945.0,24.74,881.0,142.01,20.0,1.207,4491.0,4.58,0.711
8495415,K02362.01,,FALSE POSITIVE,2.237180102,1.4734,493.8,1.75,1134.0,390.02,23.3,0.374,5080.0,4.538,0.793
10341905,K02391.01,,FALSE POSITIVE,0.93374232,6.552,351.4,18.29,1638.0,1706.25,49.1,1.188,5553.0,4.577,0.806
12115188,K02396.01,,FALSE POSITIVE,0.495434094,1.2496,287.9,1.57,2151.0,5088.43,57.2,0.009,5529.0,4.471,0.936
9850957,K02446.01,,FALSE POSITIVE,8.48031302,5.988,107.0,2.74,1510.0,1229.56,20.2,0.765,6541.0,3.778,2.43
11568224,K03973.01,,FALSE POSITIVE,0.882131829,6.8106,3620.9,8.13,1963.0,3510.31,70.6,0.968,6168.0,4.482,0.911
7938883,K03974.01,,FALSE POSITIVE,0.489682339,1.7495,431674.0,37.47,1251.0,580.4,628.2,0.441,3898.0,4.735,0.53
9280239,K03975.01,Kepler-1536 b,CONFIRMED,364.751562,13.057,1481.5,2.89,166.0,0.18,25.5,0.875,4386.0,4.629,0.63
4544571,K03976.01,,FALSE POSITIVE,2.189098506,5.1498,2533.7,29.7,1288.0,651.22,194.9,1.258,5681.0,4.551,0.859
3245661,K03977.01,,FALSE POSITIVE,0.7088055,3.6789,17575.0,41.08,2035.0,4055.22,195.6,1.238,5989.0,4.5,0.908
5618071,K01682.01,,FALSE POSITIVE,88.821421,9.35,393.7,234.99,634.0,38.13,7.8,1.6227,5081.0,3.484,3.365
6312534,K01689.01,,FALSE POSITIVE,1.507761203,3.096,2773.7,31.77,1301.0,675.11,153.1,1.292,5069.0,4.53,0.818
6470917,K01690.01,,FALSE POSITIVE,1.506019633,2.408,136.9,1.08,1628.0,1660.03,18.8,0.528,6065.0,4.454,0.896
7431709,K07838.01,,FALSE POSITIVE,0.572513875,2.353,49.3,0.52,1779.0,2365.45,10.2,0.04,5171.0,4.576,0.76
6611330,K01691.01,,FALSE POSITIVE,35.14578122,2.253,6789.4,32.5,480.0,12.6,86.8,1.276,5437.0,4.554,0.783
6699368,K01694.01,,FALSE POSITIVE,3.690317047,1.3784,465.5,20.23,1280.0,634.09,43.0,1.151,6120.0,4.395,1.054
9886255,K01846.01,Kepler-976 b,CONFIRMED,105.9566815,6.9988,2286.4,3.79,324.0,2.59,51.8,0.322,5327.0,4.581,0.8
9973855,K01966.01,,FALSE POSITIVE,2.95600563,2.6717,76.1,0.81,1211.0,509.55,35.5,0.408,5668.0,4.472,0.916
10019399,K01796.01,,FALSE POSITIVE,11.805707539,2.0494,2052.1,18.48,1153.0,417.85,124.9,1.015,6065.0,3.888,1.891
7841368,K07851.01,,FALSE POSITIVE,25.3710555,3.739,78.6,1.43,779.0,87.17,8.3,0.742,6029.0,4.127,1.494
10031707,K01827.01,,FALSE POSITIVE,8.58966893,6.962,429.6,155.18,4900.0,136317.25,47.5,0.012,3837.0,0.829,80.307
10092312,K01823.01,,FALSE POSITIVE,4.468456599,1.4195,906.7,24.81,1081.0,321.94,39.1,1.207,5869.0,4.513,0.942
10407054,K02500.01,,FALSE POSITIVE,0.933754669,4.048,89.3,1.48,2475.0,8881.31,43.2,0.728,6443.0,4.146,1.457
6525185,K02568.01,,FALSE POSITIVE,1.71030803,2.718,216.0,1.32,1449.0,1039.18,21.0,0.282,5790.0,4.528,0.9
10812504,K02570.01,,FALSE POSITIVE,79.9201319,4.482,1326.8,1.81,217.0,0.53,21.9,0.623,3812.0,4.767,0.476
8107115,K02575.01,,FALSE POSITIVE,199.3113,6.43,383.6,1.64,278.0,1.42,6.5,0.689,5662.0,4.577,0.789
10663411,K02584.01,,FALSE POSITIVE,157.82131,12.42,192.3,1.59,377.0,4.75,6.9,0.1495,6082.0,4.342,1.147
10090219,K03978.01,,FALSE POSITIVE,2.28612573,12.408,301.6,22.63,1433.0,993.96,45.3,1.188,6063.0,4.476,1.012
9205938,K02162.02,Kepler-1126 c,CONFIRMED,199.66876,8.996,251.9,1.45,305.0,2.06,13.9,0.046,5678.0,4.409,0.921
9899217,K03979.01,,FALSE POSITIVE,1.33254971,4.69,158.3,1.36,1782.0,2377.19,35.3,0.741,6150.0,4.41,1.004
6750902,K03980.01,,FALSE POSITIVE,0.469334634,0.8864,340.4,2.4,2432.0,8264.27,49.1,0.95,5888.0,4.394,1.008
5895588,K03981.01,,FALSE POSITIVE,0.849277809,3.137,690.8,20.11,1781.0,2366.84,17.1,1.187,5743.0,4.553,0.853
6803855,K01695.01,Kepler-930 b,CONFIRMED,71.4523167,6.276,216.9,2.19,561.0,23.44,16.6,0.017,6148.0,4.132,1.488
6891366,K01696.01,,FALSE POSITIVE,1.752564549,3.503,116.6,1.38,1741.0,2174.09,38.0,0.741,6221.0,4.333,1.18
7448023,K07839.01,,FALSE POSITIVE,0.566816802,1.981,94.0,0.68,1585.0,1483.43,12.9,0.414,4665.0,4.584,0.704
6891637,K01697.01,,FALSE POSITIVE,1.752553762,3.877,414.7,1.06,933.0,178.74,32.5,0.346,4408.0,4.713,0.529
6975615,K01698.01,,FALSE POSITIVE,2.065351521,2.661,173.2,1.03,1196.0,485.51,25.3,0.63,5266.0,4.536,0.749
7137725,K01699.01,,FALSE POSITIVE,2.253551793,3.66,119.6,1.7,1812.0,2547.01,42.1,0.761,6526.0,4.217,1.426
10153855,K01981.01,Kepler-1037 b,CONFIRMED,1.06378861,1.072,251.5,1.61,1650.0,1761.19,21.5,0.466,5265.0,4.4,1.002
10294613,K01896.01,,FALSE POSITIVE,1.854493861,4.2367,1287.3,29.39,1291.0,657.94,108.2,1.279,5431.0,4.563,0.843
7879648,K07852.01,,FALSE POSITIVE,1.020713389,0.873,102.3,0.9,1724.0,2079.36,11.3,0.425,5815.0,4.52,0.87
10491044,K01763.01,,FALSE POSITIVE,2.1990638,3.197,344.8,1.33,1087.0,330.97,19.3,0.489,5003.0,4.572,0.707
10614012,K01807.01,,FALSE POSITIVE,132.1331011,26.715,7956.2,75.08,809.0,101.41,284.3,0.606,5067.0,2.877,8.121
10616415,K01999.01,,FALSE POSITIVE,1.120646438,1.7664,322.5,89.35,2783.0,14127.22,45.7,1.182,4972.0,3.449,4.034
6525193,K02653.01,,FALSE POSITIVE,1.710279417,2.252,228.8,1.57,1524.0,1272.5,19.9,0.473,5834.0,4.472,1.023
6866251,K02661.01,,FALSE POSITIVE,65.238281,5.756,197.2,5.18,734.0,68.49,10.3,0.1471,5254.0,3.506,3.761
7117710,K07817.01,,FALSE POSITIVE,0.56679641,2.324,26.7,0.46,1940.0,3349.38,14.1,0.322,5403.0,4.54,0.888
7762723,K02663.01,Kepler-1867 b,CONFIRMED,9.88736642,4.23,68.0,0.68,768.0,82.32,14.6,0.383,5693.0,4.57,0.816
4178606,K02728.01,Kepler-1326 b,CONFIRMED,42.3520039,7.773,512.6,6.3,938.0,182.91,30.5,0.659,6864.0,3.783,2.632
5980208,K02742.01,Kepler-1331 b,CONFIRMED,0.789160884,0.9268,215.1,0.91,1244.0,564.46,23.6,0.376,4258.0,4.635,0.622
5303557,K03982.01,,FALSE POSITIVE,2.399081606,4.384,6071.6,40.6,1360.0,810.78,89.9,1.276,5780.0,4.438,1.0
10227863,K03983.01,,FALSE POSITIVE,5.14072621,27.24,145.6,19.28,1076.0,317.19,44.5,1.159,5751.0,4.389,1.035
7281668,K07829.01,,FALSE POSITIVE,0.566798545,5.224,36.9,0.53,2004.0,3787.58,23.3,0.331,5629.0,4.553,0.87
8036287,K03984.01,Kepler-1537 b,CONFIRMED,1.44445234,0.9753,200.7,2.03,1800.0,2479.44,20.9,0.162,5305.0,4.088,1.449
9602562,K03985.01,,FALSE POSITIVE,3.55653637,8.7,202.5,1.7,1272.0,619.57,23.1,0.712,5950.0,4.395,1.114
10668665,K03986.01,,FALSE POSITIVE,9.60853601,3.672,584.4,31.99,984.0,221.77,19.3,1.229,6377.0,4.398,1.158
10407020,K03987.01,,FALSE POSITIVE,0.933747751,3.9236,76.6,2.07,3112.0,22250.69,49.5,0.741,6985.0,3.936,2.187
7380829,K01703.01,,FALSE POSITIVE,3.17463577,10.988,405.9,9.32,1296.0,667.65,83.1,1.059,5999.0,4.417,0.996
7470491,K07840.01,,FALSE POSITIVE,0.902222843,2.0516,29.7,48.23,10340.0,2710661.9,5.1,0.508,3705.0,0.798,89.806
7768952,K01709.01,,FALSE POSITIVE,22.4685309,3.034,242.3,20.05,1040.0,276.85,21.3,1.032,5461.0,3.566,3.301
8162790,K01712.01,,FALSE POSITIVE,10.16104834,3.0448,908.9,2.72,800.0,96.98,36.8,0.031,5636.0,4.462,0.913
9655129,K01714.01,,FALSE POSITIVE,2.743978797,6.442,39994.0,38.11,1136.0,392.49,56.5,1.138,5334.0,4.492,0.81
9899483,K01719.01,,FALSE POSITIVE,1.332561398,4.103,150.6,2.16,2276.0,6330.12,77.1,0.783,6468.0,4.107,1.602
7882360,K07853.01,,FALSE POSITIVE,364.14397,15.37,513.5,2.2,259.0,1.06,9.3,0.475,6039.0,4.493,0.951
10965740,K01887.01,,FALSE POSITIVE,21.78769087,4.498,507.7,71.95,1042.0,278.24,38.1,1.192,5627.0,3.633,3.05
11187436,K01804.01,Kepler-957 b,CONFIRMED,5.90741476,1.016,5569.0,5.1,769.0,82.73,7.2,0.177,4963.0,4.585,0.69
11285136,K01774.01,,FALSE POSITIVE,2.368173896,2.346,10143.0,10.92,1428.0,983.51,52.9,0.763,5944.0,4.393,0.991
11298815,K02015.01,,FALSE POSITIVE,5.73865933,4.051,688.6,1.84,535.0,19.33,40.1,0.966,3841.0,4.756,0.509
11342573,K01771.01,,FALSE POSITIVE,91.05641908,6.7282,57607.6,53.1,431.0,8.13,701.1,1.112,6142.0,4.456,1.046
9823519,K02793.01,Kepler-1350 b,CONFIRMED,4.49686066,1.7306,1932.5,1.93,535.0,19.34,37.0,0.018,3698.0,4.81,0.444
7047824,K02806.01,Kepler-1353 b,CONFIRMED,24.7543849,3.39,593.3,2.1,491.0,13.7,18.0,0.709,4852.0,4.519,0.804
4479633,K02814.01,,FALSE POSITIVE,0.475068516,0.8552,110.1,1.03,2372.0,7444.39,21.4,0.412,6045.0,4.494,0.955
4952341,K02818.01,,FALSE POSITIVE,1.79683793,7.911,223.3,3.37,2397.0,7783.32,27.9,0.979,7592.0,4.159,1.714
5385491,K03988.01,,FALSE POSITIVE,12.425484,28.0218,117.2,1.55,773.0,84.37,43.0,0.98,5478.0,4.351,1.017
11358389,K02163.02,Kepler-365 c,CONFIRMED,17.7838298,3.997,247.1,1.6,729.0,66.87,18.7,0.115,6014.0,4.436,1.021
5551504,K03989.01,,FALSE POSITIVE,1.204529346,1.62,86.9,1.4,1968.0,3561.16,11.1,0.383,5340.0,4.046,1.504
6421503,K03990.01,,FALSE POSITIVE,2.15839583,8.09,352.2,14.28,1103.0,350.53,38.9,1.178,5272.0,4.659,0.662
7538434,K07841.01,,FALSE POSITIVE,371.1495,15.855,597.3,2.07,245.0,0.85,11.5,0.228,5988.0,4.541,0.836
10487119,K01635.01,,FALSE POSITIVE,3.374684854,4.48335,80917.0,49.25,1163.0,432.73,658.3,1.04,5754.0,4.514,0.943
10621666,K01636.01,,FALSE POSITIVE,2.61841046,3.304,180.2,1.12,1245.0,567.24,24.8,0.369,5912.0,4.566,0.82
10747439,K01638.01,,FALSE POSITIVE,4.593594819,2.6391,1455.2,8.85,1125.0,378.37,83.5,1.022,6075.0,4.486,0.969
10749128,K01639.01,,FALSE POSITIVE,125.0426,8.99,104.3,1.2,416.0,7.06,6.4,0.5215,6273.0,4.364,1.139
10813841,K01640.01,,FALSE POSITIVE,6.17039154,2.116,502.9,2.17,1029.0,264.63,19.0,0.1755,6137.0,4.487,0.963
10879656,K01642.01,,FALSE POSITIVE,0.364860478,1.4736,112.6,0.68,1993.0,3703.08,23.5,0.267,5220.0,4.622,0.642
12691412,K01983.01,,FALSE POSITIVE,6.90522317,3.533,420.3,4.54,1343.0,768.55,34.4,0.962,6596.0,4.135,1.721
5024482,K02041.01,,FALSE POSITIVE,1.5259105,3.114,83.9,2.63,2545.0,9917.8,14.3,0.986,6640.0,3.884,2.099
8175131,K02139.01,,FALSE POSITIVE,4.27121961,2.9283,966.7,2.17,802.0,97.84,38.0,0.636,4702.0,4.602,0.67
7177766,K07819.01,,FALSE POSITIVE,0.769358923,1.5364,44.8,1.93,2928.0,17335.4,19.8,0.111,5267.0,3.655,2.935
5513897,K02591.01,,FALSE POSITIVE,0.755109106,2.967,106.0,0.85,1733.0,2130.82,34.0,0.47,5452.0,4.572,0.815
10664416,K02599.01,,FALSE POSITIVE,25.3239215,70.405,1379.7,19.02,484.0,12.94,214.5,1.218,5128.0,4.6,0.668
9602613,K02612.01,Kepler-1994 b,CONFIRMED,4.61225043,2.695,29.1,0.51,1032.0,268.27,13.7,0.012,5495.0,4.442,0.961
5807769,K02614.01,Kepler-1289 b,CONFIRMED,7.99022379,3.273,165.9,1.97,1113.0,361.73,17.6,0.107,5689.0,4.065,1.542
11495766,K02630.01,,FALSE POSITIVE,4.1749166,4.828,40.7,0.61,1116.0,366.59,11.8,0.4759,5910.0,4.505,0.94
7282154,K07830.01,,FALSE POSITIVE,0.56678694,1.959,61.2,0.63,1920.0,3194.49,8.3,0.213,5341.0,4.496,0.808
3228988,K03992.01,,FALSE POSITIVE,0.73094701,4.223,227.7,15.83,1870.0,2886.66,31.2,1.158,5767.0,4.559,0.837
2970804,K03993.01,,FALSE POSITIVE,0.686994057,3.5252,2797.1,35.3,2063.0,4267.13,136.6,1.261,5780.0,4.438,1.0
7552701,K03994.01,,FALSE POSITIVE,1.324247867,1.4759,83.3,1.3,2140.0,4951.46,26.5,0.295,6557.0,4.251,1.406
7418173,K03995.01,,FALSE POSITIVE,0.780632043,1.4109,736.5,79.67,2714.0,12837.08,141.0,1.306,5354.0,3.754,2.18
3228804,K03996.01,,FALSE POSITIVE,0.730947169,4.396,248.0,14.43,1777.0,2349.48,49.1,1.143,5514.0,4.569,0.826
11045383,K01645.01,,FALSE POSITIVE,41.16676097,2.2133,5386.3,17.82,446.0,9.35,185.2,1.093,5193.0,4.503,0.805
11391667,K01652.01,,FALSE POSITIVE,1.083736642,1.57912,8930.8,237.84,3641.0,41465.78,954.2,1.265,5591.0,3.227,5.618
11392017,K01653.01,,FALSE POSITIVE,2.45570369,3.1,273.8,55.95,1891.0,3017.14,23.5,1.205,5148.0,3.624,2.314
3446451,K01735.01,,FALSE POSITIVE,0.64234875,1.3699,103.7,2.78,3813.0,49846.45,61.3,0.627,7089.0,3.842,2.584
6603756,K01729.01,,FALSE POSITIVE,5.204286663,6.2598,35221.0,16.0,934.0,180.12,153.0,0.272,5332.0,4.471,0.86
8460600,K01730.01,,FALSE POSITIVE,6.352090869,3.88771,75141.7,18.9,772.0,83.66,1343.2,0.223,5089.0,4.58,0.693
12121470,K02142.01,,FALSE POSITIVE,1.877350712,1.7478,185.6,1.46,1650.0,1755.2,23.1,0.297,6382.0,4.432,1.059
3327993,K02157.01,,FALSE POSITIVE,2.11552348,6.712,359.2,21.43,1398.0,900.64,28.9,1.187,5900.0,4.509,0.951
5467124,K02161.01,,FALSE POSITIVE,2.84573962,7.28,211.7,3.63,1829.0,2645.94,83.9,0.656,5557.0,3.792,2.372
7906739,K02165.01,,FALSE POSITIVE,7.01476115,3.945,122.1,1.02,928.0,175.85,27.5,0.687,5912.0,4.501,0.87
2860114,K02170.01,,FALSE POSITIVE,0.941603153,1.1886,462.1,2.29,1608.0,1575.78,46.2,0.93,5237.0,4.481,0.837
7199644,K07821.01,,FALSE POSITIVE,1.13357304,2.849,33.1,0.59,1836.0,2688.01,12.0,0.739,6147.0,4.449,0.954
11966253,K02772.01,,FALSE POSITIVE,0.643468999,1.1108,108.0,0.88,2001.0,3772.66,19.6,0.266,5670.0,4.452,0.843
10275805,K02782.01,,FALSE POSITIVE,112.645961,7.037,1957.9,35.36,377.0,4.76,23.3,1.277,5895.0,4.489,0.991
5709889,K02783.01,,FALSE POSITIVE,0.526887517,0.8971,119.9,0.58,1238.0,550.37,20.6,0.292,3945.0,4.721,0.519
3119256,K02784.01,,FALSE POSITIVE,4.14244748,2.203,69.9,1.82,1907.0,3128.33,12.3,0.386,6785.0,3.83,2.124
9943435,K02788.01,,FALSE POSITIVE,0.777663575,1.1741,134.3,0.95,1816.0,2553.18,28.1,0.204,5769.0,4.57,0.812
2442359,K03997.01,,FALSE POSITIVE,0.552834211,1.2887,145.7,18.09,3107.0,21895.36,30.0,1.045,5132.0,3.675,2.648
7707742,K03998.01,,FALSE POSITIVE,0.758354475,4.56811,581782.0,149.44,3123.0,22401.95,1560.5,0.279,7131.0,4.084,1.83
6041734,K02167.03,Kepler-1129 c,CONFIRMED,76.5369531,5.574,652.2,3.73,503.0,15.15,17.7,0.327,5596.0,4.105,1.466
2010191,K03999.01,,FALSE POSITIVE,3.43525124,4.509,152.2,25.43,1579.0,1468.73,6.3,1.121,5854.0,4.014,1.742
5471675,K04000.01,,FALSE POSITIVE,0.962828092,4.411,63.0,40.82,3553.0,37544.87,22.7,1.101,6552.0,3.594,3.44
8845574,K01734.01,,FALSE POSITIVE,1.878156188,2.058,787.5,2.51,1141.0,400.37,38.4,0.959,5075.0,4.598,0.67
2021440,K01987.01,,FALSE POSITIVE,7.81153999,5.984,912.8,23.56,718.0,62.96,41.3,1.271,5150.0,4.628,0.71
3122985,K01949.01,,FALSE POSITIVE,0.993488979,1.9694,24327.0,17.9,1914.0,3172.24,145.8,0.83,5811.0,4.328,0.998
3248019,K01759.01,,FALSE POSITIVE,1.334104585,3.14624,61690.8,44.9,1880.0,2954.64,1334.6,0.986,6319.0,4.373,1.083
3328026,K01994.01,,FALSE POSITIVE,2.115498574,6.738,444.2,25.84,1432.0,995.26,45.4,1.215,5917.0,4.475,1.0
7116024,K07812.01,,FALSE POSITIVE,3.40076682,4.7,21.1,0.69,1540.0,1328.5,7.4,0.256,6134.0,4.142,1.496
2014991,K02178.01,,FALSE POSITIVE,6.49676881,2.527,135.0,3.74,1761.0,2273.36,10.6,0.643,6418.0,3.658,3.049
12885212,K02184.01,,FALSE POSITIVE,2.057499811,2.569,325.6,1.27,1037.0,273.84,23.6,0.004,4620.0,4.564,0.736
5894073,K02187.01,,FALSE POSITIVE,10.5856758,4.911,178.7,1.49,912.0,163.41,8.1,0.474,6246.0,4.433,1.092
10518424,K02188.01,,FALSE POSITIVE,2.69633621,5.238,238.6,15.78,1334.0,749.66,26.5,1.141,6106.0,4.496,0.923
4245933,K02190.01,,FALSE POSITIVE,11.2580745,23.516,713.3,2.14,497.0,14.44,55.4,0.955,4257.0,4.691,0.586
7199724,K07822.01,,FALSE POSITIVE,0.566795586,4.124,39.4,0.66,2296.0,6597.1,19.6,0.686,6108.0,4.471,0.997
12935144,K02847.01,,FALSE POSITIVE,1.099291188,1.765,282.6,1.37,1414.0,947.02,19.8,0.077,4878.0,4.5,0.843
6185496,K02858.01,,FALSE POSITIVE,0.47462889,1.0194,331.3,1.43,1840.0,2691.55,31.2,0.377,4904.0,4.527,0.786
6606438,K02860.01,Kepler-1883 b,CONFIRMED,103.4269873,5.03,950.1,3.16,416.0,7.08,17.8,0.013,6208.0,4.454,1.024
12170648,K02875.01,,FALSE POSITIVE,0.299697755,0.8473,346.9,2.03,2246.0,6005.79,53.6,0.964,5180.0,4.547,0.782
7282168,K07831.01,,FALSE POSITIVE,0.56681727,1.779,35.9,0.42,1832.0,2676.11,9.1,0.042,5481.0,4.629,0.708
9851943,K04001.01,,FALSE POSITIVE,1.081935491,5.136,202.9,0.99,1364.0,819.14,33.9,0.0,4938.0,4.569,0.718
5773121,K04002.01,Kepler-1932 b,CONFIRMED,0.524175803,0.7648,236.8,1.27,1891.0,3049.23,22.4,0.318,5278.0,4.576,0.815
2708420,K04003.01,,FALSE POSITIVE,1.89129881,5.294,82.0,0.86,1414.0,944.68,29.8,0.699,5806.0,4.507,0.893
4814502,K04004.01,Kepler-1933 b,CONFIRMED,4.94330596,2.9334,126.2,1.41,1058.0,296.74,27.7,0.928,5661.0,4.415,1.008
8142787,K04005.01,Kepler-439 b,CONFIRMED,178.139072,9.654,678.8,2.25,291.0,1.7,20.3,0.042,5431.0,4.496,0.879
3654950,K01766.01,,FALSE POSITIVE,4.067371428,5.8962,63446.7,68.81,978.0,215.71,1094.6,1.51,5385.0,4.532,0.75
3836453,K01903.01,,FALSE POSITIVE,1.540395781,1.6305,173.4,0.94,1211.0,510.22,46.6,0.062,4955.0,4.592,0.735
3952651,K01912.01,,FALSE POSITIVE,32.9045733,4.402,662.3,28.34,568.0,24.63,19.7,1.232,5780.0,4.438,1.0
3966262,K01811.01,,FALSE POSITIVE,2.46353343,2.954,830.0,21.49,1171.0,445.83,6.8,1.222,5541.0,4.587,0.777
4144231,K01791.01,,FALSE POSITIVE,22.91339043,3.94,5407.0,24.11,510.0,15.94,86.9,1.281,5451.0,4.663,0.6
9964670,K02192.01,,FALSE POSITIVE,1.541350116,3.29,378.0,1.5,1273.0,619.14,51.7,0.272,5150.0,4.59,0.784
6209798,K02196.01,,FALSE POSITIVE,1.205412526,1.537,109.2,12.6,1988.0,3681.8,17.2,1.092,6292.0,4.32,1.122
6525249,K02197.01,,FALSE POSITIVE,1.710316235,3.614,409.4,23.38,1647.0,1740.08,31.2,1.174,6147.0,4.435,1.096
11075429,K02198.01,Kepler-1137 b,CONFIRMED,23.9210408,5.174,158.3,3.01,1020.0,255.65,21.9,0.936,7121.0,4.031,1.972
11705004,K02199.01,Kepler-1806 b,CONFIRMED,9.03326435,2.857,610.7,1.96,729.0,66.89,18.3,0.455,5311.0,4.588,0.788
6137681,K03932.01,,FALSE POSITIVE,356.535835,5.467,3113.0,28.27,220.0,0.55,25.7,1.281,5385.0,4.532,0.75
11244682,K03933.01,Kepler-1699 b,CONFIRMED,3.490785878,1.4513,336.8,1.32,1010.0,245.65,32.7,0.116,5496.0,4.618,0.725
9655419,K03934.01,,FALSE POSITIVE,1.92149487,1.891,1006.0,79.14,2382.0,7634.18,11.6,1.29,6831.0,3.959,2.247
5895158,K03935.01,Kepler-1532 b,CONFIRMED,1.093665854,1.4399,218.4,1.29,1681.0,1880.33,33.5,0.174,5845.0,4.541,0.874
5471690,K04006.01,,FALSE POSITIVE,12.4247333,16.828,40.5,1.47,1284.0,642.95,19.3,0.656,6632.0,3.86,2.193
5350447,K04008.01,,FALSE POSITIVE,70.7511986,6.198,858.1,27.74,441.0,8.97,24.1,1.24,5771.0,4.4,0.936
4173026,K02172.02,Kepler-1801 c,CONFIRMED,116.583183,5.8,819.0,2.91,371.0,4.47,8.7,0.586,5738.0,4.426,0.981
8934103,K04009.01,Kepler-1538 b,CONFIRMED,175.13892,10.767,634.5,3.06,346.0,3.39,17.9,0.07,5497.0,4.243,1.241
7618364,K07844.01,,FALSE POSITIVE,1.302061421,1.8238,1046.1,92.86,3345.0,29636.26,29.5,1.273,7757.0,3.837,2.783
4150390,K01768.01,,FALSE POSITIVE,55.25178622,6.094,39873.6,27.32,444.0,9.15,585.0,0.978,5793.0,4.561,0.832
4851464,K01757.01,,FALSE POSITIVE,5.548250634,6.06772,42873.4,21.49,1088.0,331.99,1170.5,0.296,6124.0,4.455,1.028
4913000,K01775.01,,FALSE POSITIVE,4.442520831,2.4779,531.5,3.98,1392.0,889.36,100.3,0.966,6496.0,4.272,1.33
4945877,K01936.01,,FALSE POSITIVE,1.339670241,1.895,28.6,1.27,3448.0,33385.02,21.7,0.602,8867.0,3.988,2.245
5110423,K01777.01,,FALSE POSITIVE,2.685223546,4.0632,5494.6,28.98,1111.0,360.92,238.7,1.28,5552.0,4.62,0.719
2581191,K02203.01,,FALSE POSITIVE,1.99042642,3.083,133.8,1.17,1539.0,1327.48,25.3,0.067,6198.0,4.464,1.005
7379385,K02207.01,,FALSE POSITIVE,67.230028,25.01,379.1,2.44,482.0,12.79,39.5,0.938,6157.0,4.418,1.016
6199702,K02211.01,,FALSE POSITIVE,0.805259637,0.9779,341.8,1.93,2115.0,4732.34,50.2,0.332,6257.0,4.454,1.022
6307083,K02050.01,,FALSE POSITIVE,75.3787816,5.268,387.7,1.6,360.0,3.97,30.1,0.046,5061.0,4.488,0.841
6780158,K02231.01,,FALSE POSITIVE,2.464160779,2.427,116.7,36.93,1709.0,2018.62,27.3,1.169,5238.0,3.84,1.883
7199756,K07823.01,,FALSE POSITIVE,0.566781152,3.995,133.4,0.54,1090.0,337.1,24.9,0.427,3725.0,4.787,0.46
4947556,K03936.02,Kepler-1930 b,CONFIRMED,13.0267964,0.785,356.6,2.08,643.0,40.51,11.4,0.93,5083.0,4.512,0.844
7362696,K03937.01,,FALSE POSITIVE,4.93129874,1.8626,676.1,21.42,944.0,187.36,31.7,1.224,5457.0,4.508,0.779
3865595,K03938.01,,FALSE POSITIVE,5.59187448,1.6782,236.4,104.18,4793.0,124810.93,31.9,0.82,3915.0,1.173,58.325
9593528,K03939.01,,FALSE POSITIVE,1.88665445,1.343,2098.0,43.81,1794.0,2453.86,15.8,1.269,6296.0,4.247,1.249
5195945,K03940.01,,FALSE POSITIVE,14.53682228,3.195,1032.3,73.15,1596.0,1534.06,40.8,1.068,4946.0,2.819,5.855
5288577,K04010.01,,FALSE POSITIVE,1.72853003,3.819,99.1,2.43,2492.0,9100.75,24.0,0.776,6701.0,3.882,2.237
11969988,K04011.01,,FALSE POSITIVE,2.19068738,4.41,66.3,1.68,2017.0,3913.33,44.1,0.594,6208.0,3.973,1.975
8483258,K04012.01,,FALSE POSITIVE,372.16478,11.288,2074.0,5.68,279.0,1.44,23.5,0.7967,6194.0,4.415,1.129
4832225,K04013.01,,FALSE POSITIVE,0.947730124,1.1171,152.5,2.82,3914.0,55681.21,18.0,0.473,9464.0,4.116,2.184
9009953,K04014.01,Kepler-1700 b,CONFIRMED,234.240739,12.925,464.1,3.41,329.0,2.77,27.7,0.944,5814.0,4.269,1.248
7664272,K07845.01,,FALSE POSITIVE,341.01495,5.12,386.0,1.72,234.0,0.71,6.9,0.087,5327.0,4.456,0.896
5302006,K01755.01,,FALSE POSITIVE,6.14631207,3.803,891.1,4.79,1260.0,594.72,20.3,0.937,6726.0,4.335,1.31
5306720,K01991.01,,FALSE POSITIVE,27.36432337,3.545,2282.5,39.49,659.0,44.5,42.3,1.273,6167.0,4.428,1.107
5389540,K01836.01,,FALSE POSITIVE,10.26231992,3.568,813.9,1.98,509.0,15.89,17.3,0.945,4316.0,4.709,0.54
5444384,K01778.01,,FALSE POSITIVE,1.519529227,5.1675,8372.5,11.12,1653.0,1766.31,155.1,0.866,6033.0,4.46,1.046
5450814,K01780.01,,FALSE POSITIVE,6.487525901,2.4536,20209.0,21.23,593.0,29.11,74.3,1.199,4481.0,4.763,0.485
7116519,K07813.01,,FALSE POSITIVE,0.56676437,2.326,76.5,0.92,2267.0,6222.58,11.7,0.594,6039.0,4.478,1.005
9635510,K02234.01,,FALSE POSITIVE,2.35197616,5.304,268.0,21.19,1444.0,1025.78,31.7,1.177,6147.0,4.463,1.003
8076630,K02235.01,,FALSE POSITIVE,0.861643331,2.4318,232.5,1.88,1613.0,1599.85,41.7,0.994,5506.0,4.596,0.688
4077901,K02239.01,,FALSE POSITIVE,12.1097626,10.174,113.9,1.09,681.0,50.68,28.2,0.981,5437.0,4.547,0.739
10271691,K02240.01,,FALSE POSITIVE,63.909601,11.85,143.0,0.76,351.0,3.57,6.1,0.0578,5227.0,4.668,0.643
10544677,K02244.01,,FALSE POSITIVE,19.7352868,5.097,319.4,49.24,743.0,72.08,17.1,1.417,6329.0,4.44,1.045
7199883,K07824.01,,FALSE POSITIVE,0.566799125,3.072,30.7,0.56,2299.0,6590.95,22.5,0.232,6063.0,4.451,1.004
8552587,K03941.01,,FALSE POSITIVE,1.061935973,3.3177,337.9,24.17,1961.0,3479.87,101.2,1.19,6274.0,4.434,1.062
6019872,K03942.01,,FALSE POSITIVE,1.485898163,2.446,224.6,14.96,1272.0,620.65,32.8,1.173,5088.0,4.559,0.727
7679812,K03943.01,Kepler-1931 b,CONFIRMED,38.5763483,19.861,282.1,2.05,619.0,34.77,76.3,0.015,6167.0,4.333,1.221
4864734,K03944.01,,FALSE POSITIVE,1.845610523,2.337,374.1,77.83,2502.0,9283.04,33.3,1.22,5974.0,3.639,2.978
8282846,K04015.01,Kepler-1539 b,CONFIRMED,133.303247,7.342,1017.5,2.67,301.0,1.94,20.6,0.063,5064.0,4.474,0.864
5938970,K04016.01,Kepler-1540 b,CONFIRMED,125.4132302,2.3241,1345.0,3.14,266.0,1.18,22.6,0.822,4641.0,4.557,0.747
8381693,K04017.01,,FALSE POSITIVE,21.5702917,40.4,148.7,29.53,888.0,146.81,41.0,1.155,6070.0,3.983,1.628
4929299,K04018.01,,FALSE POSITIVE,0.868723418,1.4617,197.1,1.87,1998.0,3776.5,23.8,0.947,5761.0,4.331,1.046
7375348,K00266.01,Kepler-508 b,CONFIRMED,25.30893566,5.7704,153.7,1.77,710.0,60.2,54.2,0.799,5949.0,4.272,1.292
5565497,K01789.01,,FALSE POSITIVE,1.412526202,5.49,150.3,36.77,3001.0,19160.84,70.6,1.166,8468.0,4.114,1.91
5730389,K01956.01,,FALSE POSITIVE,2.759573341,6.999,382.0,6.42,1198.0,487.37,64.4,1.04,5640.0,4.52,0.863
5802478,K01834.01,,FALSE POSITIVE,3.79188234,2.15,417.0,1.95,1201.0,492.81,6.6,0.615,6171.0,4.495,0.91
5942093,K01995.01,,FALSE POSITIVE,14.38724729,1.9078,1914.1,29.24,725.0,65.41,43.5,1.262,5830.0,4.479,0.859
5992270,K01855.01,,FALSE POSITIVE,58.4302648,7.18,1849.5,3.45,300.0,1.91,34.1,0.948,4338.0,4.643,0.609
7117126,K07814.01,,FALSE POSITIVE,0.566717263,2.6079,18.5,0.43,2096.0,4581.82,11.1,0.606,5544.0,4.438,0.957
4761060,K02249.01,,FALSE POSITIVE,13.37935853,8.809,353.5,6.65,1395.0,896.56,36.2,0.974,6739.0,3.712,2.702
5479802,K02251.01,,FALSE POSITIVE,13.26255423,4.65,916.4,3.55,766.0,81.56,31.4,0.943,5973.0,4.506,0.935
5607631,K02254.01,,FALSE POSITIVE,20.5696575,4.263,401.5,28.96,650.0,42.09,22.2,1.298,6098.0,4.562,0.838
4951249,K02258.01,,FALSE POSITIVE,4.52342256,2.531,219.0,1.7,1195.0,482.25,15.9,0.757,6211.0,4.437,1.058
9156585,K02054.01,,FALSE POSITIVE,22.32423657,3.669,1299.3,4.56,611.0,32.87,29.9,0.965,5648.0,4.489,0.912
3121340,K03945.01,,FALSE POSITIVE,0.723947772,2.125,242.7,52.16,3192.0,24641.6,17.7,1.148,5160.0,3.424,2.897
8636434,K03946.01,Kepler-1533 b,CONFIRMED,308.544422,18.503,586.8,3.28,330.0,2.81,56.8,0.022,6325.0,4.274,1.349
5952366,K03947.01,,FALSE POSITIVE,0.905679492,2.1164,2299.0,35.74,1882.0,2950.42,59.3,1.272,5780.0,4.438,1.0
5952366,K03947.02,,FALSE POSITIVE,22.735911,42.435,2311.0,5.07,643.0,40.32,69.4,0.665,5780.0,4.438,1.0
6045250,K03948.01,,FALSE POSITIVE,0.909310626,3.4411,12126.6,48.79,2130.0,4889.6,454.0,1.264,6370.0,4.41,1.106
5598595,K03949.01,,FALSE POSITIVE,0.648774274,2.643,231.0,1.08,1659.0,1795.83,26.1,0.078,5026.0,4.557,0.729
9763754,K00589.01,,FALSE POSITIVE,17.47702,54.52,138.3,0.93,676.0,49.24,2.9,0.0012,6116.0,4.579,0.782
8435247,K01131.01,,FALSE POSITIVE,0.696125302,2.0054,14966.0,28.44,1645.0,1739.43,177.2,1.219,5245.0,4.594,0.674
8332986,K01137.01,,FALSE POSITIVE,302.38867822,3.1229,41320.0,40.73,238.0,0.76,294.8,1.134,5328.0,4.499,0.857
6364327,K01744.01,,FALSE POSITIVE,5.24372504,17.136,234.4,20.41,1017.0,253.25,51.6,1.201,5772.0,4.452,0.867
6762829,K01740.01,,FALSE POSITIVE,18.795269797,9.9816,28241.1,30.77,899.0,154.05,3596.6,0.201,5623.0,3.925,1.841
7369865,K01918.01,,FALSE POSITIVE,42.2625935,4.465,692.2,12.62,855.0,126.27,40.7,0.962,5432.0,3.55,3.581
7593110,K01748.01,,FALSE POSITIVE,3.549386251,2.4342,50664.0,24.15,1142.0,402.76,108.2,0.818,5759.0,4.495,0.892
7810483,K01943.01,Kepler-1676 b,CONFIRMED,29.92208104,2.7716,345.3,3.09,782.0,88.52,37.6,0.38,6127.0,4.055,1.637
7117147,K07815.01,,FALSE POSITIVE,0.566812588,3.596,17.1,0.71,3089.0,21653.56,17.5,0.079,6194.0,3.971,1.718
6634133,K02262.01,,FALSE POSITIVE,9.94221873,2.453,486.5,19.64,754.0,76.56,12.6,1.171,5213.0,4.434,0.917
7021534,K02267.01,,FALSE POSITIVE,9.06557317,1.6208,243.4,1.46,880.0,141.9,24.9,0.432,6075.0,4.51,0.916
9277210,K02268.01,,FALSE POSITIVE,4.9432827,40.01,27.1,1.21,1739.0,2161.95,12.9,0.5719,6701.0,3.907,2.236
9728465,K02270.01,,FALSE POSITIVE,7.35390869,2.061,92.9,2.29,1483.0,1141.53,11.1,0.375,6385.0,3.868,2.327
7124026,K02275.01,,FALSE POSITIVE,15.7455586,13.877,161.1,1.41,743.0,71.98,37.6,0.889,6089.0,4.495,0.95
7200485,K07825.01,,FALSE POSITIVE,0.566796615,1.999,47.8,0.59,2077.0,4426.68,8.5,0.243,5858.0,4.553,0.849
9904006,K02135.03,Kepler-361 b,CONFIRMED,8.48651582,5.267,110.8,1.34,1060.0,298.03,21.1,0.009,6178.0,4.269,1.267
4544572,K03950.01,,FALSE POSITIVE,2.189092892,5.1128,1871.5,33.45,1446.0,1034.43,150.7,1.27,6106.0,4.487,0.966
5738634,K03951.01,,FALSE POSITIVE,2.40435335,4.07,70.6,3.05,2454.0,8577.88,27.1,0.746,6103.0,3.568,3.358
10152836,K03952.01,,FALSE POSITIVE,220.9290121,7.335,2456.5,5.24,299.0,1.89,70.4,0.826,5893.0,4.483,0.941
10651816,K03953.01,,FALSE POSITIVE,3.1877519,14.836,452.3,19.66,1141.0,400.3,83.2,1.178,5532.0,4.489,0.896
6964043,K01351.01,,FALSE POSITIVE,10.72396374,3.8439,13518.0,39.84,783.0,88.64,127.7,1.25,5582.0,4.445,0.905
3644523,K01195.01,,FALSE POSITIVE,119.67747,32.274,3254.1,36.8,379.0,4.9,52.0,1.283,6075.0,4.486,0.969
11909686,K01483.01,,FALSE POSITIVE,185.9526325,3.5964,11106.9,50.98,343.0,3.28,147.3,1.264,5813.0,4.33,1.164
12644769,K01611.01,,FALSE POSITIVE,41.077590334,6.20583,134484.0,23.2,346.0,3.37,5518.2,0.502,4451.0,4.654,0.62
6233890,K01624.01,,FALSE POSITIVE,2.99540439,6.172,223.2,65.37,2195.0,5493.46,45.6,1.179,6106.0,3.633,3.09
7918172,K01817.01,,FALSE POSITIVE,63.934965,12.71,1119.5,44.59,525.0,18.0,45.6,1.217,5209.0,3.999,1.595
8009496,K01869.01,,FALSE POSITIVE,38.4769457,5.825,259.4,4.79,814.0,103.72,18.4,0.981,6079.0,3.834,2.163
8081187,K01951.01,Kepler-1025 b,CONFIRMED,37.3228722,7.2146,307.5,35.34,1654.0,1769.88,42.6,0.608,4907.0,2.41,19.53
8111919,K02030.01,,FALSE POSITIVE,1.664980224,1.7455,230.8,3.68,1921.0,3223.3,47.6,0.987,5792.0,4.058,1.567
8127586,K01752.01,,FALSE POSITIVE,16.6094904,3.189,272.9,1.82,766.0,81.28,12.7,0.631,6047.0,4.395,1.05
7117485,K07816.01,,FALSE POSITIVE,0.566789505,5.835,54.6,3.37,2038.0,4051.92,12.6,1.03,5894.0,4.585,0.784
2860793,K02277.01,,FALSE POSITIVE,2.62982665,6.213,126.4,17.88,1968.0,3542.64,24.6,1.077,6712.0,4.053,1.846
3851130,K02284.01,,FALSE POSITIVE,2.69787749,1.915,116.8,1.5,1512.0,1235.14,8.3,0.53,5609.0,4.114,1.348
7257363,K02292.01,,FALSE POSITIVE,5.23340265,3.242,242.1,1.15,851.0,124.02,12.7,0.366,5266.0,4.611,0.741
11922722,K02301.01,,FALSE POSITIVE,3.51289168,3.313,131.0,1.12,1161.0,429.42,27.3,0.373,5523.0,4.395,0.981
12061969,K02061.01,Kepler-2001 c,CONFIRMED,14.092583189,4.1536,530.4,1.82,597.0,30.1,17.8,0.586,5081.0,4.596,0.77
7203326,K07826.01,,FALSE POSITIVE,9.087508013,2.7597,140.6,1.37,987.0,224.7,2.5,0.511,6078.0,4.297,1.119
8030339,K03954.01,,FALSE POSITIVE,0.65244373,1.471,610.7,2.17,1969.0,3546.43,41.8,0.133,5638.0,4.488,0.883
9899414,K03955.01,,FALSE POSITIVE,1.332564704,5.9775,1049.5,30.04,1692.0,1945.27,124.0,1.249,6046.0,4.486,0.972
5471059,K03956.01,,FALSE POSITIVE,2.636899795,0.9105,426.2,49.84,1179.0,456.22,27.6,1.519,5524.0,4.54,0.847
7458309,K03957.01,,FALSE POSITIVE,0.660629055,5.894,231.6,17.38,2032.0,4040.43,103.3,1.173,6024.0,4.55,0.849
7777372,K03958.01,,FALSE POSITIVE,0.885123683,3.3865,113.3,1.14,1961.0,3477.17,42.0,0.708,5979.0,4.44,0.998
7377200,K07836.01,,FALSE POSITIVE,471.65421,3.456,479.7,4.11,313.0,2.26,12.5,0.85,6061.0,4.025,1.653
6312314,K01625.01,,FALSE POSITIVE,1.221204888,1.8511,111.6,1.1,1772.0,2334.4,27.3,0.6,5874.0,4.378,0.997
6468337,K01620.01,,FALSE POSITIVE,0.959853772,1.9163,55.8,1.3,2468.0,8768.54,27.1,0.646,6061.0,4.025,1.653
10357040,K01634.01,,FALSE POSITIVE,46.882525,1.93,343.5,1.91,513.0,16.4,4.9,0.7285,6045.0,4.494,0.955
10514429,K01614.01,,FALSE POSITIVE,20.7191626,3.912,184.4,1.85,790.0,92.2,8.9,0.016,5837.0,4.143,1.366
8127607,K01919.01,,FALSE POSITIVE,16.60973843,4.515,667.8,6.64,579.0,26.59,29.7,1.0412,5238.0,4.603,0.752
8129042,K01743.01,,FALSE POSITIVE,54.323118,25.863,538.0,5.06,706.0,58.78,19.2,0.9727,6988.0,4.155,1.67
8180020,K01741.01,,FALSE POSITIVE,5.803127153,4.9041,58570.0,19.04,886.0,145.32,639.3,0.006,5533.0,4.577,0.795
8223328,K01767.01,,FALSE POSITIVE,35.51619219,2.5,10984.0,719.49,504.0,15.2,85.4,8.467,5514.0,4.505,0.871
8444552,K01769.01,,FALSE POSITIVE,0.589049151,2.25397,61953.4,39.51,1959.0,3495.15,1227.6,1.094,5592.0,4.51,0.771
6342333,K02065.01,Kepler-1789 b,CONFIRMED,80.2321467,4.656,888.7,3.24,380.0,4.91,24.9,0.911,5436.0,4.505,0.888
6032517,K02070.01,,FALSE POSITIVE,1.791406261,2.8159,345.5,4.51,1579.0,1466.9,60.7,1.008,6092.0,4.453,1.028
4768846,K02077.01,,FALSE POSITIVE,1.25483232,2.67,117.6,2.89,2748.0,13493.55,11.4,0.547,6168.0,3.75,2.572
8260234,K02085.01,,FALSE POSITIVE,5.71483873,2.748,286.2,1.26,842.0,118.73,18.0,0.134,5193.0,4.535,0.755
7210749,K07828.01,,FALSE POSITIVE,17.5859472,3.815,509.5,2.24,700.0,56.81,8.4,0.042,5780.0,4.438,1.0
9282769,K03959.01,,FALSE POSITIVE,1.332567005,6.3373,401.3,27.36,2007.0,3837.83,110.6,1.185,6388.0,4.284,1.223
10404582,K02147.02,Kepler-362 b,CONFIRMED,10.32736351,1.889,126.9,1.25,838.0,116.56,9.7,0.754,5757.0,4.431,1.017
7777416,K03960.01,,FALSE POSITIVE,2.54557259,5.636,529.0,1.97,1234.0,549.8,36.0,0.038,5718.0,4.549,0.863
7597005,K03961.01,,FALSE POSITIVE,0.704541784,1.0726,275.2,1.72,2121.0,4778.23,38.4,0.415,6063.0,4.476,1.012
5479717,K03962.01,,FALSE POSITIVE,0.697996932,4.3323,9094.6,28.06,1604.0,1560.69,244.1,1.244,5176.0,4.636,0.695
3764714,K03963.01,,FALSE POSITIVE,6.63449721,22.982,919.1,85.25,1719.0,2067.13,160.1,1.246,6487.0,3.696,2.817
11392618,K01623.01,,FALSE POSITIVE,110.9215892,5.282,498.0,3.71,443.0,9.12,48.2,0.905,5725.0,4.148,1.384
4474645,K01657.01,,FALSE POSITIVE,3.88673217,20.491,761.7,21.04,1050.0,287.4,119.0,1.223,5798.0,4.589,0.767
4570949,K01658.01,Kepler-76 b,CONFIRMED,1.544928892,1.43586,5817.3,13.43,1997.0,3765.46,1109.7,0.918,6309.0,4.199,1.412
4927315,K01663.01,,FALSE POSITIVE,11.76921923,3.219,519.3,3.12,868.0,134.04,27.4,0.964,6215.0,4.44,1.052
4928119,K01664.01,,FALSE POSITIVE,44.638983058,3.04001,36830.1,50.33,551.0,21.86,488.5,1.173,6197.0,4.449,1.035
10934313,K03121.01,,FALSE POSITIVE,1.926888595,1.235,130.0,1.31,1619.0,1622.18,11.7,0.589,6268.0,4.429,1.1
11497958,K01422.05,Kepler-296 e,CONFIRMED,34.1420506,2.945,788.0,1.06,248.0,0.89,13.3,0.105,3526.0,4.866,0.383
7516809,K03133.01,,FALSE POSITIVE,0.241842544,0.7257,203.3,1.16,2689.0,12357.89,29.3,0.3064,5834.0,4.577,0.797
6115516,K03134.01,,FALSE POSITIVE,0.865759153,0.8408,191.6,1.53,2100.0,4616.69,18.7,0.38,6249.0,4.428,1.076
6444896,K03138.01,Kepler-1649 b,CONFIRMED,8.68910764,1.1627,1679.0,0.49,211.0,0.47,9.6,0.049,2703.0,5.274,0.118
11442793,K00351.05,Kepler-90 c,CONFIRMED,8.71980135,3.7454,160.4,1.53,987.0,224.47,22.7,0.343,5970.0,4.317,1.2
11442793,K00351.06,Kepler-90 b,CONFIRMED,7.00821787,3.812,116.4,1.29,1062.0,300.58,19.2,0.156,5970.0,4.317,1.2
7812455,K02881.01,,FALSE POSITIVE,0.903583394,1.5942,1027.1,33.18,2162.0,5162.98,151.7,1.242,6455.0,4.41,1.101
9520443,K02893.01,,FALSE POSITIVE,0.99014722,0.9394,321.1,1.34,1433.0,997.75,23.0,0.329,5072.0,4.606,0.747
7461307,K02909.01,,FALSE POSITIVE,0.77359329,1.7603,80.6,0.82,1890.0,3022.82,21.7,0.388,5747.0,4.508,0.907
7269881,K02916.01,,FALSE POSITIVE,0.306937807,0.5925,119.2,0.82,2142.0,5019.53,29.3,0.005,5088.0,4.58,0.741
10964265,K02934.01,,FALSE POSITIVE,0.637487312,1.9626,211.3,1.75,2334.0,7053.67,25.0,0.81,6173.0,4.39,1.083
8672910,K00918.02,,FALSE POSITIVE,5.71489488,2.0705,292.5,1.41,908.0,160.68,21.2,0.0125,5552.0,4.555,0.833
7269493,K01961.02,,FALSE POSITIVE,76.642481,5.476,64.5,1.36,542.0,20.44,7.6,0.1653,5537.0,3.949,1.714
9827149,K02586.02,,FALSE POSITIVE,5.9703813,0.669,210.3,1.69,981.0,218.94,5.5,0.8826,5825.0,4.504,0.965
9758089,K01871.02,Kepler-1996 b,CONFIRMED,32.376183,4.4639,745.4,2.26,392.0,5.61,34.2,0.896,4580.0,4.641,0.675
10005758,K01783.02,Kepler-1662 c,CONFIRMED,284.063137,8.297,1628.1,6.36,321.0,2.51,53.5,0.888,5791.0,4.185,1.336
9532424,K02941.01,,FALSE POSITIVE,4.30908594,1.52,160.8,1.62,1172.0,445.13,17.0,0.871,5754.0,4.348,1.097
9950316,K02947.01,,FALSE POSITIVE,57.104588,11.5,144.3,0.98,425.0,7.74,9.3,0.087,5637.0,4.564,0.821
6028860,K02950.01,,FALSE POSITIVE,0.422015793,1.23416,1291.9,6.69,2136.0,4962.18,304.4,1.017,5614.0,4.587,0.777
6778019,K02953.01,,FALSE POSITIVE,0.945825494,1.8496,104.7,1.14,1989.0,3715.61,22.1,0.522,6116.0,4.44,1.084
4571536,K02954.01,,FALSE POSITIVE,0.676715927,0.63,264.5,1.29,1735.0,2135.8,14.5,0.652,5334.0,4.56,0.733
3336283,K02974.01,,FALSE POSITIVE,0.576441813,2.027,60.8,0.82,2471.0,8812.63,21.2,0.061,6459.0,4.425,1.038
5695904,K02983.01,,FALSE POSITIVE,0.423854275,1.0198,235.3,0.58,1062.0,301.79,33.3,0.449,3553.0,4.887,0.368
11304987,K02993.01,,FALSE POSITIVE,0.692693892,1.2804,1433.7,32.44,2050.0,4160.84,146.7,1.265,5907.0,4.49,0.964
11709423,K03001.01,,FALSE POSITIVE,0.768934934,1.216,846.8,4.09,1713.0,2026.85,58.9,0.989,5390.0,4.535,0.777
8758136,K03006.01,,FALSE POSITIVE,0.998212785,2.489,118.8,1.1,1888.0,2998.77,18.8,0.436,6072.0,4.47,0.988
12405333,K03009.01,Kepler-1409 b,CONFIRMED,0.764863517,1.16,150.2,1.04,1733.0,2145.14,13.6,0.235,5231.0,4.476,0.86
10617638,K03016.01,,FALSE POSITIVE,0.710894157,1.0183,122.6,1.16,2098.0,4599.89,18.9,0.134,5862.0,4.424,1.049
12833566,K03024.01,,FALSE POSITIVE,0.537839241,2.169,23.5,1.49,4061.0,64294.62,12.4,0.2589,6456.0,3.659,3.03
9153554,K03044.01,,FALSE POSITIVE,0.373684977,0.9621,456.8,2.25,2490.0,9009.0,53.8,0.86,5970.0,4.521,0.908
6461850,K03054.01,,FALSE POSITIVE,0.544962596,1.085,247.9,1.03,1719.0,2074.18,18.3,0.459,5257.0,4.675,0.639
7613246,K03062.01,,FALSE POSITIVE,0.769127296,0.998,114.6,0.9,1917.0,3179.14,17.0,0.067,6024.0,4.561,0.831
2715695,K03077.01,Kepler-1899 b,CONFIRMED,4.09578199,1.704,405.5,1.64,851.0,124.3,11.9,0.752,4791.0,4.577,0.742
11442793,K00351.04,Kepler-90 e,CONFIRMED,91.9401253,9.195,482.9,2.62,450.0,9.71,34.4,0.025,5970.0,4.317,1.2
12352520,K03094.01,Kepler-1904 b,CONFIRMED,4.5770016,0.949,710.0,1.33,567.0,24.38,18.0,0.327,3805.0,4.767,0.497
7455981,K03096.01,Kepler-1425 b,CONFIRMED,14.4540329,7.183,79.7,0.72,676.0,49.51,17.2,0.522,5559.0,4.496,0.79
7107561,K03100.01,,FALSE POSITIVE,0.812587678,1.1144,62.9,1.54,2717.0,12840.3,21.7,0.515,6143.0,4.009,1.877
11237332,K03103.01,,FALSE POSITIVE,19.3073774,3.437,31.7,1.21,1054.0,292.25,6.6,0.0275,6131.0,3.776,2.142
8669092,K00068.01,,FALSE POSITIVE,1.000840564,1.3292,2714.4,80.25,3367.0,30248.83,73.2,1.165,6287.0,3.558,3.177
5474613,K01599.02,Kepler-1659 b,CONFIRMED,13.6164547,5.175,376.1,22.29,755.0,76.81,22.6,1.19,5823.0,4.472,0.972
9823519,K02793.02,Kepler-1350 c,CONFIRMED,1.766789509,1.3345,1009.8,1.4,730.0,66.95,26.7,0.066,3698.0,4.81,0.444
10587105,K00339.03,Kepler-529 d,CONFIRMED,35.8656484,8.035,250.9,2.44,633.0,37.92,26.2,0.963,6078.0,4.29,1.189
8558011,K00577.02,Kepler-607 b,CONFIRMED,0.638162933,1.2313,109.7,0.91,1874.0,2928.31,17.6,0.092,5244.0,4.449,0.888
7885494,K07854.01,,FALSE POSITIVE,1.72929014,3.609,84.5,0.86,1497.0,1187.75,9.6,0.089,5910.0,4.505,0.94
5281714,K05148.01,,FALSE POSITIVE,40.301684,1.398,374.8,2.38,623.0,35.6,6.6,0.5721,6429.0,4.372,1.177
5289857,K05150.01,,FALSE POSITIVE,26.524553,2.359,174.5,2.19,695.0,55.06,10.2,0.218,4995.0,3.954,1.703
5303185,K05151.01,,FALSE POSITIVE,26.1537851,1.802,228.6,1.47,631.0,37.53,6.2,0.2437,6091.0,4.487,0.967
5308777,K05152.01,,FALSE POSITIVE,0.944598153,4.018,200.9,37.61,4190.0,72795.2,35.3,1.012,4877.0,2.839,9.214
5364090,K05153.01,,FALSE POSITIVE,354.63284,2.227,280.9,0.9,152.0,0.13,6.5,0.3134,4206.0,4.703,0.535
6364143,K05272.01,,FALSE POSITIVE,5.2433865,12.472,65.4,0.75,1038.0,274.95,19.2,0.489,6011.0,4.522,0.902
6364307,K05273.01,,FALSE POSITIVE,5.2435703,15.864,228.5,12.68,890.0,148.79,25.1,1.145,5558.0,4.621,0.722
6369548,K05277.01,,FALSE POSITIVE,634.84739,16.186,542.6,20.5,464.0,10.97,15.7,0.565,5048.0,2.978,8.611
3098843,K03376.01,,FALSE POSITIVE,29.9756697,2.987,258.0,1.84,591.0,28.85,12.0,0.8708,5893.0,4.462,0.986
3958301,K03381.02,,FALSE POSITIVE,387.56519,13.28,1083.0,4.02,271.0,1.28,11.8,0.916,6289.0,4.454,1.02
5353137,K03447.01,,FALSE POSITIVE,31.5073649,7.362,330.5,0.74,253.0,0.97,15.4,0.774,3554.0,4.888,0.37
4932689,K03453.01,,FALSE POSITIVE,18.1118457,6.309,328.7,31.25,803.0,98.09,10.8,1.235,6434.0,4.394,1.138
7742408,K03478.01,Kepler-1697 b,CONFIRMED,33.4969115,4.833,163.5,2.97,630.0,37.3,13.2,0.961,4928.0,3.966,1.688
3973549,K05032.01,,FALSE POSITIVE,1.389947459,1.193,1213.8,3.39,1665.0,1816.13,136.4,0.437,5999.0,4.461,0.95
4058169,K05034.01,,FALSE POSITIVE,282.5363563,10.3088,29233.2,70.53,360.0,3.98,854.1,1.227,6401.0,4.175,1.41
4068391,K05036.01,,FALSE POSITIVE,289.490952,3.91,773.0,2.87,290.0,1.66,6.6,0.1458,5978.0,4.408,1.032
5391911,K05157.01,,FALSE POSITIVE,0.782068488,1.239,115.7,21.02,6169.0,343029.57,4.1,0.279,4475.0,2.113,20.237
5436415,K05163.01,,FALSE POSITIVE,273.223848,3.787,469.9,8.0,452.0,9.87,10.6,0.0763,5079.0,3.439,3.792
6387887,K05280.01,,FALSE POSITIVE,0.650701055,0.89164,371061.0,281.62,6285.0,370319.14,234.3,0.4,10921.0,3.811,3.701
6428602,K05282.01,,FALSE POSITIVE,59.742966,6.78,284.9,16.91,1037.0,273.48,8.6,0.9694,5059.0,2.871,7.322
6447372,K05285.01,,FALSE POSITIVE,405.32064,7.77,561.7,1.34,166.0,0.18,6.2,0.2964,4694.0,4.68,0.574
6461675,K05286.01,,FALSE POSITIVE,342.830882,3.826,450.7,10.76,530.0,18.68,12.0,0.0886,4994.0,2.92,5.205
8231667,K03494.01,Kepler-1926 b,CONFIRMED,42.8774169,1.991,1068.8,2.67,451.0,9.8,14.8,0.02,5256.0,4.483,0.832
3439096,K03509.01,,FALSE POSITIVE,2.97601892,5.5,306.1,164.46,2799.0,14524.05,35.3,1.176,5140.0,2.955,7.746
3324644,K03781.01,,FALSE POSITIVE,2.882424694,25.91,67298.0,399.44,2912.0,17023.71,416.2,1.051,4705.0,2.667,8.058
5437945,K03791.02,Kepler-460 c,CONFIRMED,220.142913,19.528,1796.4,5.94,389.0,5.4,121.2,0.023,6340.0,4.163,1.393
1161949,K04920.01,,FALSE POSITIVE,473.95103,11.778,330.6,3.32,341.0,3.21,9.6,0.1671,6513.0,4.02,1.81
4077252,K05038.01,,FALSE POSITIVE,0.534109403,0.9513,78.3,2.28,5513.0,217941.01,37.0,0.476,10747.0,4.1,2.432
4077767,K05039.01,,FALSE POSITIVE,168.77118,2.263,2045.0,2825.04,251.0,0.93,5.5,36.9452,4936.0,4.597,0.719
4144238,K05041.01,,FALSE POSITIVE,22.9138322,4.855,340.3,30.24,785.0,89.68,8.0,1.189,6154.0,4.201,1.334
4147171,K05042.01,,FALSE POSITIVE,538.36855,19.26,545.5,2.37,237.0,0.74,7.0,0.0671,6148.0,4.461,1.015
4149060,K05043.01,,FALSE POSITIVE,65.5327181,2.256,373.4,1.79,437.0,8.61,5.9,0.3023,5755.0,4.48,0.923
4160006,K05045.01,,FALSE POSITIVE,1.018360336,7.622,393969.0,107.0,2302.0,6627.64,967.4,0.553,6160.0,4.144,1.463
5440472,K05167.01,,FALSE POSITIVE,396.349253,2.685,413.1,2.39,293.0,1.73,5.7,0.0384,6495.0,4.379,1.168
5440651,K05168.01,,FALSE POSITIVE,0.502807253,1.01493,4658.7,26.81,1825.0,2623.68,240.0,1.2503,5109.0,4.564,0.715
5446961,K05170.01,,FALSE POSITIVE,149.526152,3.033,753.0,1.69,202.0,0.39,7.6,0.4364,3978.0,4.642,0.628
5467126,K05171.01,,FALSE POSITIVE,2.845736321,11.5703,3127.0,402.16,3058.0,20649.68,297.8,1.294,4878.0,2.745,10.154
6525196,K05293.01,,FALSE POSITIVE,1.710299164,3.92227,157266.0,57.97,1638.0,1700.05,2291.1,0.878,6082.0,4.385,1.006
6525398,K05294.01,,FALSE POSITIVE,252.04444,5.13,1502.0,2.49,196.0,0.35,6.1,0.1903,4514.0,4.621,0.664
1297263,K04922.01,,FALSE POSITIVE,153.521361,3.893,255.2,3.09,493.0,13.99,5.7,0.1485,6233.0,3.951,1.921
1572948,K04924.01,,FALSE POSITIVE,3.0031801,2.814,374.7,4.7,1827.0,2630.88,13.9,0.98,6606.0,4.071,1.768
1725193,K04925.01,,FALSE POSITIVE,2.96384168,5.4768,35652.8,43.7,1406.0,925.63,607.5,1.059,6095.0,4.371,1.158
1870398,K04927.01,,FALSE POSITIVE,43.142257,61.73,283.2,37.88,706.0,58.68,30.5,1.179,6198.0,4.069,1.769
1873513,K04928.01,Kepler-1624 b,CONFIRMED,3.290304098,1.7215,13552.6,4.91,540.0,20.06,220.5,0.09,3386.0,4.81,0.427
4179201,K05047.01,,FALSE POSITIVE,326.70552,3.36,794.0,2.83,287.0,1.61,9.1,0.0826,6036.0,4.337,0.998
4242806,K05049.01,,FALSE POSITIVE,343.49816,7.46,431.0,1.27,164.0,0.17,7.1,0.3516,4256.0,4.635,0.624
4245861,K05050.01,,FALSE POSITIVE,11.2582311,16.89,300.4,1.24,667.0,46.86,22.2,0.115,5242.0,4.556,0.722
4253860,K05052.01,,FALSE POSITIVE,155.046089,10.205,2238.0,444.08,1101.0,347.12,36.7,1.271,6513.0,2.782,12.613
4274816,K05053.01,,FALSE POSITIVE,14.3641542,2.629,89.2,0.98,795.0,94.33,6.5,0.2764,5925.0,4.364,1.033
5470851,K05172.01,,FALSE POSITIVE,12.4276185,18.56,147.0,1.14,768.0,82.45,12.6,0.303,5869.0,4.513,0.942
5471108,K05173.01,,FALSE POSITIVE,12.427076,17.447,47.5,0.82,870.0,135.77,25.3,0.026,5841.0,4.278,1.193
5525484,K05175.01,,FALSE POSITIVE,315.502534,3.112,689.2,19.71,565.0,24.01,9.5,0.02,4970.0,2.989,7.752
5551240,K05178.01,Kepler-1626 b,CONFIRMED,4.13960513,3.31,106.7,1.24,1352.0,789.48,11.6,0.344,6535.0,4.373,1.181
6527229,K05296.01,,FALSE POSITIVE,200.79976002,7.6419,92642.0,48.77,303.0,2.0,930.8,1.016,5896.0,4.518,0.916
6543674,K05298.01,,FALSE POSITIVE,1.195515364,6.08509,396401.0,156.91,2640.0,11494.67,4630.1,0.475,6047.0,3.789,2.264
6548429,K05299.01,,FALSE POSITIVE,210.971635,3.578,519.0,2.04,293.0,1.75,6.5,0.2091,5838.0,4.529,0.897
6599305,K05301.01,,FALSE POSITIVE,42.02646,2.553,190.0,1.5,561.0,23.47,6.0,0.7156,6158.0,4.431,1.016
6600515,K05302.01,,FALSE POSITIVE,372.04697,14.29,673.4,2.7,271.0,1.28,25.2,0.0457,6173.0,4.447,1.041
6608090,K05303.01,,FALSE POSITIVE,438.81524,6.75,332.8,1.36,202.0,0.39,9.2,0.108,5324.0,4.551,0.755
2010607,K04929.01,,FALSE POSITIVE,18.622214,4.42,5832.0,20.83,1101.0,347.32,20.1,0.792,6235.0,3.801,2.471
2015013,K04930.01,,FALSE POSITIVE,27.8923345,2.204,139.6,2.1,807.0,100.41,9.0,0.0465,5873.0,3.96,1.78
2163226,K04933.01,,FALSE POSITIVE,452.10093,12.69,464.0,2.08,254.0,0.99,6.2,0.1063,6276.0,4.456,0.956
2165352,K04934.01,,FALSE POSITIVE,0.7906069,3.3996,689.2,17.97,1503.0,1201.17,133.3,1.198,4994.0,4.62,0.72
2305255,K04935.01,,FALSE POSITIVE,24.5714867,29.96,506.4,3.04,637.0,39.0,31.1,0.978,5977.0,4.462,0.956
2305543,K04936.01,,FALSE POSITIVE,0.681137796,2.7287,105189.0,45.75,2025.0,3995.23,432.5,0.968,5872.0,4.474,0.864
4276114,K05054.01,,FALSE POSITIVE,3.722404453,2.5214,55368.0,144.2,1082.0,323.4,148.9,2.375,5747.0,4.542,0.799
4281023,K05055.01,,FALSE POSITIVE,230.385488,3.134,568.1,10.13,522.0,17.57,9.3,0.2423,5024.0,3.241,4.331
4365461,K05058.01,,FALSE POSITIVE,1.714414962,5.17207,110132.0,116.92,2042.0,4099.19,6485.8,1.181,6351.0,4.126,1.613
4366923,K05059.01,,FALSE POSITIVE,646.28789332,5.39144,58605.3,43.47,304.0,2.03,1107.1,0.004,6582.0,4.069,1.777
4449752,K05060.01,,FALSE POSITIVE,290.438547,12.85,212.9,1.11,235.0,0.72,11.9,0.0916,5392.0,4.557,0.775
4455763,K05061.01,,FALSE POSITIVE,0.766298172,1.78462,19400.9,15.64,2163.0,5154.54,368.9,0.813,6267.0,4.431,0.996
5563057,K05179.01,,FALSE POSITIVE,1.049468616,4.848,22.0,0.84,2808.0,14709.49,22.8,0.731,7479.0,4.162,1.667
5565261,K05180.01,,FALSE POSITIVE,2.362348096,3.5979,724.7,89.55,2104.0,4625.06,103.6,1.219,5088.0,3.502,3.293
5602409,K05181.01,,FALSE POSITIVE,136.830243,2.956,464.3,17.22,764.0,80.57,8.4,0.3813,5096.0,3.007,8.038
5603270,K05182.01,,FALSE POSITIVE,103.284757,1.674,78.4,1.96,583.0,27.31,5.5,0.6314,6185.0,3.878,2.101
5612111,K05183.01,,FALSE POSITIVE,36.1904638,1.919,263.3,1.69,592.0,29.08,6.8,0.2147,6210.0,4.45,1.033
5616628,K05184.01,,FALSE POSITIVE,419.75224,4.154,754.0,2.82,257.0,1.03,6.3,0.3316,6137.0,4.457,1.016
5623137,K05185.01,,FALSE POSITIVE,419.95929,13.86,196.2,1.53,266.0,1.18,5.9,0.4834,5953.0,4.314,1.068
6611779,K05304.01,,FALSE POSITIVE,206.309658,1.498,277.1,2.36,361.0,4.01,8.3,0.8152,6028.0,4.241,1.267
6612411,K05305.01,,FALSE POSITIVE,8.46184728,35.525,411.2,4.92,1511.0,1233.13,142.4,0.965,7663.0,4.087,1.913
6612973,K05306.01,,FALSE POSITIVE,681.01756,8.74,133.9,1.69,274.0,1.33,9.2,0.362,6295.0,4.091,1.435
6615600,K05307.01,,FALSE POSITIVE,2.19509634,1.796,227.7,1.32,1324.0,725.21,14.3,0.173,5799.0,4.539,0.878
6677415,K05311.01,,FALSE POSITIVE,73.9239955,1.699,634.0,1.64,325.0,2.64,6.1,0.2907,5040.0,4.652,0.658
2309910,K04937.01,,FALSE POSITIVE,1.8437362,21.04,341.1,25.26,1628.0,1655.74,83.4,1.189,6032.0,4.358,1.114
2437209,K04939.01,,FALSE POSITIVE,281.36926,66.892,12435.0,56.94,507.0,15.57,135.6,0.038,4818.0,3.125,5.303
2438406,K04941.01,,FALSE POSITIVE,262.71162,7.72,1449.0,3.69,272.0,1.29,7.0,0.019,5398.0,4.375,0.99
2452289,K04942.01,,FALSE POSITIVE,6.0353643,9.211,47.2,1.88,1852.0,2779.94,23.4,0.707,7377.0,3.876,2.552
2569488,K04944.01,,FALSE POSITIVE,1.52327807,3.813,924.2,22.88,3461.0,33813.44,78.5,0.026,4477.0,2.633,7.912
4464689,K05063.01,,FALSE POSITIVE,574.37064,11.89,227.6,3.11,350.0,3.53,12.0,0.7455,6749.0,3.905,1.905
4469825,K05064.01,,FALSE POSITIVE,253.87706,11.18,265.6,1.81,334.0,2.95,5.7,0.3892,6553.0,4.41,1.086
4470888,K05065.01,,FALSE POSITIVE,523.36921,1.007,9918.0,17.45,240.0,0.78,8.4,1.0046,6397.0,4.508,0.913
5623839,K05186.01,,FALSE POSITIVE,80.292171,1.936,158.6,1.33,459.0,10.49,6.0,0.0606,6188.0,4.42,1.049
5650420,K05187.01,,FALSE POSITIVE,1.049406508,3.0072,447.5,27.45,4913.0,137177.82,61.3,0.112,4745.0,2.425,13.417
5653152,K05189.01,,FALSE POSITIVE,3.58957045,3.418,1221.2,2.49,862.0,131.02,53.6,0.002,4608.0,4.559,0.746
5653163,K05190.01,,FALSE POSITIVE,2.40435325,6.825,349.6,24.16,1359.0,806.18,23.3,1.202,5780.0,4.438,1.0
5685113,K05191.01,,FALSE POSITIVE,37.078668,4.403,147.4,0.8,419.0,7.27,6.9,0.5101,5120.0,4.628,0.65
5698524,K05193.01,,FALSE POSITIVE,228.196872,3.525,145.3,1.42,353.0,3.66,6.9,0.5034,6425.0,4.331,1.138
6784887,K05328.01,,FALSE POSITIVE,44.714450094,5.7615,90229.6,50.54,533.0,19.09,2629.0,1.032,6185.0,4.49,0.941
6864891,K05330.01,,FALSE POSITIVE,40.8801539,5.472,395.8,0.92,265.0,1.17,10.0,0.016,3746.0,4.775,0.469
7891264,K07855.01,,FALSE POSITIVE,25.166806,2.111,1350.0,2.72,483.0,12.84,7.2,0.65,5013.0,4.574,0.704
6880123,K05334.01,,FALSE POSITIVE,323.972022,1.25,462.0,2.96,307.0,2.11,8.7,0.6528,6002.0,4.267,1.302
6891512,K05335.01,,FALSE POSITIVE,1.752562808,6.1245,368004.0,124.23,2018.0,3915.22,5494.6,0.545,5853.0,3.971,1.795
2569516,K04945.01,,FALSE POSITIVE,45.5827119,3.193,76.5,2.42,957.0,198.31,9.6,0.253,7266.0,3.828,2.715
2570432,K04946.01,,FALSE POSITIVE,1.89140138,9.52,557.6,25.67,1377.0,849.6,12.4,1.222,5504.0,4.466,0.952
2574543,K04947.01,,FALSE POSITIVE,6.70258007,4.632,859.0,403.01,2635.0,11398.6,23.0,1.237,4799.0,2.475,13.652
2578811,K04948.01,,FALSE POSITIVE,6.2095391,2.752,47.9,30.47,4585.0,104479.02,8.3,0.308,3861.0,1.06,46.169
7897936,K07856.01,,FALSE POSITIVE,363.17077,28.26,384.6,9.82,810.0,101.64,20.9,0.008,10134.0,3.579,4.842
2582800,K04949.01,,FALSE POSITIVE,615.16033,3.958,267.1,4.48,430.0,8.08,5.4,0.1544,7937.0,3.882,2.711
2707916,K04950.01,,FALSE POSITIVE,1.89124738,4.697,410.0,1.2,989.0,225.34,17.4,0.452,4615.0,4.66,0.589
2708270,K04951.01,,FALSE POSITIVE,1.89125883,4.656,274.5,23.6,4480.0,95092.9,15.3,0.013,4449.0,2.031,14.894
4540508,K05069.01,,FALSE POSITIVE,362.1273,6.719,1098.0,1.68,132.0,0.07,6.5,0.0924,3734.0,4.74,0.513
4565943,K05070.01,,FALSE POSITIVE,353.36705,3.279,34.1,2.6,701.0,57.03,7.0,0.2481,8892.0,3.592,4.35
4570555,K05072.01,,FALSE POSITIVE,4.750256809,1.9278,395.1,12.35,2090.0,4504.96,42.7,0.727,5161.0,3.192,5.753
4586482,K05073.01,,FALSE POSITIVE,623.005238,23.5615,140332.0,66.64,229.0,0.64,2386.6,0.895,5689.0,4.299,1.207
4678873,K05075.01,,FALSE POSITIVE,1.878877205,5.8768,104026.0,109.55,2523.0,9554.79,525.4,1.005,7542.0,4.036,1.999
4732015,K05076.01,,FALSE POSITIVE,0.938857507,3.98767,12960.3,1148.7,6867.0,526061.85,962.6,1.217,4217.0,1.656,27.676
5732636,K05195.01,,FALSE POSITIVE,32.245486,13.86,93.6,1.18,683.0,51.39,10.0,0.2216,6197.0,4.242,1.208
5780194,K05198.01,,FALSE POSITIVE,149.237142,2.503,772.0,2.22,299.0,1.89,6.9,0.0847,5492.0,4.576,0.812
5781991,K05199.01,,FALSE POSITIVE,501.51698,3.809,487.0,1.99,224.0,0.59,6.9,0.0768,5796.0,4.466,0.906
5784803,K05200.01,,FALSE POSITIVE,357.77096,12.999,216.3,1.42,249.0,0.9,9.7,0.1056,5523.0,4.395,0.981
5791713,K05201.01,,FALSE POSITIVE,531.33282,3.702,669.0,2.67,239.0,0.77,7.1,0.3099,6163.0,4.457,1.022
6681473,K05312.01,,FALSE POSITIVE,396.048721,16.376,931.8,13.52,370.0,4.43,39.4,0.978,5327.0,3.643,2.882
6688318,K05313.01,,FALSE POSITIVE,326.370361,4.526,568.8,22.6,615.0,33.84,13.7,0.4924,5188.0,2.929,9.343
6690523,K05314.01,,FALSE POSITIVE,148.666527,4.353,319.4,6.81,559.0,23.08,8.6,0.2782,5155.0,3.462,3.87
6692742,K05315.01,,FALSE POSITIVE,163.104677,2.129,576.0,2.58,337.0,3.06,6.0,0.575,5766.0,4.418,1.04
6695801,K05316.01,,FALSE POSITIVE,1.10656965,1.669,86.4,1.09,1988.0,3696.18,8.4,0.263,6237.0,4.387,1.165
6699562,K05317.01,,FALSE POSITIVE,46.270524872,8.93033,66244.1,35.98,572.0,25.29,4607.4,0.859,6357.0,4.405,1.072
6707260,K05318.01,,FALSE POSITIVE,13.4256161,11.781,142.3,1.66,987.0,224.45,12.5,0.5971,6686.0,4.283,1.332
6718474,K05319.01,,FALSE POSITIVE,590.44065,7.55,125.7,1.62,291.0,1.7,6.9,0.2858,6782.0,4.243,1.417
2711123,K04953.01,,FALSE POSITIVE,2.858879267,2.3753,644.5,515.07,3638.0,41379.77,37.1,1.262,4893.0,2.501,16.274
2833632,K04954.01,,FALSE POSITIVE,241.647602,1.742,361.7,1.88,300.0,1.92,5.6,0.0404,5962.0,4.445,0.989
2987433,K04959.01,,FALSE POSITIVE,420.92920358,17.3985,86013.1,62.76,293.0,1.74,1740.2,1.033,6461.0,4.319,1.197
4732137,K05077.01,,FALSE POSITIVE,393.946106,6.012,747.5,18.07,440.0,8.83,10.9,0.9691,4888.0,3.18,4.622
4736439,K05078.01,,FALSE POSITIVE,194.896925,2.504,557.4,8.98,575.0,25.77,8.8,0.5298,5269.0,3.193,3.706
4741777,K05081.01,,FALSE POSITIVE,101.928291,2.171,243.5,1.7,391.0,5.55,6.3,0.1628,5489.0,4.339,1.11
4750406,K05082.01,,FALSE POSITIVE,379.63135,16.78,1036.2,1.67,168.0,0.19,13.8,0.1257,4847.0,4.755,0.527
4760478,K05084.01,Kepler-1625 b,CONFIRMED,287.377314,18.821,4376.9,11.67,350.0,3.56,60.4,0.015,5548.0,3.964,1.793
5794687,K05203.01,,FALSE POSITIVE,367.72767,3.104,926.0,1.96,184.0,0.27,5.8,0.2729,4869.0,4.648,0.657
5817712,K05204.01,,FALSE POSITIVE,4.20601251,6.82,106.7,0.82,1004.0,239.82,10.7,0.304,5514.0,4.518,0.79
5858519,K05206.01,,FALSE POSITIVE,4.18236124,6.70175,193983.0,69.37,1303.0,680.56,2666.0,0.809,6188.0,4.314,1.166
5869272,K05208.01,,FALSE POSITIVE,186.59466,16.57,685.0,2.66,338.0,3.07,8.8,0.1328,6163.0,4.461,1.013
5905728,K05209.01,,FALSE POSITIVE,7.87173698,2.619,34.7,0.54,862.0,130.96,10.8,0.001,5428.0,4.404,0.94
6762188,K05323.01,,FALSE POSITIVE,7.155547398,4.5711,2568.8,48.93,2049.0,4166.27,124.6,0.883,4992.0,2.947,8.052
6766583,K05325.01,,FALSE POSITIVE,63.024229,5.77,294.6,1.5,424.0,7.66,6.1,0.0223,5691.0,4.544,0.887
6767337,K05326.01,,FALSE POSITIVE,506.771836,10.535,195.2,1.8,275.0,1.35,15.0,0.1643,6035.0,4.177,1.283
3003673,K04962.01,,FALSE POSITIVE,57.1143966,2.182,268.8,1.82,523.0,17.64,5.9,0.1765,6136.0,4.378,1.106
3117115,K04964.01,,FALSE POSITIVE,485.91276,2.42,1368.0,3.61,230.0,0.66,7.0,0.598,5957.0,4.506,0.937
3120397,K04965.01,,FALSE POSITIVE,20.5311708,5.67,284.6,1.39,568.0,24.52,9.8,0.547,5398.0,4.58,0.805
3222680,K04966.01,,FALSE POSITIVE,2.31164074,2.317,488.7,39.73,4074.0,65140.27,24.6,0.252,4883.0,2.439,18.427
4769799,K05086.01,,FALSE POSITIVE,21.92866538,9.7526,22178.4,65.97,983.0,220.41,664.6,0.931,5001.0,3.469,3.028
4814168,K05089.01,,FALSE POSITIVE,545.54618,6.944,177.7,2.01,296.0,1.82,9.0,0.4307,6432.0,4.145,1.476
4815612,K05090.01,,FALSE POSITIVE,1.928420823,3.8253,191238.0,79.4,1882.0,2960.96,438.3,0.818,6615.0,4.257,1.326
4819158,K05091.01,,FALSE POSITIVE,328.84846,5.45,901.0,2.23,219.0,0.54,6.0,0.5355,5382.0,4.603,0.724
5949765,K05212.01,,FALSE POSITIVE,426.34444,14.139,90.2,1.33,314.0,2.29,9.7,0.032,6395.0,4.17,1.394
5956038,K05214.01,,FALSE POSITIVE,256.846143,6.289,1706.0,46743.4,506.0,15.52,14.9,99.85,5208.0,3.321,4.329
5963591,K05215.01,,FALSE POSITIVE,146.931518,23.78,257.0,2.89,395.0,5.78,19.3,0.99,6237.0,4.338,1.135
6947062,K05338.01,,FALSE POSITIVE,309.19347,23.51,1445.0,3.07,236.0,0.73,6.5,0.1186,5504.0,4.572,0.819
6948815,K05339.01,,FALSE POSITIVE,1.541530919,4.8691,213262.0,115.49,2689.0,12320.99,601.5,0.759,7631.0,4.059,1.937
6952570,K05340.01,,FALSE POSITIVE,122.713036,3.999,290.7,1.79,393.0,5.66,6.5,0.5737,6244.0,4.46,1.009
7013635,K05343.01,,FALSE POSITIVE,290.625016,4.411,147.6,2.86,375.0,4.67,10.3,0.0854,5195.0,3.735,2.409
3240049,K04968.01,,FALSE POSITIVE,2.945414866,2.702,968.7,38.32,3531.0,36765.85,47.5,0.002,4403.0,2.178,12.927
3245638,K04970.01,,FALSE POSITIVE,232.822285,0.99,22617.0,48.88,305.0,2.05,8.8,1.2469,6106.0,4.487,0.966
3329985,K04971.01,,FALSE POSITIVE,146.355097,5.034,820.0,0.82,135.0,0.08,6.0,0.0515,3401.0,4.964,0.29
3341760,K04973.01,,FALSE POSITIVE,0.523493764,0.9015,54.0,1.82,3565.0,38110.61,23.5,0.083,6122.0,3.791,2.455
3341982,K04974.01,,FALSE POSITIVE,514.14221,4.153,1491.0,2.98,198.0,0.36,5.8,0.1024,5524.0,4.579,0.78
4840327,K05093.01,,FALSE POSITIVE,26.737139497,4.68919,53516.1,29.28,655.0,43.59,4731.1,0.734,5794.0,4.317,1.155
4843751,K05094.01,,FALSE POSITIVE,310.61299,2.562,920.0,3.04,279.0,1.43,6.5,0.1879,6063.0,4.47,1.001
4856592,K05095.01,,FALSE POSITIVE,461.1417,3.875,382.0,7.1,410.0,6.7,9.4,0.0046,5071.0,3.222,3.698
4863260,K05096.01,,FALSE POSITIVE,0.987069622,1.0092,384.8,2.43,2232.0,5878.09,2.5,0.2,6602.0,4.354,1.223
4902673,K05097.01,,FALSE POSITIVE,329.71491,12.11,337.0,1.39,232.0,0.68,6.0,0.0651,5576.0,4.56,0.758
4914399,K05100.01,,FALSE POSITIVE,1.23708565,5.743,803.8,36.31,2174.0,5293.07,55.3,1.222,6556.0,4.243,1.324
5967194,K05217.01,,FALSE POSITIVE,498.24938,8.73,522.6,14.02,441.0,8.95,11.8,0.1282,4949.0,3.136,6.334
5980354,K05218.01,,FALSE POSITIVE,1.573020098,15.574,292.2,31.6,2113.0,4693.57,195.5,1.184,6770.0,4.232,1.449
5986270,K05220.01,,FALSE POSITIVE,1.534679933,1.7237,456.6,18.39,3570.0,38505.56,64.6,0.108,4965.0,2.863,8.834
5989391,K05221.01,,FALSE POSITIVE,71.59889,10.53,654.0,4.49,645.0,40.96,5.7,0.6496,6637.0,4.014,1.662
3439031,K04980.01,,FALSE POSITIVE,2.976012511,6.52033,449091.0,79.99,1476.0,1119.89,3630.4,0.444,6572.0,4.408,1.08
3449540,K04982.01,,FALSE POSITIVE,1.606003121,4.88602,402550.0,360.08,3359.0,30041.73,4679.3,0.496,5297.0,2.909,5.059
3449870,K04983.01,,FALSE POSITIVE,61.438007,3.861,253.0,14.79,1020.0,255.93,9.0,0.754,5080.0,2.967,8.527
4917357,K05102.01,,FALSE POSITIVE,147.863607,1.948,560.0,2.03,305.0,2.05,6.6,0.2482,5485.0,4.556,0.867
4927738,K05105.01,,FALSE POSITIVE,19.545185,1.597,40.2,0.76,790.0,92.09,5.4,0.5474,6273.0,4.311,1.16
4937140,K05106.01,,FALSE POSITIVE,215.044269,3.517,351.1,1.89,306.0,2.07,8.7,0.121,5651.0,4.374,1.02
4945035,K05108.01,,FALSE POSITIVE,1.174683069,2.5167,356.4,3.06,1901.0,3076.92,87.5,0.98,5974.0,4.332,1.143
6033602,K05225.01,,FALSE POSITIVE,33.2948005,2.997,215.7,1.46,600.0,30.67,6.6,0.03,6217.0,4.472,0.989
6047853,K05232.01,,FALSE POSITIVE,476.39752,12.13,287.8,1.82,261.0,1.09,11.1,0.2293,6300.0,4.401,1.064
3459529,K04984.01,,FALSE POSITIVE,231.364508,4.747,1488.0,2.45,202.0,0.4,9.2,0.6598,4691.0,4.673,0.604
3532510,K04985.01,,FALSE POSITIVE,106.779168,1.905,163.0,1.94,555.0,22.43,6.3,0.0246,7158.0,4.21,1.494
3542117,K04987.01,,FALSE POSITIVE,12.5748872,3.549,731.0,1.03,349.0,3.49,7.8,0.035,3552.0,4.867,0.387
3542928,K04988.01,,FALSE POSITIVE,484.172005,4.566,518.2,2.38,235.0,0.72,11.3,0.3737,5858.0,4.456,1.04
3545749,K04989.01,,FALSE POSITIVE,277.77499,7.07,1078.0,2.48,216.0,0.52,9.2,0.6035,4949.0,4.561,0.73
3546821,K04990.01,,FALSE POSITIVE,561.08191,14.94,229.1,1.93,255.0,1.0,9.8,0.4298,6014.0,4.264,1.258
4946581,K05109.01,,FALSE POSITIVE,28.615014,24.74,70.5,1.69,783.0,88.66,13.5,0.505,5562.0,3.925,1.987
4996558,K05111.01,,FALSE POSITIVE,3.017155419,13.3898,1381.8,38.71,1486.0,1155.07,223.5,1.231,5893.0,4.175,1.302
5008775,K05113.01,,FALSE POSITIVE,52.6727624,3.039,248.0,1.64,521.0,17.45,6.7,0.1764,6184.0,4.448,1.038
5015027,K05114.01,,FALSE POSITIVE,34.4886903,1.22,59.9,0.71,524.0,17.87,6.3,0.5544,5629.0,4.487,0.886
5016163,K05115.01,,FALSE POSITIVE,2.6228301,7.29719,409714.0,70.62,1403.0,917.98,5312.7,0.488,6233.0,4.472,0.988
5024476,K05116.01,,FALSE POSITIVE,222.068928,1.938,643.0,29.97,782.0,88.22,6.7,0.1522,5221.0,2.766,12.042
6058896,K05233.01,,FALSE POSITIVE,0.56493398,2.4385,2067.0,30.51,2206.0,5609.14,166.0,1.26,5808.0,4.402,0.898
6062298,K05234.01,,FALSE POSITIVE,246.12174,18.0,6847.0,7233.87,291.0,1.68,9.2,67.193,5780.0,4.438,1.0
6065010,K05235.01,,FALSE POSITIVE,159.05846,10.08,194.3,1.54,376.0,4.73,6.3,0.7004,6365.0,4.411,1.033
6116605,K05238.01,,FALSE POSITIVE,419.21314,6.385,2084.0,5.06,243.0,0.83,9.6,0.9597,5780.0,4.438,1.0
6118840,K05239.01,,FALSE POSITIVE,350.98474,14.49,600.0,1.97,228.0,0.63,10.8,0.0886,5473.0,4.537,0.816
6129632,K05240.01,,FALSE POSITIVE,298.4688,3.748,315.4,11.33,554.0,22.32,10.6,0.1765,5189.0,3.12,6.491
3555178,K04994.01,,FALSE POSITIVE,528.10984,18.01,89.8,0.77,201.0,0.39,8.4,0.2535,5618.0,4.566,0.811
3644399,K04997.01,,FALSE POSITIVE,119.669671,20.67,421.9,2.21,413.0,6.88,14.2,0.332,6382.0,4.432,1.059
3644649,K04998.01,,FALSE POSITIVE,598.31791,16.07,283.2,1.27,173.0,0.21,8.3,0.5712,5216.0,4.613,0.735
5037742,K05120.01,,FALSE POSITIVE,250.4858,12.72,674.6,2.1,246.0,0.86,13.2,0.3157,5377.0,4.581,0.814
5039053,K05121.01,,FALSE POSITIVE,401.38712,32.21,166.2,2.04,303.0,1.98,18.6,0.666,5858.0,4.12,1.498
5080565,K05122.01,,FALSE POSITIVE,49.312677,4.057,1713.0,2.84,342.0,3.22,6.6,0.5998,4541.0,4.608,0.666
5091808,K05123.01,,FALSE POSITIVE,288.94276,11.43,160.6,1.05,265.0,1.16,6.7,0.2515,5786.0,4.463,0.827
6139220,K05241.01,,FALSE POSITIVE,273.6857427,8.3881,15350.5,37.15,367.0,4.27,202.3,1.006,6033.0,4.071,1.65
6143819,K05242.01,,FALSE POSITIVE,28.1117095,1.689,119.4,1.19,599.0,30.39,6.5,0.1158,5780.0,4.438,1.0
6145939,K05243.01,,FALSE POSITIVE,17.745456135,4.0678,80258.0,116.14,1106.0,353.47,272.2,1.049,6337.0,3.826,2.216
6149980,K05244.01,,FALSE POSITIVE,603.3102,8.025,517.9,2.6,250.0,0.92,11.9,0.3142,6446.0,4.391,1.125
6184894,K05245.01,Kepler-1627 b,CONFIRMED,7.20281185,2.8305,1832.6,3.06,794.0,93.79,49.4,0.028,5388.0,4.56,0.717
6195792,K05246.01,,FALSE POSITIVE,36.4772788,2.092,463.0,1.65,427.0,7.89,5.8,0.5298,4910.0,4.545,0.755
3730176,K05002.01,,FALSE POSITIVE,399.49671,5.351,139.3,1.39,286.0,1.59,6.9,0.0814,6224.0,4.321,1.177
3755522,K05005.01,,FALSE POSITIVE,251.958533,4.742,204.1,1.4,291.0,1.69,15.3,0.005,5870.0,4.449,0.985
5105886,K05125.01,,FALSE POSITIVE,389.169027,3.759,513.3,15.36,519.0,17.15,7.7,0.2117,5075.0,3.031,6.918
5113146,K05127.01,,FALSE POSITIVE,18.78970984,4.13997,40789.1,44.01,752.0,75.6,488.7,1.172,6477.0,4.439,0.884
5130563,K05128.01,,FALSE POSITIVE,0.915782856,2.24,301.0,32.86,2307.0,6663.73,7.7,1.209,6318.0,4.256,1.333
5131276,K05129.01,,FALSE POSITIVE,0.66882716,1.069,68.2,124.42,13184.0,7165673.12,6.2,0.514,3711.0,0.652,150.091
5174677,K05131.01,,FALSE POSITIVE,43.5428781,3.6768,5447.0,17.47,688.0,53.04,52.1,0.984,6669.0,4.224,1.427
6205384,K05250.01,,FALSE POSITIVE,3.72273683,8.552,37.8,0.52,1104.0,350.89,14.7,0.52,5898.0,4.567,0.819
6205405,K05251.01,,FALSE POSITIVE,3.7229369,10.57,65.2,0.46,591.0,28.81,18.6,0.896,3724.0,4.767,0.48
6206470,K05252.01,,FALSE POSITIVE,1.80455062,2.166,39.7,0.65,1577.0,1457.85,12.5,0.348,6006.0,4.41,1.019
6263468,K05253.01,,FALSE POSITIVE,10.1955065,2.447,221.4,1.02,661.0,45.18,7.0,0.5396,5182.0,4.601,0.666
6277594,K05255.01,,FALSE POSITIVE,3.66115536,14.807,34.3,0.81,1466.0,1093.71,27.8,0.676,6356.0,4.241,1.308
9002278,K00701.04,Kepler-62 f,CONFIRMED,267.282521,7.788,471.9,1.43,207.0,0.44,19.3,0.378,4926.0,4.653,0.662
6026438,K02045.03,Kepler-354 c,CONFIRMED,16.9348104,3.408,346.3,1.31,508.0,15.77,11.5,0.471,4650.0,4.589,0.706
3836450,K05010.01,,FALSE POSITIVE,1.540399732,1.63,57.6,0.58,1312.0,700.19,14.8,0.106,5160.0,4.518,0.784
3836509,K05011.01,,FALSE POSITIVE,1.540389045,1.8325,485.7,32.54,4379.0,86889.72,48.6,0.136,4964.0,2.562,15.155
3836522,K05012.01,,FALSE POSITIVE,1.540393027,1.75,526.2,2.17,1502.0,1200.85,72.1,0.343,5466.0,4.396,0.946
3846515,K05013.01,,FALSE POSITIVE,0.888045184,2.1961,90.6,2.04,2870.0,15984.12,26.6,0.491,6316.0,3.908,2.087
5179609,K05132.01,,FALSE POSITIVE,43.9311596,12.9395,9304.4,58.37,902.0,156.74,1070.3,0.855,4888.0,3.257,5.132
5181086,K05133.01,,FALSE POSITIVE,494.62409,8.36,307.0,1.04,145.0,0.11,6.0,0.4064,4302.0,4.647,0.604
5199426,K05138.01,,FALSE POSITIVE,78.60436061,4.65559,78104.0,34.8,438.0,8.68,2384.6,0.828,5938.0,4.427,0.985
5211631,K05139.01,,FALSE POSITIVE,294.202469,2.36,248.2,2.61,401.0,6.09,5.2,0.0219,6897.0,4.121,1.635
6281127,K05256.01,,FALSE POSITIVE,588.10504,15.474,326.6,1.77,231.0,0.67,11.0,0.3168,6214.0,4.457,0.965
6285906,K05257.01,,FALSE POSITIVE,116.170346,2.656,435.2,1.68,320.0,2.49,6.0,0.6637,5510.0,4.594,0.762
6287131,K05258.01,,FALSE POSITIVE,452.30053,5.918,809.0,2.29,199.0,0.37,7.7,0.6613,5396.0,4.599,0.766
6289459,K05259.01,,FALSE POSITIVE,39.5931053,2.306,156.6,1.22,546.0,21.06,5.7,0.0044,6046.0,4.486,0.972
6289897,K05260.01,,FALSE POSITIVE,1.55935718,2.892,49.7,1.39,2389.0,7676.02,17.9,0.568,6475.0,3.921,1.9
6290467,K05261.01,,FALSE POSITIVE,100.629443,1.708,355.7,1.75,412.0,6.84,4.7,0.0726,6351.0,4.513,0.921
6342980,K05263.01,,FALSE POSITIVE,273.169948,2.701,283.3,2.8,362.0,4.08,6.2,0.3259,5880.0,4.035,1.65
8753896,K02473.03,Kepler-389 c,CONFIRMED,14.5123622,4.163,355.8,2.08,636.0,38.6,11.8,0.927,5094.0,4.469,0.87
4150611,K03156.02,,FALSE POSITIVE,1.434200327,5.968,3097.3,44.76,2410.0,7985.65,39.1,1.208,6911.0,4.038,1.501
4150611,K03156.03,,FALSE POSITIVE,8.653098686,3.9071,60715.0,77.15,1324.0,725.95,262.6,1.11,6911.0,4.038,1.501
4909707,K03175.01,,FALSE POSITIVE,2.302365255,23.88,62160.0,63.06,1568.0,1429.81,468.4,1.1,5948.0,4.269,1.229
7919516,K07857.01,,FALSE POSITIVE,0.575445783,0.8463,29.3,1.3,3478.0,34528.16,3.2,0.144,6215.0,3.802,2.396
6850665,K03244.01,,FALSE POSITIVE,214.715417,34.146,5211.2,71.79,602.0,31.0,161.3,0.981,5022.0,3.06,5.826
4948730,K03272.01,,FALSE POSITIVE,23.0295222,7.96,548.2,20.81,645.0,40.87,27.7,1.173,5877.0,4.445,0.959
3848665,K05014.01,,FALSE POSITIVE,359.04147,14.04,3658.0,27.1,181.0,0.25,11.2,1.28,4596.0,4.59,0.696
3848919,K05015.01,,FALSE POSITIVE,0.52363021,3.45121,367102.0,52.26,1940.0,3324.98,1948.2,0.549,5407.0,4.535,0.745
3848948,K05016.01,,FALSE POSITIVE,0.523632451,1.99,8.1,1.08,5313.0,188657.97,13.9,0.738,8277.0,3.693,3.518
3852865,K05017.01,,FALSE POSITIVE,492.25299,5.077,372.7,1.8,224.0,0.59,11.6,0.226,5755.0,4.478,0.936
3854101,K05018.01,,FALSE POSITIVE,293.5056071,3.4075,6824.0,48.59,265.0,1.16,51.0,1.341,5455.0,4.381,1.006
3858926,K05019.01,,FALSE POSITIVE,25.95247,12.945,80.8,1.56,946.0,189.06,16.4,0.4398,7351.0,4.17,1.679
3859890,K05020.01,,FALSE POSITIVE,4.34573349,2.246,73.5,0.86,1151.0,415.52,9.7,0.512,5967.0,4.43,0.976
5213811,K05141.01,,FALSE POSITIVE,288.285213,5.343,378.1,2.2,312.0,2.25,11.5,0.0503,6171.0,4.337,1.127
5262539,K05144.01,,FALSE POSITIVE,491.08027,7.42,335.6,1.86,241.0,0.79,7.9,0.4169,5931.0,4.396,0.997
5263802,K05145.01,,FALSE POSITIVE,3.350209754,4.43333,28325.4,1447.13,1656.0,1777.46,671.1,9.666,6657.0,4.181,1.501
5265982,K05146.01,,FALSE POSITIVE,628.592314,3.603,393.7,6.99,323.0,2.57,7.6,0.8176,5058.0,3.497,3.117
5271637,K05147.01,,FALSE POSITIVE,471.37787,16.91,102.9,1.31,267.0,1.2,12.2,0.0666,5831.0,4.236,1.305
6347434,K05265.01,,FALSE POSITIVE,425.22927,6.76,829.0,1.4,125.0,0.06,6.4,0.1812,3803.0,4.755,0.492
6364064,K05271.01,,FALSE POSITIVE,5.24331899,11.137,106.8,0.83,875.0,138.45,20.1,0.778,5430.0,4.613,0.735
11177676,K03281.01,Kepler-1454 b,CONFIRMED,47.0320478,5.892,367.8,1.98,492.0,13.83,13.7,0.161,5370.0,4.337,1.055
4936990,K03290.01,,FALSE POSITIVE,10.31453308,3.6641,2004.1,29.6,885.0,144.83,71.6,1.276,6335.0,4.455,0.837
7130418,K03317.01,,FALSE POSITIVE,15.52861675,2.131,500.0,1.96,685.0,51.98,17.3,0.113,5750.0,4.538,0.882
12208887,K03333.01,,FALSE POSITIVE,53.501860974,5.25334,456778.0,55.23,409.0,6.63,1363.9,0.431,5436.0,4.587,0.748
10711551,K03359.01,,FALSE POSITIVE,10.692230094,5.46939,376651.0,65.42,836.0,115.48,2402.0,0.528,6022.0,4.49,0.941
7919867,K07858.01,,FALSE POSITIVE,1.60375114,1.498,51.0,0.82,1688.0,1918.63,9.4,0.54,5818.0,4.292,1.116
11081512,K03364.01,,FALSE POSITIVE,15.7397651,3.297,287.7,1.18,536.0,19.54,11.2,0.077,4733.0,4.569,0.723
3867593,K05023.01,,FALSE POSITIVE,73.3377984,9.029,114900.0,73.06,601.0,30.85,155.5,0.978,7276.0,4.318,1.321
3941219,K05024.01,,FALSE POSITIVE,282.159571,5.069,196.3,3.09,443.0,9.13,14.2,0.5987,6677.0,3.92,2.108
3953106,K05025.01,,FALSE POSITIVE,6.58729511,8.3582,127965.0,58.09,1152.0,416.15,304.2,0.723,5619.0,4.07,1.406
3953212,K05026.01,,FALSE POSITIVE,459.23193,17.722,418.7,2.64,265.0,1.17,19.5,0.8765,6067.0,4.307,1.116
3962728,K05028.01,,FALSE POSITIVE,25.9493253,12.17,354.5,1.04,409.0,6.62,13.1,0.655,4835.0,4.758,0.526
3965326,K05029.01,,FALSE POSITIVE,212.76701,12.8,74.3,1.08,354.0,3.71,6.8,0.3531,6098.0,4.286,1.245
9265521,K05646.01,,FALSE POSITIVE,386.62189,17.72,193.2,1.44,267.0,1.21,12.3,0.1616,6085.0,4.412,1.033
9268456,K05647.01,,FALSE POSITIVE,84.644104,48.182,512.0,34.61,1254.0,584.49,33.5,0.178,5229.0,2.486,15.517
9271739,K05648.01,,FALSE POSITIVE,575.95408,8.618,1210.0,2.92,194.0,0.33,11.4,0.0868,5398.0,4.508,0.854
9274431,K05650.01,,FALSE POSITIVE,117.844963,1.951,1043.0,2.52,308.0,2.13,6.6,0.4594,5317.0,4.595,0.769
10189542,K05773.01,,FALSE POSITIVE,24.614775,2.395,229.4,1.28,574.0,25.69,10.5,0.089,5654.0,4.536,0.849
10191056,K05774.01,,FALSE POSITIVE,1.21374744,5.79293,185129.0,96.19,2441.0,8380.25,8755.2,0.831,6791.0,4.137,1.619
10201891,K05777.01,,FALSE POSITIVE,372.30881,3.874,535.2,2.09,249.0,0.91,14.9,0.1243,5966.0,4.519,0.904
10208477,K05778.01,,FALSE POSITIVE,454.244158,3.399,241.0,2.93,356.0,3.8,9.9,0.0033,6446.0,3.935,1.874
10222603,K05779.01,,FALSE POSITIVE,112.48226,1.923,195.7,1.37,386.0,5.23,5.2,0.5181,6089.0,4.495,0.95
7592339,K05401.01,,FALSE POSITIVE,229.948531,1.813,154.2,1.09,301.0,1.93,6.1,0.35,6225.0,4.537,0.861
7599004,K05403.01,,FALSE POSITIVE,2.41172358,2.6311,3364.7,50.53,1706.0,1997.33,108.6,1.281,6363.0,4.22,1.332
8507073,K05527.01,,FALSE POSITIVE,209.06299275,10.0389,250913.0,72.26,329.0,2.77,3295.6,0.823,6130.0,4.42,1.024
8509781,K05529.01,,FALSE POSITIVE,70.335879746,4.65625,24418.4,29.56,455.0,10.1,2148.6,1.04,6081.0,4.478,0.966
8510197,K05530.01,,FALSE POSITIVE,591.37382,4.35,245.0,2.2,289.0,1.65,10.7,0.1609,6609.0,4.183,1.391
8516349,K05531.01,,FALSE POSITIVE,559.28332,4.245,1360.0,2.54,150.0,0.12,6.7,0.3058,4386.0,4.586,0.709
8542879,K05534.01,,FALSE POSITIVE,136.355967,3.17,165.1,1.42,380.0,4.93,6.3,0.6066,6077.0,4.408,1.058
9306677,K05655.01,,FALSE POSITIVE,532.9307,3.89,181.4,4.68,498.0,14.53,5.3,0.4579,7872.0,3.698,3.373
9357578,K05658.01,,FALSE POSITIVE,171.69799,2.904,878.0,39.78,878.0,140.73,7.7,0.2266,5033.0,2.645,13.679
9362842,K05659.01,,FALSE POSITIVE,444.89411,7.937,363.0,4.7,386.0,5.25,13.2,0.2991,6195.0,3.753,2.439
9368524,K05661.01,,FALSE POSITIVE,229.86928,12.91,1659.0,9.57,466.0,11.15,10.6,0.049,6065.0,3.763,2.344
10227881,K05780.01,,FALSE POSITIVE,5.14108479,25.93,611.2,25.74,1038.0,274.55,57.0,1.225,5893.0,4.505,0.941
10319341,K05784.01,,FALSE POSITIVE,40.1043796,3.471,187.3,1.5,591.0,28.85,9.2,0.2029,6174.0,4.374,1.089
10320341,K05786.01,,FALSE POSITIVE,30.114681501,5.68713,87057.3,56.45,639.0,39.44,2858.1,1.046,6273.0,4.442,1.044
7658229,K05409.01,,FALSE POSITIVE,36.1826854,4.2546,9471.7,56.41,635.0,38.4,124.1,1.267,5696.0,4.151,1.321
7674050,K05412.01,,FALSE POSITIVE,472.2265706,4.8732,156143.0,48.18,217.0,0.52,584.6,0.876,5763.0,4.557,0.842
7700561,K05414.01,,FALSE POSITIVE,1.507099289,4.8361,1282.0,26.56,1448.0,1037.46,142.7,1.265,5762.0,4.576,0.801
8546464,K05535.01,,FALSE POSITIVE,253.652263,3.85,26456.0,1169.79,159.0,0.15,59.9,20.7849,3960.0,4.721,0.537
8547525,K05538.01,,FALSE POSITIVE,485.57785,6.67,853.0,2.18,187.0,0.29,5.6,0.5739,5255.0,4.616,0.727
8548403,K05540.01,,FALSE POSITIVE,643.4528,9.346,585.1,2.03,192.0,0.32,10.2,0.1952,5649.0,4.553,0.845
8552607,K05542.01,,FALSE POSITIVE,1.061934307,3.211,264.8,18.7,1696.0,1958.71,70.9,1.181,5853.0,4.544,0.868
9390655,K05662.01,,FALSE POSITIVE,9.5497037,1.881,706.7,1.45,456.0,10.25,12.4,0.028,3705.0,4.683,0.569
9394762,K05664.01,,FALSE POSITIVE,77.138911,7.229,603.3,3.39,406.0,6.46,19.0,0.981,5778.0,4.531,0.911
9402670,K05667.01,,FALSE POSITIVE,0.536551592,4.89,153.2,12.88,2377.0,7584.36,26.2,1.102,6140.0,4.455,1.027
9407689,K05669.01,,FALSE POSITIVE,130.110715,2.227,251.9,1.32,343.0,3.26,6.4,0.1883,5960.0,4.561,0.828
10356840,K05788.01,,FALSE POSITIVE,242.484764,6.451,361.7,1.58,283.0,1.51,7.6,0.1785,6068.0,4.568,0.829
10399137,K05791.01,,FALSE POSITIVE,385.593209,2.799,282.9,2.37,311.0,2.2,5.6,0.5548,6205.0,4.194,1.358
10416390,K05792.01,,FALSE POSITIVE,215.737826,7.257,8476.0,8.71,231.0,0.67,36.8,0.916,4889.0,4.574,0.724
10419108,K05793.01,,FALSE POSITIVE,507.48249,8.19,232.1,1.22,189.0,0.3,9.7,0.7261,5227.0,4.541,0.744
7701809,K05415.01,,FALSE POSITIVE,30.2111162,4.202,92.6,4.44,1033.0,269.29,6.5,0.0666,5132.0,3.321,4.732
7731281,K05416.01,Kepler-1628 b,CONFIRMED,76.377855,4.809,11004.0,6.28,240.0,0.78,38.6,0.577,3869.0,4.674,0.584
7743464,K05417.01,,FALSE POSITIVE,55.249007325,5.15147,205671.0,60.79,496.0,14.25,3452.5,0.785,6063.0,4.476,1.012
7747197,K05419.01,,FALSE POSITIVE,22.52907,1.373,327.1,1.39,532.0,18.89,4.8,0.3668,5284.0,4.594,0.769
7750342,K05420.01,,FALSE POSITIVE,66.247851,4.04,666.0,16.67,925.0,172.74,8.3,0.2847,5214.0,3.109,6.519
7751133,K05421.01,,FALSE POSITIVE,370.91308,17.655,270.3,1.74,266.0,1.18,17.5,0.3443,5892.0,4.386,1.054
8560475,K05543.01,,FALSE POSITIVE,7.41505161,2.061,937.0,91.09,2815.0,14853.21,18.3,0.979,4989.0,2.442,18.266
8561192,K05544.01,,FALSE POSITIVE,2.742590902,10.4143,680398.0,176.4,1960.0,3487.05,682.9,0.473,7072.0,4.129,1.705
8575061,K05548.01,,FALSE POSITIVE,216.453511,3.321,1137.0,2.91,274.0,1.34,7.5,0.0052,5385.0,4.46,0.878
9418508,K05672.01,,FALSE POSITIVE,11.0153889,2.666,3446.0,65.27,1047.0,284.63,31.8,1.287,5515.0,3.899,1.678
9451521,K05674.01,,FALSE POSITIVE,231.521608,2.819,478.7,1.96,274.0,1.34,6.1,0.5303,5695.0,4.545,0.872
9455322,K05675.01,,FALSE POSITIVE,180.890384,1.901,205.3,2.47,480.0,12.58,5.8,0.3417,7037.0,4.136,1.683
9455526,K05676.01,,FALSE POSITIVE,60.0546149,3.435,326.1,5.24,694.0,54.88,11.8,0.3355,5242.0,3.606,2.917
10480952,K05797.01,,FALSE POSITIVE,2.037453129,5.43155,315914.0,136.3,2220.0,5752.74,6944.9,0.611,6456.0,3.906,2.056
10547378,K05802.01,,FALSE POSITIVE,35.164087,86.05,1528.9,62.03,756.0,77.33,38.3,1.227,5485.0,3.82,2.087
7800285,K05427.01,,FALSE POSITIVE,0.533000886,1.54684,4398.5,40.94,2429.0,8170.3,327.4,1.271,5934.0,4.331,1.064
7811057,K05430.01,,FALSE POSITIVE,99.97889,8.76,117.9,1.84,463.0,10.84,5.7,0.3044,5229.0,3.985,1.725
8622875,K05551.01,,FALSE POSITIVE,374.71687,52.986,1126.2,5.56,259.0,1.06,62.2,0.985,5768.0,4.375,1.009
8655076,K05555.01,,FALSE POSITIVE,42.070868,1.293,386.2,1.82,469.0,11.43,5.7,0.2878,5197.0,4.422,0.938
8671707,K05557.01,,FALSE POSITIVE,401.73243,1.535,366.4,2.88,307.0,2.09,5.8,0.0839,5938.0,4.12,1.504
8676061,K05558.01,,FALSE POSITIVE,428.1186,6.56,443.8,2.18,260.0,1.09,7.3,0.1377,6225.0,4.45,1.031
9457533,K05678.01,,FALSE POSITIVE,37.3683802,2.8,206.6,10.58,1075.0,315.59,8.8,0.8375,5101.0,3.15,6.422
9463329,K05679.01,,FALSE POSITIVE,615.81928,14.93,168.0,1.24,221.0,0.56,11.0,0.1794,6120.0,4.489,0.955
9474485,K05683.01,,FALSE POSITIVE,0.512581525,2.54719,384482.0,42.41,1541.0,1339.86,1583.7,0.505,4612.0,4.648,0.604
10551346,K05804.01,,FALSE POSITIVE,1.42796645,12.8653,6012.3,39.76,1637.0,1700.47,347.6,1.305,6099.0,4.511,0.919
7837526,K05436.01,,FALSE POSITIVE,28.297207229,3.94247,23193.1,54.15,713.0,60.99,2360.6,1.227,6327.0,4.277,1.151
7884986,K05438.01,,FALSE POSITIVE,412.227551,4.303,819.5,21.53,529.0,18.57,9.0,0.1894,5079.0,2.977,7.684
8677186,K05559.01,,FALSE POSITIVE,586.63177,7.299,199.9,1.18,189.0,0.3,8.4,0.0345,5228.0,4.471,0.854
8678345,K05560.01,,FALSE POSITIVE,364.95068,0.636,824.0,3.69,241.0,0.8,5.8,0.9571,5574.0,4.438,0.884
8715564,K05562.01,,FALSE POSITIVE,438.00974,11.46,79.2,0.73,197.0,0.36,8.6,0.8575,5260.0,4.56,0.717
8718273,K05564.01,,FALSE POSITIVE,3.479508244,3.9097,3000.4,444.46,3167.0,23775.98,195.7,1.252,4630.0,2.437,12.623
8737343,K05565.01,,FALSE POSITIVE,406.29695,5.32,136.5,1.85,315.0,2.31,10.7,0.4038,6031.0,4.103,1.566
9489348,K05686.01,,FALSE POSITIVE,3.34465934,10.796,57.6,1.17,1559.0,1396.11,24.3,0.005,5966.0,4.069,1.551
9517242,K05687.01,,FALSE POSITIVE,513.14417,14.13,223.8,1.3,208.0,0.45,7.9,0.5818,5709.0,4.557,0.837
9543302,K05691.01,,FALSE POSITIVE,13.0366377,3.184,154.6,2.23,1047.0,283.97,15.4,0.7039,6084.0,4.009,1.677
10799291,K05828.01,,FALSE POSITIVE,270.98477,6.718,13883.0,11761.1,594.0,29.44,10.7,70.1733,11068.0,4.377,1.555
10817600,K05832.01,,FALSE POSITIVE,2.74703312,2.655,152.2,61.97,2917.0,17132.06,23.1,1.17,8237.0,3.753,3.134
7885558,K05439.01,,FALSE POSITIVE,0.864651455,3.461,67.7,0.69,1720.0,2062.08,16.5,0.235,5587.0,4.556,0.851
7900450,K05441.01,,FALSE POSITIVE,25.4805211,10.701,159.0,1.25,659.0,44.67,17.7,0.186,6250.0,4.472,0.986
7900695,K05442.01,,FALSE POSITIVE,512.11636,9.557,315.4,1.47,198.0,0.36,10.9,0.5008,5492.0,4.576,0.812
7900727,K05443.01,,FALSE POSITIVE,348.61891,3.567,689.0,2.4,253.0,0.97,5.8,0.282,5911.0,4.519,0.914
7902719,K05444.01,,FALSE POSITIVE,368.70839,6.08,957.0,2.87,267.0,1.21,12.2,0.5958,6409.0,4.523,0.887
7916058,K05445.01,,FALSE POSITIVE,7.1091096,10.67,156.7,1.08,855.0,126.12,13.0,0.663,5665.0,4.568,0.82
8742270,K05567.01,,FALSE POSITIVE,397.3958488,6.1014,29825.0,64.56,280.0,1.45,395.7,1.19,5544.0,4.146,1.362
8745553,K05568.01,Kepler-1633 b,CONFIRMED,62.134919,8.711,147.5,6.71,925.0,172.96,10.6,0.827,5889.0,3.358,4.912
8747222,K05569.01,,FALSE POSITIVE,1.667482003,1.5931,545.5,15.15,3257.0,26549.71,50.2,0.052,4678.0,2.756,6.72
8766285,K05571.01,,FALSE POSITIVE,5.29730786,4.02,190.8,1.49,1044.0,281.21,13.1,0.728,5780.0,4.438,1.0
8812360,K05573.01,,FALSE POSITIVE,77.395279,5.26,437.0,6.16,646.0,41.24,7.9,0.1748,5158.0,3.541,2.995
9579072,K05693.01,,FALSE POSITIVE,612.882452,2.024,631.0,2.42,217.0,0.53,7.5,0.284,6029.0,4.494,0.956
9591728,K05695.01,,FALSE POSITIVE,11.03571773,5.62958,144955.0,70.42,991.0,227.54,959.6,0.911,6201.0,4.213,1.23
9594184,K05696.01,,FALSE POSITIVE,42.093314,4.649,886.0,2.19,407.0,6.47,7.4,0.035,4885.0,4.541,0.763
9598315,K05699.01,,FALSE POSITIVE,339.18109,5.34,157.9,1.7,332.0,2.88,11.5,0.077,6407.0,4.209,1.344
9602595,K05700.01,,FALSE POSITIVE,3.55650976,12.7364,687454.0,283.93,2353.0,7238.22,3867.7,0.622,8105.0,3.937,2.433
10616656,K05814.01,,FALSE POSITIVE,25.285232337,4.76313,63021.6,69.68,740.0,70.73,5902.4,1.208,6486.0,4.337,1.136
10661679,K05818.01,,FALSE POSITIVE,1.23138339,3.943,72.7,0.82,1648.0,1746.21,21.0,0.348,5791.0,4.505,0.958
7938499,K05448.01,,FALSE POSITIVE,7.2269859,14.241,160.3,0.79,603.0,31.23,26.2,0.561,4347.0,4.645,0.609
7941635,K05449.01,,FALSE POSITIVE,0.762724045,1.98818,9782.2,41.02,1860.0,2827.5,451.7,1.252,5313.0,4.39,0.976
7967210,K05452.01,,FALSE POSITIVE,362.49906,12.17,522.5,2.51,277.0,1.4,10.3,0.5297,6043.0,4.369,1.065
7970194,K05453.01,,FALSE POSITIVE,190.65896,35.472,552.8,2.54,281.0,1.46,18.3,0.9508,5508.0,4.549,0.835
7978202,K05454.01,Kepler-1630 b,CONFIRMED,509.997402,8.481,1267.0,2.62,182.0,0.26,35.3,0.0254,5037.0,4.54,0.756
8823893,K05575.01,,FALSE POSITIVE,1.50650036,2.762,45.4,0.81,1809.0,2520.53,15.0,0.684,6201.0,4.336,1.126
8891684,K05581.01,Kepler-1634 b,CONFIRMED,374.878133,10.556,914.6,4.27,282.0,1.49,21.9,0.626,5636.0,4.218,1.354
8904714,K05582.01,,FALSE POSITIVE,5.2362026,3.148,2019.5,75.83,1378.0,853.62,28.2,1.379,6176.0,4.112,1.631
9662475,K05703.01,,FALSE POSITIVE,247.372131,3.271,513.4,2.47,290.0,1.67,12.4,0.4257,5780.0,4.438,1.0
9705620,K05705.01,,FALSE POSITIVE,95.254421,3.379,465.4,2.2,413.0,6.89,6.1,0.3116,6063.0,4.476,1.012
9715631,K05706.01,Kepler-1636 b,CONFIRMED,425.483539,17.856,996.6,3.2,248.0,0.89,19.6,0.03,5977.0,4.473,1.022
9724993,K05708.01,,FALSE POSITIVE,7.863361238,3.42771,18156.7,22.7,1057.0,294.86,723.3,0.869,5615.0,4.136,1.4
10724569,K05823.01,,FALSE POSITIVE,0.745086745,4.29,270.0,1.29,1654.0,1775.23,61.4,0.626,5325.0,4.607,0.75
10777591,K05827.01,Kepler-1637 b,CONFIRMED,6.10968225,5.735,60.3,0.79,1093.0,337.78,18.6,0.108,6024.0,4.309,1.009
7982917,K05456.01,,FALSE POSITIVE,11.8045536,3.195,128.9,0.94,660.0,44.76,7.0,0.1533,4971.0,4.482,0.857
8016211,K05460.01,,FALSE POSITIVE,3.1748772,7.089,1741.0,8.8,1410.0,933.1,98.6,0.94,5116.0,3.994,1.619
8025718,K05462.01,,FALSE POSITIVE,371.18648,19.929,317.9,2.06,291.0,1.68,18.1,0.0845,6231.0,4.34,1.152
8935352,K05584.01,,FALSE POSITIVE,10.90962154,17.8024,499921.0,149.1,1127.0,381.27,2345.1,0.146,5323.0,3.714,2.064
8939211,K05586.01,,FALSE POSITIVE,27.0779813,138.54,347.5,2.03,597.0,29.98,139.4,0.957,5906.0,4.467,0.85
8939650,K05587.01,,FALSE POSITIVE,1.827660875,3.986,46676.8,42.1,1664.0,1811.72,890.3,1.026,6352.0,4.427,1.072
8949512,K05589.01,,FALSE POSITIVE,376.554588,3.182,481.0,2.0,247.0,0.88,5.4,0.0963,5926.0,4.519,0.913
8955741,K05590.01,,FALSE POSITIVE,538.4263,12.751,242.0,3.2,322.0,2.53,16.2,0.3917,5962.0,3.882,2.028
9775475,K05711.01,,FALSE POSITIVE,78.4286313,3.7368,83303.0,85.77,425.0,7.74,112.6,1.388,5780.0,4.438,1.0
9780149,K05713.01,,FALSE POSITIVE,2.53021,21.79,367.9,41.44,1543.0,1338.82,24.2,1.275,5780.0,4.178,1.296
9786017,K05714.01,,FALSE POSITIVE,2.249000963,9.6022,58776.2,59.61,2126.0,4838.14,1159.5,0.68,6025.0,3.8,2.293
10879247,K05838.01,,FALSE POSITIVE,432.074696,4.763,1088.0,2.39,193.0,0.32,7.6,0.1559,5183.0,4.608,0.739
10905641,K05840.01,,FALSE POSITIVE,460.77905,15.541,239.3,4.24,387.0,5.32,12.7,0.324,6126.0,3.731,2.717
10920086,K05841.01,,FALSE POSITIVE,3.21318517,15.47,2046.1,8.24,1710.0,2017.35,662.9,0.924,6712.0,4.159,1.513
8029848,K05463.01,,FALSE POSITIVE,1.20608769,2.2272,1660.6,44.46,1941.0,3353.78,66.9,1.253,5657.0,4.186,1.355
8035322,K05464.01,,FALSE POSITIVE,613.82905,18.18,148.2,2.85,307.0,2.1,10.2,0.2616,5636.0,3.809,2.357
8036863,K05465.01,,FALSE POSITIVE,476.80454,10.65,143.6,1.12,227.0,0.63,5.7,0.5619,5806.0,4.473,0.901
8037038,K05466.01,Kepler-1631 b,CONFIRMED,4.09513876,2.462,181.7,1.75,1122.0,374.3,11.6,0.97,5858.0,4.495,0.963
8043968,K05469.01,,FALSE POSITIVE,0.779615874,3.932,81.5,0.83,1847.0,2735.51,22.0,0.699,5764.0,4.548,0.863
8975776,K05593.01,,FALSE POSITIVE,224.469892,2.952,458.6,2.35,323.0,2.58,5.5,0.2691,5911.0,4.337,1.091
8979500,K05594.01,,FALSE POSITIVE,113.556471,2.383,278.7,6.76,651.0,42.48,7.6,0.1828,4842.0,3.167,4.164
9003126,K05595.01,,FALSE POSITIVE,208.02789,10.82,255.0,1.04,196.0,0.35,8.8,0.6065,4285.0,4.63,0.632
9008125,K05596.01,,FALSE POSITIVE,308.024953,2.665,352.6,3.55,345.0,3.35,10.2,0.3366,5220.0,3.808,1.887
9838414,K05717.01,,FALSE POSITIVE,1.33261458,5.161,1335.3,3.65,1208.0,505.52,17.5,0.936,4611.0,4.551,0.76
9845362,K05720.01,,FALSE POSITIVE,105.895315,2.581,1227.0,2.69,323.0,2.58,7.0,0.093,5271.0,4.548,0.781
9845931,K05721.01,,FALSE POSITIVE,61.224558,4.103,544.2,2.76,525.0,17.89,9.7,0.571,6343.0,4.408,1.14
9847239,K05722.01,,FALSE POSITIVE,28.507877538,3.13331,24372.3,27.79,613.0,33.32,449.0,1.025,6131.0,4.497,0.945
9848760,K05723.01,,FALSE POSITIVE,444.46522,0.767,4084.0,30.17,189.0,0.3,9.0,1.2803,5134.0,4.609,0.746
9850843,K05724.01,,FALSE POSITIVE,8.48039,6.134,133.7,1.23,969.0,208.42,12.0,0.008,6193.0,4.434,1.067
7019580,K05345.01,,FALSE POSITIVE,72.0153825,2.548,177.7,6.94,783.0,88.86,6.8,0.6038,5099.0,3.299,5.032
7022603,K05346.01,,FALSE POSITIVE,21.12752693,2.253,51.8,20.93,2349.0,7200.22,18.4,0.157,4024.0,1.672,30.882
7024045,K05347.01,,FALSE POSITIVE,23.9341825,1.607,228.1,1.03,432.0,8.27,6.5,0.0465,4415.0,4.58,0.715
7035812,K05348.01,,FALSE POSITIVE,87.775799,1.862,450.0,2.44,409.0,6.61,6.3,0.8114,5604.0,4.375,1.025
7047299,K05351.01,,FALSE POSITIVE,35.882272887,3.95004,101231.0,35.21,512.0,16.3,3096.9,0.858,5840.0,4.57,0.812
8075618,K05471.01,,FALSE POSITIVE,8.780603773,3.16989,90027.8,52.34,775.0,85.17,1406.9,1.127,5487.0,4.563,0.832
8105398,K05475.01,Kepler-1632 b,CONFIRMED,224.150923,12.455,348.6,2.41,369.0,4.4,34.2,0.019,6072.0,4.133,1.286
8106139,K05477.01,,FALSE POSITIVE,551.49832,40.92,1874.4,4.89,215.0,0.51,37.0,0.9478,5926.0,4.532,0.887
8108437,K05478.01,,FALSE POSITIVE,351.2878737,11.2066,134634.0,38.47,252.0,0.96,1002.8,0.712,5911.0,4.519,0.914
9024568,K05601.01,,FALSE POSITIVE,124.091252,2.172,281.4,1.3,305.0,2.04,5.7,0.031,5275.0,4.571,0.792
9875101,K05726.01,,FALSE POSITIVE,212.771978,2.115,1239.0,2.84,255.0,1.0,6.9,0.2065,5122.0,4.505,0.824
9896438,K05728.01,,FALSE POSITIVE,18.0766788,3.06,28831.0,19.47,694.0,54.73,26.6,0.822,5780.0,4.438,1.0
9899514,K05729.01,,FALSE POSITIVE,1.33255577,4.282,126.5,0.97,1420.0,961.41,15.4,0.199,5122.0,4.469,0.881
9899607,K05730.01,,FALSE POSITIVE,1.33259275,4.014,79.1,0.97,1703.0,1983.27,15.9,0.833,6091.0,4.487,0.967
9908486,K05731.01,,FALSE POSITIVE,36.6092739,1.835,1102.0,52.42,1623.0,1640.55,7.6,0.26,4770.0,2.319,16.114
7107567,K05353.01,,FALSE POSITIVE,0.812592362,1.5646,6945.8,25.84,2912.0,16928.43,226.6,1.007,7117.0,4.153,1.64
7109680,K05354.01,,FALSE POSITIVE,81.871309,1.606,98.2,1.12,480.0,12.59,5.4,0.1996,6343.0,4.375,1.115
7115671,K05355.01,,FALSE POSITIVE,0.566805859,3.835,61.1,1.25,2858.0,15850.69,21.5,0.724,6413.0,4.203,1.494
7123614,K05357.01,,FALSE POSITIVE,520.58269,2.264,348.0,1.94,244.0,0.83,6.0,0.045,6210.0,4.45,1.033
8155368,K05481.01,,FALSE POSITIVE,0.718643659,2.51246,124930.0,50.85,2002.0,3813.75,575.0,0.922,5853.0,4.483,0.934
8179747,K05483.01,,FALSE POSITIVE,17.946328114,8.15905,102994.0,66.65,845.0,120.63,3497.6,0.774,5228.0,3.906,1.722
8192427,K05484.01,,FALSE POSITIVE,204.818268,1.93,303.6,5.18,525.0,17.9,5.4,0.346,6060.0,3.65,2.93
9049550,K05606.01,,FALSE POSITIVE,23.81490574,1.9948,79201.0,63.1,847.0,121.57,444.4,0.772,5421.0,3.79,1.89
9049697,K05607.01,,FALSE POSITIVE,1.3274511,3.465,123.6,0.66,1009.0,243.87,16.6,0.245,4137.0,4.646,0.61
9087071,K05611.01,,FALSE POSITIVE,209.238576,2.245,154.7,1.43,354.0,3.72,5.4,0.2683,6302.0,4.345,1.135
9911112,K05733.01,,FALSE POSITIVE,1.166835206,2.17596,15527.2,96.28,3457.0,33728.08,388.6,1.257,8982.0,4.111,2.123
9934274,K05735.01,,FALSE POSITIVE,4.99471597,3.44,53.0,2.2,1861.0,2836.06,14.1,0.698,6409.0,3.706,2.83
9941387,K05738.01,,FALSE POSITIVE,27.659607786,4.16321,318404.0,50.7,499.0,14.66,4791.0,0.604,5310.0,4.593,0.768
9941550,K05739.01,,FALSE POSITIVE,476.727302,9.327,1035.7,23.42,530.0,18.64,17.9,0.008,5068.0,2.827,7.417
7138841,K05361.01,,FALSE POSITIVE,22.0495604,3.428,134.5,1.9,912.0,163.51,15.4,0.651,6821.0,4.176,1.548
7189825,K05366.01,,FALSE POSITIVE,574.69029,4.269,276.8,1.26,191.0,0.31,7.2,0.004,5503.0,4.557,0.764
8223655,K05488.01,,FALSE POSITIVE,280.1604956,2.8637,12946.0,19.25,237.0,0.74,54.5,1.04,5387.0,4.581,0.799
8229361,K05489.01,,FALSE POSITIVE,370.46262,9.541,347.9,2.03,284.0,1.53,12.1,0.2421,6295.0,4.401,1.08
8234889,K05490.01,,FALSE POSITIVE,116.301793,2.253,649.0,2.18,336.0,3.01,6.3,0.4631,5593.0,4.552,0.842
8241258,K05491.01,,FALSE POSITIVE,480.19416,10.76,372.3,1.79,235.0,0.72,9.1,0.1548,6072.0,4.51,0.923
8241736,K05492.01,,FALSE POSITIVE,368.49828,14.903,581.9,1.86,214.0,0.5,18.0,0.1772,5255.0,4.527,0.783
8242350,K05493.01,,FALSE POSITIVE,6.993576155,21.2695,2924.0,101.15,1605.0,1569.11,643.3,1.317,6565.0,3.803,2.467
9101279,K05614.01,,FALSE POSITIVE,1.811461128,8.42343,921671.0,373.77,3438.0,33024.44,3934.3,0.309,8572.0,3.776,3.034
9108058,K05615.01,,FALSE POSITIVE,2.17491508,8.4418,635412.0,193.73,2009.0,3847.36,1572.0,0.719,6792.0,4.143,1.636
9116075,K05617.01,,FALSE POSITIVE,24.5002702,4.079,153.5,0.73,409.0,6.61,13.3,0.405,4519.0,4.688,0.597
9137257,K05621.01,,FALSE POSITIVE,114.734287,3.724,242.9,1.1,296.0,1.82,6.7,0.3694,5083.0,4.569,0.71
9954225,K05742.01,,FALSE POSITIVE,1.340649911,5.0912,627633.0,127.25,2004.0,3824.87,791.0,0.561,6332.0,4.26,1.222
9957659,K05743.01,,FALSE POSITIVE,30.69537638,5.6634,19941.0,19.39,662.0,45.29,186.8,0.846,6185.0,4.356,1.192
9957668,K05744.01,,FALSE POSITIVE,30.69533113,5.94855,88771.2,69.4,737.0,69.65,7846.3,1.041,6335.0,4.171,1.286
9967398,K05746.01,,FALSE POSITIVE,49.873958,1.351,562.0,1.5,366.0,4.26,5.7,0.4119,4979.0,4.632,0.629
7203858,K05370.01,,FALSE POSITIVE,407.97623,14.69,237.5,4.63,498.0,14.53,11.2,0.0598,7612.0,3.787,2.968
8255058,K05495.01,,FALSE POSITIVE,6.279888981,5.5086,1514.6,196.78,1931.0,3281.24,150.5,1.244,5057.0,3.137,6.222
8288404,K05498.01,,FALSE POSITIVE,519.80221867,14.9678,77183.1,40.88,216.0,0.51,2502.9,0.894,5310.0,4.356,1.03
8300828,K05501.01,,FALSE POSITIVE,48.9200563,2.295,333.9,1.71,456.0,10.22,7.0,0.6077,5375.0,4.433,0.899
9141355,K05622.01,Kepler-1635 b,CONFIRMED,469.61309,13.709,1234.7,3.24,200.0,0.37,18.2,0.906,5474.0,4.598,0.763
9142225,K05623.01,,FALSE POSITIVE,583.73632,15.75,338.6,2.65,266.0,1.19,11.4,0.126,6003.0,4.176,1.442
9142334,K05624.01,,FALSE POSITIVE,502.658,19.51,216.0,0.69,116.0,0.04,10.0,0.3138,3754.0,4.773,0.473
9153246,K05627.01,,FALSE POSITIVE,243.954706,2.562,291.7,1.35,257.0,1.03,5.2,0.1207,5578.0,4.578,0.794
10002266,K05750.01,,FALSE POSITIVE,12.71368909,1.875,192.2,1.09,700.0,56.78,9.8,0.196,5715.0,4.586,0.782
10004772,K05752.01,,FALSE POSITIVE,1.391716834,1.421,41.0,36.19,8346.0,1150147.99,9.7,0.233,3749.0,0.833,59.684
10006096,K05753.01,,FALSE POSITIVE,70.516233809,4.09296,330180.0,52.74,390.0,5.47,3168.8,0.587,5511.0,4.531,0.789
10007492,K05754.01,,FALSE POSITIVE,2.645596805,2.9095,1272.7,167.05,2452.0,8539.63,166.8,1.239,4980.0,3.167,5.443
7255910,K05376.01,,FALSE POSITIVE,274.553579,5.95,218.3,1.66,322.0,2.55,6.7,0.1125,6267.0,4.334,1.118
7258902,K05378.01,,FALSE POSITIVE,1.80774253,2.637,592.6,5.29,1822.0,2606.24,15.1,0.9062,5164.0,3.88,1.779
7345136,K05381.01,,FALSE POSITIVE,28.7369766,1.586,525.0,1.95,550.0,21.64,5.5,0.1108,5722.0,4.547,0.854
7352727,K05382.01,,FALSE POSITIVE,2.45649061,2.844,287.8,14.14,3440.0,33039.62,21.0,0.167,4870.0,2.486,8.531
8308639,K05503.01,,FALSE POSITIVE,457.513348,5.763,562.5,25.18,512.0,16.21,3.9,0.9613,5047.0,2.966,7.821
8351919,K05505.01,,FALSE POSITIVE,323.77153,17.57,353.7,1.44,216.0,0.52,10.6,0.083,5196.0,4.586,0.784
8352016,K05507.01,,FALSE POSITIVE,40.0389613,1.711,109.4,0.95,517.0,16.85,5.7,0.3619,5701.0,4.437,0.903
8364969,K05508.01,,FALSE POSITIVE,22.571972634,4.00349,79325.7,46.14,617.0,34.24,1040.1,1.056,5645.0,4.431,0.871
8380743,K05510.01,,FALSE POSITIVE,1.018861199,6.5005,291214.0,93.47,2505.0,9299.2,911.3,0.358,6225.0,4.009,1.672
9159461,K05630.01,,FALSE POSITIVE,80.519237,4.044,92.5,1.08,476.0,12.11,7.2,0.102,6251.0,4.378,1.119
9164003,K05631.01,,FALSE POSITIVE,149.356804,15.415,171.6,2.92,560.0,23.18,14.0,0.1627,6569.0,3.842,2.203
9180282,K05636.01,,FALSE POSITIVE,2.79123954,2.843,154.8,2.22,1771.0,2322.96,25.3,0.709,6407.0,4.111,1.668
10023469,K05757.01,,FALSE POSITIVE,44.637111,5.868,282.5,1.28,432.0,8.22,9.4,0.029,5222.0,4.518,0.78
10074700,K05760.01,,FALSE POSITIVE,365.620697,32.263,27188.0,12.75,215.0,0.5,671.1,0.4173,5273.0,4.531,0.768
10096697,K05763.01,,FALSE POSITIVE,191.272501,3.064,286.5,1.59,310.0,2.18,5.8,0.504,5727.0,4.43,0.918
7386200,K05386.01,,FALSE POSITIVE,575.42002,17.22,401.7,1.91,225.0,0.61,11.7,0.1538,6025.0,4.448,0.949
7456380,K05391.01,,FALSE POSITIVE,368.72715,5.06,426.6,1.55,215.0,0.51,6.4,0.3411,5401.0,4.569,0.749
8414914,K05513.01,,FALSE POSITIVE,100.303613,10.578,488038.0,78.77,421.0,7.41,354.7,0.388,6060.0,4.397,1.046
8432034,K05516.01,,FALSE POSITIVE,0.83620025,3.7127,331275.0,65.64,1932.0,3299.29,145.4,0.56,5780.0,4.438,1.0
9216231,K05641.01,,FALSE POSITIVE,616.34132,12.724,1287.0,2.11,131.0,0.07,12.5,0.28,4197.0,4.659,0.588
10130646,K05765.01,,FALSE POSITIVE,390.40832,7.916,251.9,0.63,115.0,0.04,8.5,0.0407,3659.0,4.858,0.4
10132552,K05766.01,,FALSE POSITIVE,191.528018,2.342,171.8,1.32,334.0,2.95,6.4,0.0258,6054.0,4.416,1.009
10132908,K05767.01,,FALSE POSITIVE,386.59946,3.305,380.7,1.89,259.0,1.06,5.8,0.2307,6137.0,4.487,0.963
10141271,K05768.01,,FALSE POSITIVE,15.4032765,3.246,253.0,1.32,626.0,36.41,9.2,0.623,5272.0,4.508,0.799
10158715,K05770.01,,FALSE POSITIVE,61.0011095,1.049,408.0,2.55,536.0,19.57,4.6,0.7091,6418.0,4.395,1.171
10161534,K05771.01,,FALSE POSITIVE,198.232389,1.919,416.4,2.28,352.0,3.64,5.7,0.0297,6263.0,4.382,1.113
7458433,K05392.01,,FALSE POSITIVE,0.66062715,4.56,248.5,26.13,2327.0,6966.29,7.8,1.208,6322.0,4.426,1.075
7468295,K05394.01,,FALSE POSITIVE,456.5734,5.465,397.5,7.88,413.0,6.88,7.6,0.1768,5002.0,3.216,4.042
7516073,K05395.01,,FALSE POSITIVE,601.13797,15.26,172.8,1.81,254.0,0.99,9.9,0.057,5786.0,4.155,1.388
7538450,K05396.01,,FALSE POSITIVE,344.06248,15.6,136.3,5.26,589.0,28.42,17.7,0.935,7664.0,3.611,3.697
7550875,K05399.01,,FALSE POSITIVE,466.90824,2.64,660.0,2.19,210.0,0.46,5.4,0.0868,5340.0,4.456,0.867
8442463,K05519.01,,FALSE POSITIVE,361.30991,12.968,275.6,7.07,422.0,7.5,10.6,0.0802,4911.0,3.354,4.419
8474892,K05520.01,,FALSE POSITIVE,199.4424134,7.2533,32171.9,56.11,344.0,3.32,486.4,1.1877,5869.0,4.288,1.17
8480642,K05521.01,,FALSE POSITIVE,31.59115876,2.6431,1434.4,72.91,783.0,88.84,83.5,1.247,5178.0,3.714,2.295
8482513,K05522.01,,FALSE POSITIVE,356.99135,17.03,747.8,2.47,240.0,0.78,13.8,0.2437,5539.0,4.467,0.913
8487777,K05523.01,,FALSE POSITIVE,96.120478,1.125,285.4,2.08,460.0,10.62,6.0,0.5381,6038.0,4.245,1.186
8495232,K05524.01,,FALSE POSITIVE,9.63647672,2.999,47.6,2.02,1243.0,565.04,11.1,0.046,5125.0,3.631,3.007
8499922,K05525.01,,FALSE POSITIVE,45.680876,2.293,350.3,14.5,1215.0,514.91,3.7,0.206,4835.0,2.608,7.917
8505674,K05526.01,,FALSE POSITIVE,43.169798,9.686,120.8,1.47,615.0,33.77,6.9,0.5639,5929.0,4.176,1.292
11465869,K05904.01,,FALSE POSITIVE,322.544807,11.236,88.0,0.68,219.0,0.55,12.1,0.0183,5359.0,4.611,0.741
11506938,K05906.01,,FALSE POSITIVE,22.57494749,36.756,1344.1,49.49,860.0,129.25,302.6,1.271,6581.0,4.192,1.468
11513441,K05908.01,,FALSE POSITIVE,85.5692223,4.954,539.2,6.85,536.0,19.51,18.2,0.98,5361.0,3.856,1.951
11599800,K05914.01,,FALSE POSITIVE,422.255426,4.974,1935.0,5.09,277.0,1.39,17.4,0.3769,6273.0,4.364,1.139
11603298,K05920.01,,FALSE POSITIVE,471.39698,10.714,329.9,1.87,265.0,1.16,13.1,0.3379,6587.0,4.463,1.008
11654039,K05927.01,,FALSE POSITIVE,436.42852,13.8,163.9,1.26,245.0,0.86,9.2,0.3772,5997.0,4.466,0.971
11924426,K05944.01,,FALSE POSITIVE,64.713168094,5.69869,312970.0,62.03,482.0,12.8,3582.5,0.573,6175.0,4.44,0.974
11968514,K05947.01,,FALSE POSITIVE,1.036592136,2.296,2118.2,293.01,4194.0,73013.77,150.6,1.25,4884.0,2.737,8.747
12156805,K05957.01,,FALSE POSITIVE,371.54879,9.841,125.6,1.13,230.0,0.66,10.1,0.6743,5225.0,4.41,0.954
12165063,K05958.01,,FALSE POSITIVE,226.499243,1.328,127.4,0.89,245.0,0.86,4.7,0.266,5093.0,4.525,0.798
12257851,K05962.01,,FALSE POSITIVE,2.61594288,6.45,72.1,0.92,1370.0,831.27,13.4,0.711,6063.0,4.476,1.012
12265150,K05963.01,,FALSE POSITIVE,1.686009643,1.1818,390.4,1.81,1442.0,1024.99,48.5,0.566,5783.0,4.539,0.88
10964747,K05844.01,,FALSE POSITIVE,344.961485,3.023,427.9,1.61,230.0,0.66,6.2,0.3073,5481.0,4.51,0.775
12405436,K05969.01,,FALSE POSITIVE,163.820347,1.331,1196.0,2.59,251.0,0.93,7.0,0.2012,4822.0,4.594,0.771
12417572,K05970.01,,FALSE POSITIVE,151.577009,2.59,467.9,3.67,502.0,14.96,9.3,0.0653,6854.0,4.106,1.674
11037818,K05856.01,Kepler-1638 b,CONFIRMED,259.34304,16.04,349.7,6.04,449.0,9.65,13.1,0.447,5490.0,3.629,3.204
11046870,K05858.01,,FALSE POSITIVE,8.34410791,1.606,255.2,1.75,993.0,229.93,9.9,0.546,6321.0,4.434,1.058
12645761,K05976.01,,FALSE POSITIVE,2.709570339,5.57527,13170.8,223.75,2427.0,8211.89,900.9,1.238,5030.0,3.18,5.208
12736658,K05980.01,,FALSE POSITIVE,0.855294909,2.89112,6771.6,49.03,2137.0,4916.23,870.3,1.269,5846.0,4.27,1.207
12835139,K05981.01,,FALSE POSITIVE,350.609298,1.621,369.5,3.88,405.0,6.37,3.6,0.0409,6658.0,3.934,1.992
11073238,K05861.01,,FALSE POSITIVE,452.40428,17.2,216.7,1.58,256.0,1.01,8.2,0.6038,6195.0,4.437,1.029
11076176,K05862.01,,FALSE POSITIVE,0.699985822,3.02633,389433.0,46.27,1653.0,1761.47,626.9,0.28,5264.0,4.617,0.724
11090561,K05865.01,,FALSE POSITIVE,35.8726918,4.402,916.3,62.51,1670.0,1837.31,24.6,0.963,5254.0,2.494,15.369
11176166,K05875.01,Kepler-1639 b,CONFIRMED,9.8788502,2.951,454.7,2.64,1003.0,238.98,13.4,0.732,6477.0,4.361,1.148
11338918,K05884.01,,FALSE POSITIVE,588.63759,3.84,322.1,1.52,185.0,0.28,7.4,0.3978,5135.0,4.479,0.849
11341314,K05887.01,,FALSE POSITIVE,9.8338474,14.585,57.6,0.98,946.0,188.78,23.8,0.733,5929.0,4.308,1.202
11401845,K05894.01,,FALSE POSITIVE,1.080695116,7.449,312773.0,155.22,3344.0,29671.05,198.8,0.62,7796.0,3.937,2.34
8517303,K06181.01,,FALSE POSITIVE,24.0733775,19.612,1325.7,27.78,1263.0,601.46,76.9,0.914,4647.0,2.843,6.055
10055126,K01608.03,Kepler-311 d,CONFIRMED,232.040326,12.235,290.8,2.05,327.0,2.71,15.2,0.61,5903.0,4.3,1.156
9285265,K03410.02,Kepler-1491 c,CONFIRMED,61.569765,9.75,298.3,2.44,530.0,18.66,10.9,0.486,5626.0,4.149,1.389
6525209,K03479.02,,FALSE POSITIVE,1.71029474,2.946,158.9,1.04,1267.0,610.77,14.5,0.825,5365.0,4.586,0.729
6368175,K03503.02,Kepler-1703 c,CONFIRMED,31.8245304,4.17,79.0,0.8,589.0,28.37,7.7,0.681,6338.0,4.545,0.847
2309587,K05982.01,,FALSE POSITIVE,1.838514245,3.2601,118965.0,57.6,1572.0,1447.16,470.0,0.947,5799.0,4.326,1.055
2445134,K05983.01,,FALSE POSITIVE,8.412008943,5.41096,136113.0,50.83,1100.0,345.76,5696.2,0.539,6247.0,4.225,1.314
3241344,K05984.01,,FALSE POSITIVE,3.912679136,3.556,291510.0,1794.2,1018.0,253.12,1229.9,23.127,5616.0,4.553,0.72
3347485,K05985.01,,FALSE POSITIVE,7.544804312,8.2678,6501.7,63.99,1233.0,546.03,587.2,1.266,5953.0,3.984,1.609
2161623,K06094.01,,FALSE POSITIVE,2.283466438,7.7999,864260.0,218.79,2014.0,3883.24,1103.1,0.457,6723.0,4.089,1.719
2707097,K06095.01,,FALSE POSITIVE,0.692807507,1.49242,25338.3,46.44,2057.0,4211.9,260.9,1.196,5780.0,4.438,1.0
2719873,K06096.01,,FALSE POSITIVE,17.279290765,5.07591,164308.0,27.66,556.0,22.63,2841.5,0.496,5251.0,4.623,0.658
8590780,K06183.01,,FALSE POSITIVE,4.326946311,5.55905,409031.0,106.99,1481.0,1137.15,4247.8,0.482,6231.0,4.078,1.501
8613338,K06184.01,,FALSE POSITIVE,527.29093,14.305,200.8,1.3,216.0,0.51,16.0,0.2371,5671.0,4.466,0.919
8646141,K06185.01,,FALSE POSITIVE,168.858303,12.964,119.1,2.41,526.0,18.16,9.7,0.0436,6608.0,3.907,2.189
8653134,K06186.01,Kepler-1643 b,CONFIRMED,5.34264143,2.453,691.3,1.72,799.0,96.47,19.9,0.021,5101.0,4.63,0.67
8702921,K06187.01,,FALSE POSITIVE,19.38444245,20.5899,3372.0,28.3,1185.0,466.04,685.3,0.203,4968.0,3.291,5.026
8957954,K06189.01,,FALSE POSITIVE,2.179924994,4.87581,253149.0,60.99,1448.0,1040.63,4541.1,0.711,6106.0,4.487,0.966
8984706,K06190.01,,FALSE POSITIVE,10.135401047,5.6831,256062.0,89.16,1035.0,270.76,4311.3,0.704,5895.0,4.103,1.415
4247807,K03748.02,,FALSE POSITIVE,2.02487934,1.621,145.8,1.0,1284.0,643.17,7.7,0.3797,5440.0,4.496,0.825
8030339,K03954.02,Kepler-1534 b,CONFIRMED,5.71668787,1.97,431.7,1.92,955.0,196.51,11.8,0.616,5638.0,4.488,0.883
8037145,K00520.04,Kepler-176 e,CONFIRMED,51.1658019,4.637,259.2,1.51,398.0,5.96,12.2,0.817,4963.0,4.501,0.826
5471059,K03956.02,,FALSE POSITIVE,12.4249559,16.332,110.4,0.88,703.0,57.8,17.6,0.174,5524.0,4.54,0.847
5471675,K04000.02,,FALSE POSITIVE,12.427135,12.81,32.5,1.05,1143.0,403.8,4.2,0.011,6561.0,4.054,1.821
3530668,K05986.01,,FALSE POSITIVE,1.946198513,4.0336,130722.0,52.58,1853.0,2779.44,902.8,0.249,6224.0,4.165,1.433
3831911,K05988.01,,FALSE POSITIVE,30.4838006,2.6,18441.0,23.87,315.0,2.32,9.4,1.222,3857.0,4.717,0.531
3852258,K05989.01,,FALSE POSITIVE,5.7584367,2.587,736.6,66.22,3389.0,31195.25,26.8,0.101,4754.0,2.194,25.287
3858919,K05990.01,,FALSE POSITIVE,25.9522913,10.977,557.8,2.03,567.0,24.49,14.0,0.142,5692.0,4.547,0.866
3869326,K05991.01,,FALSE POSITIVE,8.58599537,2.4078,818.0,39.03,2319.0,6831.52,36.9,0.316,4805.0,2.605,13.941
3971315,K05992.01,,FALSE POSITIVE,9.892240848,4.1774,5283.2,40.38,907.0,160.25,314.0,1.28,6225.0,4.461,1.009
2997455,K06098.01,,FALSE POSITIVE,1.129848432,2.07578,4658.5,120.13,3553.0,37690.9,490.6,1.042,4846.0,2.984,7.102
3003991,K06099.01,,FALSE POSITIVE,7.244778994,3.3873,99147.1,25.68,818.0,105.76,1761.4,0.522,5530.0,4.586,0.788
3229028,K06100.01,,FALSE POSITIVE,0.730964241,2.483,44.0,0.99,2467.0,8801.05,28.7,0.459,5929.0,4.152,1.463
3230787,K06101.01,,FALSE POSITIVE,17.734020239,7.27595,186680.0,93.52,892.0,149.48,2905.9,0.837,5883.0,4.04,1.554
9101400,K06192.01,,FALSE POSITIVE,0.829019343,4.8401,278264.0,90.08,2492.0,9089.67,631.1,0.72,6645.0,4.271,1.328
9119652,K06193.01,,FALSE POSITIVE,1.1080999,3.3542,380934.0,124.19,2212.0,5632.6,155.4,0.525,5299.0,3.865,1.769
9145861,K06194.02,,FALSE POSITIVE,215.778765,3.737,377.6,14.71,610.0,32.65,5.8,0.7163,4902.0,3.042,7.056
7100673,K04032.03,Kepler-1542 d,CONFIRMED,5.99273265,2.6502,69.8,0.91,1010.0,245.32,19.2,0.505,5574.0,4.354,1.065
7100673,K04032.04,Kepler-1542 e,CONFIRMED,5.10110666,2.657,65.1,0.85,1065.0,304.8,19.5,0.083,5574.0,4.354,1.065
4150496,K04046.02,,FALSE POSITIVE,94.22498,22.445,346.3,1.84,387.0,5.28,15.5,0.801,5880.0,4.525,0.893
6129694,K04131.02,,FALSE POSITIVE,241.0122,1.19,216.1,4.41,600.0,30.56,4.1,0.4046,7843.0,3.829,2.909
9899315,K04181.02,,FALSE POSITIVE,164.689421,1.847,521.0,2.24,340.0,3.15,4.6,0.5312,6089.0,4.495,0.95
4037428,K05993.01,,FALSE POSITIVE,4.264729569,2.2075,22672.0,29.95,1428.0,983.86,201.6,0.924,6052.0,4.084,1.417
4049124,K05994.01,,FALSE POSITIVE,4.804469712,3.51946,132624.0,30.97,958.0,198.67,1177.8,0.567,5561.0,4.558,0.809
4275328,K05995.01,,FALSE POSITIVE,6.150529292,4.4562,2417.1,49.79,1421.0,964.26,301.4,1.236,6691.0,4.084,1.565
4753561,K05996.01,,FALSE POSITIVE,4.944927575,3.4648,1028.7,19.43,728.0,66.56,62.5,1.215,4428.0,4.59,0.701
4912991,K05997.01,,FALSE POSITIVE,4.442517008,2.43922,25341.5,26.08,1258.0,593.85,396.2,0.936,6316.0,4.387,1.119
5036966,K05998.01,,FALSE POSITIVE,62.7356439,10.7925,243702.0,90.12,590.0,28.65,1115.3,0.73,6211.0,4.127,1.44
5254230,K05999.01,,FALSE POSITIVE,7.035518449,3.5286,2139.0,24.91,782.0,88.6,91.5,1.268,5288.0,4.566,0.71
3634051,K06103.01,Kepler-1981 b,CONFIRMED,453.54212,17.026,861.0,9.23,390.0,5.45,48.8,0.633,5874.0,3.664,3.006
7967517,K07860.01,,FALSE POSITIVE,0.579516759,1.342,27.0,0.6,2484.0,8953.61,9.8,0.638,6339.0,4.387,1.102
3761319,K06104.01,,FALSE POSITIVE,16.2480865,8.232,438.7,2.38,704.0,58.1,21.1,0.928,5729.0,4.436,0.923
3761319,K06104.02,,FALSE POSITIVE,466.9407,30.56,979.2,2.9,230.0,0.66,13.7,0.2921,5729.0,4.436,0.923
3762553,K06105.01,,FALSE POSITIVE,289.788624,2.857,473.9,5.51,537.0,19.6,6.6,0.6187,8057.0,3.946,2.407
4035675,K06107.01,,FALSE POSITIVE,2.873657901,2.1054,43895.0,110.29,1830.0,2645.12,65.6,1.13,5692.0,3.829,2.287
9282687,K06196.01,,FALSE POSITIVE,1.680425996,5.4548,277249.0,102.31,2203.0,5564.77,440.1,0.646,6844.0,4.145,1.629
9291629,K06198.01,,FALSE POSITIVE,20.686460198,37.7424,136154.0,184.22,1210.0,506.27,1656.7,0.002,4809.0,3.106,5.145
9304842,K06199.01,,FALSE POSITIVE,131.68018,14.73,2067.0,5.96,444.0,9.15,9.2,0.1224,6468.0,4.288,1.302
9304923,K06200.01,,FALSE POSITIVE,200.762693,2.215,1920.0,15056.9,692.0,54.06,5.5,42.778,7981.0,3.716,3.298
9343862,K06201.01,,FALSE POSITIVE,1.123258617,4.27355,377575.0,150.94,3215.0,25226.88,779.2,0.513,7945.0,4.023,2.17
5385410,K04323.02,,FALSE POSITIVE,12.4250319,1.4446,29.5,0.89,1030.0,266.45,2.7,0.777,6290.0,4.133,1.506
3645438,K04385.02,Kepler-1600 b,CONFIRMED,386.370512,11.007,1336.4,2.96,209.0,0.45,13.1,0.01,5119.0,4.508,0.834
5385139,K06000.01,,FALSE POSITIVE,12.4297161,15.078,192.7,1.26,742.0,71.78,13.3,0.293,5754.0,4.534,0.905
5385150,K06001.01,,FALSE POSITIVE,12.4288476,16.43,165.4,1.12,725.0,65.27,15.2,0.031,5595.0,4.513,0.886
5385269,K06002.01,,FALSE POSITIVE,12.4258252,21.841,130.2,1.27,822.0,108.1,30.0,0.689,5968.0,4.426,1.048
8210370,K07872.01,,FALSE POSITIVE,153.725848,117.52,5257.7,259.36,734.0,68.48,302.3,1.255,4794.0,2.781,6.816
5385509,K06003.01,,FALSE POSITIVE,12.4257907,19.859,340.1,1.27,589.0,28.51,28.2,0.384,4873.0,4.586,0.693
5385566,K06004.01,,FALSE POSITIVE,12.4253356,27.49,374.4,2.02,683.0,51.57,35.4,0.966,5442.0,4.541,0.783
5385773,K06005.01,,FALSE POSITIVE,12.4254201,18.56,144.5,0.84,659.0,44.57,24.9,0.428,5571.0,4.643,0.691
5386163,K06006.01,,FALSE POSITIVE,12.424995,20.282,51.5,2.06,1293.0,660.61,21.4,0.746,6098.0,3.707,2.657
5470960,K06007.01,,FALSE POSITIVE,12.4227918,27.29,202.6,1.44,634.0,38.29,15.5,0.979,5279.0,4.62,0.72
4144236,K06109.01,,FALSE POSITIVE,22.913446297,4.11699,251835.0,81.61,811.0,102.27,6512.7,0.709,6621.0,4.294,1.297
4144236,K06109.02,,FALSE POSITIVE,10.0046881,2.389,50.6,1.9,1466.0,1091.58,8.3,0.0164,6620.0,3.779,2.641
4150701,K06110.01,,FALSE POSITIVE,8.65315602,2.627,417.5,1.37,643.0,40.5,13.6,0.049,4746.0,4.605,0.696
4285087,K06112.01,,FALSE POSITIVE,2.243015737,4.31675,277946.0,92.34,1813.0,2547.31,5552.2,0.661,6181.0,4.084,1.444
4346875,K06113.01,,FALSE POSITIVE,4.694218481,4.53365,175471.0,35.81,946.0,189.23,739.8,0.616,5512.0,4.575,0.787
9471755,K06204.01,,FALSE POSITIVE,0.953734449,1.7616,1240.4,47.65,2672.0,12038.6,120.5,1.262,7332.0,4.265,1.46
9479460,K06205.01,,FALSE POSITIVE,2.073873563,6.5605,603811.0,274.78,3150.0,23242.18,637.1,0.198,7803.0,3.688,3.373
9549472,K06206.01,,FALSE POSITIVE,15.713787218,11.3122,60384.4,27.64,747.0,73.68,3602.0,0.762,5843.0,4.399,1.006
9576197,K06207.01,,FALSE POSITIVE,7.964440392,9.1701,68454.0,18.98,755.0,76.69,693.8,0.001,5250.0,4.548,0.736
8110758,K07866.01,,FALSE POSITIVE,0.518071538,1.7865,2195.5,42.1,2536.0,9823.05,152.1,1.264,5876.0,4.273,1.209
9579860,K06208.01,,FALSE POSITIVE,2.151214629,2.226,332.6,14.54,3287.0,27604.18,28.5,0.235,4748.0,2.635,8.179
5471068,K06008.01,,FALSE POSITIVE,12.426469,25.71,180.5,1.66,729.0,66.74,24.2,0.978,5691.0,4.544,0.887
5471192,K06009.01,,FALSE POSITIVE,12.4262889,18.764,94.2,1.23,864.0,131.83,20.5,0.879,6246.0,4.433,1.092
5471217,K06010.01,,FALSE POSITIVE,12.424747,25.24,139.0,1.35,691.0,53.94,30.7,0.976,5514.0,4.569,0.826
5471769,K06011.01,,FALSE POSITIVE,12.4255705,28.88,139.4,1.37,721.0,63.95,21.1,0.984,5742.0,4.564,0.827
5471770,K06012.01,,FALSE POSITIVE,12.426173,30.64,115.1,2.67,1006.0,242.41,36.9,0.997,6367.0,4.181,1.357
5556804,K06013.01,,FALSE POSITIVE,12.4244306,26.15,214.1,1.59,714.0,61.31,15.5,0.98,5761.0,4.581,0.791
5597970,K06014.01,,FALSE POSITIVE,6.71738328,3.60057,164979.0,37.65,883.0,143.87,1208.2,0.159,5301.0,4.416,0.936
4459068,K06114.01,,FALSE POSITIVE,24.955998503,2.76331,4856.1,36.91,1438.0,1011.42,555.6,0.996,8617.0,3.78,3.018
4547480,K06116.01,,FALSE POSITIVE,4.426942241,1.6116,2896.6,5.43,958.0,199.4,68.9,0.951,5511.0,4.569,0.746
4740676,K06119.01,,FALSE POSITIVE,3.454241684,4.69505,88194.9,75.11,2010.0,3867.02,6581.3,0.505,6562.0,3.822,2.433
9767392,K06211.01,,FALSE POSITIVE,1.457256942,6.51381,364905.0,98.16,2112.0,4686.52,2443.8,0.549,6630.0,4.235,1.416
9774400,K06212.01,,FALSE POSITIVE,10.818248422,18.2848,13695.9,11.71,830.0,112.55,581.0,0.813,5955.0,4.446,0.894
9839081,K06213.01,,FALSE POSITIVE,2.559236603,1.6706,11273.0,37.66,1296.0,665.95,45.7,1.251,5955.0,4.534,0.883
9974142,K06214.01,,FALSE POSITIVE,281.35877,7.74,278.5,4.22,446.0,9.34,6.2,0.0371,6049.0,3.728,2.522
10163066,K06215.01,,FALSE POSITIVE,462.12345,8.46,699.0,1.9,169.0,0.19,6.9,0.2396,4547.0,4.559,0.747
8780959,K03741.03,Kepler-1518 b,CONFIRMED,5.1117547,3.281,267.8,2.81,1351.0,788.0,12.1,0.962,6432.0,4.207,1.345
8780959,K03741.04,Kepler-1518 c,CONFIRMED,9.6310258,5.255,297.2,2.9,1094.0,338.33,12.7,0.951,6432.0,4.207,1.345
7429287,K04260.02,,FALSE POSITIVE,101.889228,2.71,80.9,1.43,487.0,13.26,8.5,0.0237,5802.0,4.073,1.59
6592335,K04777.02,,FALSE POSITIVE,48.5023669,1.053,740.0,906.03,192.0,0.32,5.5,30.612,3396.0,4.991,0.28
5951416,K04781.02,,FALSE POSITIVE,524.14139,11.603,403.7,1.88,237.0,0.74,9.2,0.1508,6225.0,4.481,0.931
5643492,K06015.01,,FALSE POSITIVE,41.86539723,6.663,4309.3,31.14,500.0,14.79,103.4,1.286,6063.0,4.584,0.788
5795648,K06016.01,,FALSE POSITIVE,4.553370029,3.2209,23692.1,25.84,1264.0,603.58,570.6,0.951,6306.0,4.346,1.109
5961350,K06017.01,,FALSE POSITIVE,5.262652179,2.85554,22650.6,35.99,1499.0,1191.71,2246.9,0.96,7049.0,4.212,1.549
5979863,K06018.01,,FALSE POSITIVE,16.621853404,3.91517,55296.7,22.32,719.0,63.3,1872.6,0.58,5949.0,4.451,0.907
6117415,K06019.01,,FALSE POSITIVE,19.741616041,3.07231,88821.5,82.98,902.0,156.6,2153.0,1.04,6535.0,4.183,1.529
6128027,K06020.01,,FALSE POSITIVE,5.455766383,2.8923,104538.0,28.2,795.0,94.27,536.8,0.794,5067.0,4.625,0.694
6146418,K06021.01,,FALSE POSITIVE,22.44620704,7.5491,1626.8,58.2,894.0,150.81,138.8,1.256,6070.0,3.969,1.777
4826439,K06121.01,,FALSE POSITIVE,1.237147407,7.06623,435364.0,106.18,2107.0,4680.26,5557.4,0.466,6064.0,4.16,1.449
4933476,K06122.01,,FALSE POSITIVE,1.28619671,1.114,137.2,1.27,1646.0,1740.01,5.9,0.874,5650.0,4.391,0.926
4990977,K06123.01,,FALSE POSITIVE,2.649026189,2.4698,52172.0,32.7,1377.0,852.59,190.1,0.914,5838.0,4.342,0.988
5034333,K06124.01,,FALSE POSITIVE,6.932281325,11.0301,6405.9,90.57,1872.0,2902.34,325.8,1.291,8675.0,4.08,2.168
5039441,K06125.01,,FALSE POSITIVE,2.151384476,3.34471,263861.0,66.2,1725.0,2097.48,2657.6,0.237,6184.0,4.19,1.257
8231299,K07874.01,,FALSE POSITIVE,0.562273947,3.1572,67.0,0.73,2083.0,4412.19,52.4,0.662,5632.0,4.45,0.847
5121173,K06126.01,,FALSE POSITIVE,17.4352218,51.666,603.3,67.91,1195.0,482.16,121.8,1.211,6313.0,3.706,2.641
10219361,K06218.01,,FALSE POSITIVE,117.634213,3.82,253.1,3.78,513.0,16.34,8.7,0.5206,5236.0,3.711,2.332
10228942,K06219.01,,FALSE POSITIVE,21.025447023,6.52216,115743.0,135.84,1123.0,376.4,4881.9,0.978,6631.0,3.798,2.438
10341878,K06220.01,,FALSE POSITIVE,0.933753371,4.438,47.3,1.44,3137.0,22850.9,19.8,0.311,7286.0,3.998,2.056
10357831,K06221.01,,FALSE POSITIVE,1.72153588,1.9227,39929.0,12.89,1045.0,281.41,29.3,0.002,4535.0,4.607,0.668
6150977,K06022.01,,FALSE POSITIVE,2.765621941,2.3191,8342.2,34.42,1134.0,391.86,173.2,1.262,5423.0,4.542,0.828
6182019,K06023.01,,FALSE POSITIVE,3.664964374,3.9058,90827.0,30.98,1184.0,464.89,437.8,0.552,5726.0,4.403,0.987
6191945,K06024.01,,FALSE POSITIVE,6.8072842,1.9477,14578.0,31.15,1156.0,421.16,32.9,0.923,5182.0,3.935,1.824
6209347,K06025.01,,FALSE POSITIVE,2.136577151,2.4682,79078.0,43.89,1311.0,698.75,124.3,0.996,5457.0,4.442,0.905
6268722,K06026.01,,FALSE POSITIVE,2.638432816,2.42989,48488.0,49.77,1933.0,3299.02,529.4,0.863,6502.0,3.991,1.753
6301030,K06027.01,,FALSE POSITIVE,11.991000357,6.4648,375940.0,78.78,897.0,153.29,802.9,0.534,5988.0,4.271,1.13
10480982,K00744.02,,FALSE POSITIVE,2.03746414,2.895,138.8,1.12,1474.0,1118.26,14.1,0.008,6117.0,4.496,0.947
6606934,K06028.01,,FALSE POSITIVE,37.80694072,3.84264,106334.0,72.01,617.0,34.14,1571.8,1.111,6387.0,4.41,1.105
5385548,K06128.01,,FALSE POSITIVE,12.42555055,28.492,409.0,3.79,1027.0,262.42,123.7,0.973,6381.0,4.155,1.423
5385778,K06129.01,,FALSE POSITIVE,12.42592247,31.5,8707.6,79.21,1547.0,1353.9,190.8,0.885,4849.0,3.06,6.952
5471617,K06131.01,,FALSE POSITIVE,12.4237327,18.15,30.1,1.12,1057.0,294.63,20.1,0.132,5221.0,3.72,2.067
5471617,K06131.02,,FALSE POSITIVE,94.38163,11.87,91.2,2.04,537.0,19.72,7.5,0.593,5221.0,3.72,2.067
5629353,K06132.02,Kepler-1640 b,CONFIRMED,7.5844241,3.918,1005.0,5.83,1228.0,537.4,23.8,0.815,6264.0,4.133,1.651
10363233,K06222.01,,FALSE POSITIVE,210.899577,2.167,3345.0,4.85,268.0,1.22,7.8,0.3202,5332.0,4.5,0.843
10385682,K06223.01,,FALSE POSITIVE,3.103730697,6.93402,369228.0,75.28,1340.0,763.25,5143.6,0.539,6075.0,4.422,1.091
10414727,K06224.02,,FALSE POSITIVE,253.40538,7.43,240.8,2.69,443.0,9.13,5.0,0.3967,7304.0,4.151,1.69
10483644,K06225.01,,FALSE POSITIVE,5.110771787,2.48392,50681.0,26.98,1048.0,284.85,394.0,0.878,6029.0,4.523,0.894
10601549,K06226.01,,FALSE POSITIVE,1.463773705,1.9123,64776.0,21.79,1329.0,739.19,119.7,0.838,5446.0,4.599,0.668
10614158,K06227.01,,FALSE POSITIVE,4.46255312,14.0957,22720.0,52.74,1795.0,2458.34,140.9,0.004,4847.0,3.277,3.619
6614926,K06029.01,,FALSE POSITIVE,3.026764871,4.32532,66719.9,26.36,1360.0,810.38,1561.2,0.198,6283.0,4.459,1.01
6628237,K06030.01,,FALSE POSITIVE,3.840130917,2.8951,60401.0,33.44,1205.0,498.48,275.6,0.872,5931.0,4.418,1.012
6694186,K06031.01,,FALSE POSITIVE,5.554227226,4.77434,142313.0,31.71,930.0,176.7,1517.7,0.174,5433.0,4.465,0.843
6934587,K06032.01,,FALSE POSITIVE,1.570919281,3.2232,65124.0,59.12,1797.0,2473.29,316.9,1.083,6192.0,4.326,1.162
7219906,K06033.01,,FALSE POSITIVE,35.08976902,3.9623,5754.6,33.1,501.0,14.95,170.8,1.264,5603.0,4.556,0.846
7257373,K06034.01,,FALSE POSITIVE,5.233450136,8.57374,430422.0,70.33,1050.0,287.6,3921.8,0.457,5841.0,4.454,0.977
7295570,K06035.01,,FALSE POSITIVE,3.6037011,2.994,16112.0,66.94,1464.0,1089.0,33.4,1.225,5633.0,4.016,1.547
7362852,K06036.01,,FALSE POSITIVE,3.518356021,6.90375,316750.0,64.49,1266.0,606.41,3217.6,0.593,6201.0,4.472,0.989
5641294,K06133.01,,FALSE POSITIVE,2.6160943,21.34,29.3,0.81,1744.0,2188.14,5.6,0.6458,6645.0,4.232,1.42
5738698,K06134.01,,FALSE POSITIVE,2.404386969,7.40348,313168.0,79.72,1670.0,1838.11,8577.4,0.613,6466.0,4.278,1.21
5768927,K06135.01,,FALSE POSITIVE,4.390513938,2.9472,46829.0,41.83,1401.0,910.71,290.7,0.879,6081.0,4.133,1.454
5816144,K06137.02,,FALSE POSITIVE,7.384681,3.548,142.8,1.22,1000.0,236.56,10.6,0.068,6174.0,4.445,1.021
10717220,K06228.01,Kepler-1644 b,CONFIRMED,21.0907909,4.751,417.6,1.88,606.0,31.86,19.7,0.832,5723.0,4.546,0.818
10728219,K06229.01,,FALSE POSITIVE,3.371796653,3.4421,366901.0,306.28,1155.0,419.47,560.2,3.219,5615.0,4.455,0.912
10735988,K06230.01,,FALSE POSITIVE,1.927177921,2.7742,136135.0,28.94,1219.0,523.16,204.7,0.399,5193.0,4.525,0.774
8112324,K07867.01,,FALSE POSITIVE,0.575925434,2.4676,137404.0,38.24,1834.0,2666.7,354.4,0.905,5461.0,4.586,0.683
10971944,K06231.01,,FALSE POSITIVE,496.17566,11.63,293.0,3.46,358.0,3.88,11.3,0.4188,6643.0,3.946,1.976
10973583,K06232.01,,FALSE POSITIVE,6.256352128,2.3512,3289.3,30.76,918.0,167.92,120.4,1.269,5772.0,4.549,0.836
10989274,K06233.01,Kepler-1645 b,CONFIRMED,16.17803,5.18,449.0,2.25,754.0,76.54,6.0,0.081,5929.0,4.413,1.069
11099351,K06234.01,,FALSE POSITIVE,2.37795507,2.4329,4391.1,92.61,2965.0,18261.57,257.5,1.298,9565.0,4.088,2.286
11147460,K06235.01,,FALSE POSITIVE,2.053866175,4.8045,5021.3,158.25,2528.0,9631.57,380.5,1.265,5051.0,3.22,4.089
10662202,K00750.04,,FALSE POSITIVE,36.5521313,2.481,282.9,0.9,361.0,4.03,7.7,0.4969,4722.0,4.723,0.527
11607193,K00983.02,,FALSE POSITIVE,5.177577252,2.4777,1325.4,73.82,1671.0,1846.9,23.6,1.341,7429.0,4.143,1.796
10743597,K00989.04,,FALSE POSITIVE,4.08029328,2.8343,1128.4,2.92,1044.0,280.4,43.1,0.2428,5619.0,4.536,0.874
4247991,K02311.03,Kepler-1185 b,CONFIRMED,104.3519624,3.695,243.8,1.39,355.0,3.74,15.8,0.532,5650.0,4.546,0.87
8042747,K07861.01,,FALSE POSITIVE,469.52303,5.487,355.7,2.1,252.0,0.95,10.5,0.733,6197.0,4.449,1.035
9008737,K02768.03,,FALSE POSITIVE,11.83271013,6.152,176.3,1.17,728.0,66.51,12.7,0.548,5639.0,4.551,0.859
7373877,K06037.01,,FALSE POSITIVE,32.669962587,3.581,365.4,1.37,428.0,7.96,6.2,0.18,4871.0,4.606,0.741
7436177,K06038.01,,FALSE POSITIVE,19.93364711,8.6122,174830.0,75.88,848.0,122.24,1863.4,0.852,6505.0,4.25,1.29
7537945,K06039.01,,FALSE POSITIVE,1.071911311,3.8559,9817.8,40.32,1809.0,2534.86,397.6,1.272,5885.0,4.413,0.933
7624297,K06040.01,,FALSE POSITIVE,18.019651402,5.08572,176998.0,31.77,544.0,20.7,3373.3,0.675,5278.0,4.658,0.659
8109692,K07864.01,,FALSE POSITIVE,117.934158,9.25,187.5,3.76,648.0,41.73,12.9,0.658,6790.0,3.822,2.597
7695093,K06041.01,,FALSE POSITIVE,4.032762189,4.14212,119350.0,35.22,1173.0,447.97,1520.0,0.599,5960.0,4.438,0.962
7749318,K06042.01,,FALSE POSITIVE,2.371589507,3.5116,235104.0,88.22,1043.0,278.9,386.0,1.653,5340.0,4.715,0.601
7777397,K06043.01,,FALSE POSITIVE,5.09112124,2.159,115.1,3.58,2044.0,4131.88,11.4,0.224,6705.0,3.629,3.293
5817566,K06138.01,,FALSE POSITIVE,4.206070484,10.6988,119812.0,172.66,2547.0,9955.22,508.0,0.949,8212.0,3.736,3.185
5952403,K06139.01,,FALSE POSITIVE,0.905677864,2.2432,3670.4,325.51,3989.0,60020.95,107.4,1.321,5037.0,3.002,7.553
4150539,K01330.02,,FALSE POSITIVE,94.219289,24.312,1025.9,2.15,285.0,1.57,37.6,0.173,4641.0,4.589,0.694
6182093,K06143.01,,FALSE POSITIVE,297.113395,4.529,275.4,5.37,509.0,15.89,10.1,0.0322,6626.0,3.676,3.206
9839821,K02012.02,Kepler-1052 c,CONFIRMED,180.921729,8.99,742.4,2.3,302.0,1.96,16.2,0.025,5818.0,4.554,0.848
11252617,K06236.01,,FALSE POSITIVE,4.478116695,3.357,117981.0,38.85,1218.0,521.12,3665.4,0.622,6304.0,4.435,1.058
8245108,K07876.01,,FALSE POSITIVE,0.579108481,1.659,68.4,0.42,1377.0,849.52,9.3,0.424,4604.0,4.749,0.501
11252617,K06236.02,,FALSE POSITIVE,1.27620899,2.169,186.2,1.46,1851.0,2769.8,11.4,0.276,6304.0,4.435,1.058
11296437,K06237.01,,FALSE POSITIVE,528.50344,6.394,133.8,2.2,354.0,3.73,11.7,0.0094,7102.0,4.068,1.874
7830321,K06044.01,,FALSE POSITIVE,2.027383251,1.5528,3856.2,31.12,1352.0,791.38,126.1,1.248,5544.0,4.435,0.875
7841986,K06045.01,,FALSE POSITIVE,10.73370737,7.6706,6155.3,18.7,1171.0,444.77,239.5,0.895,5971.0,3.914,2.003
7877820,K06046.01,,FALSE POSITIVE,9.449438672,5.5479,12867.3,60.59,1152.0,415.72,231.4,1.243,6558.0,4.167,1.431
7914906,K06047.01,,FALSE POSITIVE,8.752913958,3.4546,41770.0,119.91,1635.0,1689.12,326.1,1.124,7279.0,3.856,2.624
8019043,K06048.01,,FALSE POSITIVE,1.985586627,2.53163,72584.2,105.22,2796.0,14480.75,1594.1,0.804,6651.0,3.6,3.219
8023317,K06049.01,,FALSE POSITIVE,16.579028045,7.803,37979.8,49.01,1062.0,300.36,813.6,0.745,5870.0,3.808,2.3
8126531,K07868.01,,FALSE POSITIVE,513.42784,6.278,523.2,14.87,424.0,7.67,11.5,0.714,4833.0,3.13,6.065
8121067,K06050.01,,FALSE POSITIVE,2.064900876,6.8769,10939.4,38.19,1357.0,800.75,364.0,1.253,5714.0,4.501,0.901
6197038,K06144.01,,FALSE POSITIVE,9.751720174,16.1937,332900.0,182.09,1356.0,800.41,1767.3,0.15,5147.0,3.424,3.145
6221385,K06145.01,Kepler-1641 b,CONFIRMED,19.672324,4.812,649.9,4.07,908.0,160.98,20.6,0.721,6486.0,4.136,1.485
6221385,K06145.02,Kepler-1641 c,CONFIRMED,32.657035,5.953,620.4,3.73,767.0,81.91,17.9,0.007,6486.0,4.136,1.485
6362386,K06146.01,,FALSE POSITIVE,4.592401261,4.96038,87426.1,52.18,1678.0,1872.74,5784.8,0.272,7201.0,4.138,1.724
8260269,K07877.01,,FALSE POSITIVE,6.70995253,2.297,86.0,1.1,1120.0,372.31,9.8,0.616,6461.0,4.396,1.131
6449358,K06147.01,,FALSE POSITIVE,5.776794344,6.33505,121544.0,129.2,2249.0,6048.96,8022.8,0.366,7666.0,3.658,3.601
6674908,K06149.01,,FALSE POSITIVE,0.503199724,1.117,275.6,1.06,1363.0,819.89,10.1,0.492,4013.0,4.639,0.63
11516930,K06240.01,,FALSE POSITIVE,4.768540307,0.9938,347.6,1.84,1010.0,246.11,4.0,0.806,5491.0,4.432,0.887
11558882,K06241.01,,FALSE POSITIVE,73.91858615,6.9735,184074.0,89.96,484.0,12.95,933.5,1.137,6300.0,4.404,1.057
8042835,K07862.01,,FALSE POSITIVE,2.38793696,17.302,114.3,25.56,1674.0,1860.02,41.7,1.193,6769.0,4.379,1.161
2853780,K02081.02,,FALSE POSITIVE,589.17968,10.2,253.4,4.91,330.0,2.82,7.7,0.0431,5295.0,3.617,3.152
11673686,K06243.01,,FALSE POSITIVE,4.618767943,6.03,32609.2,32.36,1565.0,1418.08,674.9,0.004,6195.0,3.937,1.781
8153568,K06051.01,,FALSE POSITIVE,3.60727417,14.0841,841897.0,221.55,1833.0,2671.63,710.9,0.463,7026.0,4.068,1.785
8167938,K06052.01,,FALSE POSITIVE,2.565717939,1.7084,1941.7,180.8,4607.0,106664.85,45.8,1.313,11360.0,3.636,4.712
8167978,K06053.01,,FALSE POSITIVE,22.05274533,5.5924,13857.7,32.56,552.0,21.93,343.5,1.247,5510.0,4.608,0.741
8168581,K06054.01,,FALSE POSITIVE,2.881338104,3.5943,2533.7,31.58,1206.0,501.88,111.3,1.271,5783.0,4.539,0.88
8230809,K06055.01,,FALSE POSITIVE,4.078355243,6.4649,36133.0,16.73,1113.0,362.07,310.0,0.368,5872.0,4.481,0.867
8364115,K06056.01,,FALSE POSITIVE,7.73590441,4.4389,465.3,21.3,884.0,144.83,59.5,1.205,5927.0,4.544,0.86
8458207,K06057.01,,FALSE POSITIVE,3.530164642,4.11466,69923.0,35.71,1465.0,1086.97,731.2,0.019,6208.0,4.226,1.344
4150624,K01334.02,,FALSE POSITIVE,94.225938,22.08,530.4,1.93,348.0,3.48,25.4,0.213,5421.0,4.564,0.852
6967278,K06152.01,,FALSE POSITIVE,395.07333,7.844,645.1,230.33,1406.0,923.0,16.4,0.013,3599.0,0.679,98.38
7108433,K06153.01,,FALSE POSITIVE,1.51918335,5.45573,499989.0,128.17,2517.0,9460.59,899.3,0.336,7426.0,4.116,1.698
7129465,K06155.01,,FALSE POSITIVE,2.745910734,4.02594,286812.0,61.16,1221.0,524.18,1550.9,0.639,5372.0,4.396,0.96
7174617,K06156.01,,FALSE POSITIVE,1.608363345,2.1988,96134.0,19.36,1133.0,390.1,312.3,0.608,5022.0,4.668,0.589
11724210,K06244.01,,FALSE POSITIVE,5.746017234,3.6347,29236.3,29.32,1042.0,278.69,393.9,1.008,5940.0,4.429,0.96
11867071,K06247.01,,FALSE POSITIVE,3.963787093,3.10316,25015.2,28.11,1389.0,880.12,584.8,0.95,6617.0,4.373,1.18
11975363,K06248.01,,FALSE POSITIVE,1.759208679,4.60837,362327.0,66.06,1475.0,1121.32,1967.2,0.548,5721.0,4.453,0.961
8580438,K06058.01,,FALSE POSITIVE,6.496031958,5.21924,108889.0,32.33,957.0,198.07,1797.6,0.065,5516.0,4.364,0.988
8581232,K06059.01,,FALSE POSITIVE,4.012537983,2.0101,19796.0,9.96,765.0,80.95,166.0,0.783,4483.0,4.629,0.63
8655458,K06060.01,,FALSE POSITIVE,1.594162001,5.4958,9876.3,26.11,1419.0,960.51,415.0,1.128,5388.0,4.449,0.885
8695779,K06061.01,,FALSE POSITIVE,10.238939876,3.4851,3153.1,22.09,1190.0,474.05,427.6,1.022,6244.0,3.986,1.807
8953059,K06062.01,,FALSE POSITIVE,5.499941387,5.1339,40110.4,23.34,1202.0,492.27,506.4,0.002,6435.0,4.385,1.157
9048145,K06063.01,,FALSE POSITIVE,8.667826242,5.06514,43491.0,37.51,1225.0,531.63,4638.1,0.822,6712.0,4.174,1.538
9214712,K06064.01,,FALSE POSITIVE,265.2996227,8.8452,100158.0,33.81,270.0,1.25,616.3,0.798,5873.0,4.547,0.863
9214715,K06065.01,,FALSE POSITIVE,265.2999623,8.8577,31778.0,25.56,296.0,1.81,154.7,0.928,6108.0,4.471,0.997
7190639,K06157.01,,FALSE POSITIVE,98.1020983,1.225,184.4,1.97,525.0,17.96,6.9,0.1865,6669.0,4.224,1.427
7198881,K06158.01,,FALSE POSITIVE,182.467019,7.607,1020.0,3.73,364.0,4.17,12.5,0.0158,6299.0,4.401,1.167
7422883,K06159.01,,FALSE POSITIVE,11.41437505,6.276,45966.0,44.08,1128.0,383.45,34.2,0.895,6826.0,4.187,1.52
7464205,K06160.01,,FALSE POSITIVE,151.31847,16.45,105.4,1.13,373.0,4.57,6.0,0.3788,6003.0,4.346,1.085
7622059,K06161.01,,FALSE POSITIVE,10.4032399,23.85,1056.2,51.47,1104.0,350.59,272.8,1.296,6428.0,4.144,1.436
12367464,K06250.01,,FALSE POSITIVE,1.853209359,1.7543,12319.1,32.99,2100.0,4584.55,238.9,0.99,6384.0,4.026,1.716
12470041,K06251.01,,FALSE POSITIVE,14.66769462,2.4462,29862.0,145.18,1552.0,1370.6,86.5,1.169,7517.0,3.717,3.226
8179286,K07869.01,,FALSE POSITIVE,11.4132144,2.371,76.4,1.03,925.0,172.97,10.4,0.439,6188.0,4.33,1.155
2581191,K02203.02,,FALSE POSITIVE,172.178768,1.19,501.0,2.29,349.0,3.51,4.7,0.2431,6208.0,4.462,1.009
9221398,K06066.01,,FALSE POSITIVE,13.787520532,2.55435,12978.3,25.33,921.0,170.01,2126.1,0.99,6399.0,4.312,1.289
9411317,K06067.01,,FALSE POSITIVE,8.2904597,2.6002,173007.0,23.96,594.0,29.41,297.2,0.426,4601.0,4.681,0.566
9532123,K06069.01,,FALSE POSITIVE,8.214204254,4.5905,74177.0,42.29,798.0,96.12,613.1,1.092,5654.0,4.59,0.774
9549471,K06070.01,,FALSE POSITIVE,15.71377375,7.464,9482.0,10.85,728.0,66.24,98.1,0.864,5812.0,4.434,0.96
9649222,K06071.01,,FALSE POSITIVE,5.918619554,3.94804,94124.0,29.98,1009.0,245.42,1117.0,0.258,5957.0,4.498,0.971
9664215,K06072.01,,FALSE POSITIVE,3.319523463,3.3465,38832.0,38.37,1108.0,356.42,249.4,1.162,5761.0,4.581,0.791
7750740,K06162.01,,FALSE POSITIVE,5.874197307,4.26585,205698.0,59.2,1112.0,361.15,2200.0,0.7,6103.0,4.363,1.083
7779942,K06163.01,,FALSE POSITIVE,19.7959731,5.342,334.0,3.47,1014.0,249.43,16.6,0.156,6731.0,4.043,1.876
7838906,K06165.01,,FALSE POSITIVE,5.614892073,3.7294,2373.0,1192.79,4097.0,66631.18,122.3,1.243,4289.0,1.603,35.695
7908367,K06166.01,Kepler-1642 b,CONFIRMED,12.2064304,2.407,1337.2,5.41,895.0,151.44,16.2,0.104,5254.0,4.05,1.514
7908367,K06166.02,Kepler-1642 c,CONFIRMED,6.6513189,2.135,1058.4,4.81,1095.0,340.06,15.3,0.064,5254.0,4.05,1.514
7940533,K06167.01,,FALSE POSITIVE,3.905532605,6.8091,73081.0,21.37,1017.0,253.21,350.4,0.002,5495.0,4.543,0.798
4142847,K02210.02,Kepler-1143 c,CONFIRMED,210.631486,8.419,1657.8,3.23,234.0,0.71,25.9,0.642,4895.0,4.589,0.759
4665571,K02393.02,Kepler-1834 c,CONFIRMED,0.766691517,1.2638,244.0,1.22,1541.0,1334.22,29.5,0.388,4821.0,4.529,0.788
6364215,K02404.02,,FALSE POSITIVE,5.2438528,10.539,135.8,1.11,1016.0,251.99,17.8,0.583,5815.0,4.5,0.918
9714358,K06073.01,,FALSE POSITIVE,6.474202359,3.35989,203491.0,28.96,717.0,62.47,1284.0,0.448,4947.0,4.636,0.624
9851123,K06074.01,,FALSE POSITIVE,8.4803048,7.5348,2672.9,4.13,777.0,86.01,70.1,0.027,5478.0,4.573,0.812
9966115,K06075.01,,FALSE POSITIVE,8.947426242,4.89701,85995.2,45.87,1141.0,401.11,7878.0,0.517,6297.0,4.155,1.506
10026458,K06076.01,,FALSE POSITIVE,9.93443795,8.098,2750.0,35.54,830.0,112.23,92.8,1.264,5763.0,4.484,0.998
10139305,K06077.01,,FALSE POSITIVE,2.173552528,1.6107,3026.0,23.51,1025.0,260.75,35.9,1.297,5008.0,4.663,0.594
10288922,K06078.01,,FALSE POSITIVE,10.157715971,2.9526,9520.1,42.27,853.0,125.42,168.0,1.268,5993.0,4.489,0.986
7974634,K06168.03,,FALSE POSITIVE,404.701927,3.981,236.2,1.94,298.0,1.85,7.8,0.2598,6443.0,4.325,1.248
8043882,K06169.01,,FALSE POSITIVE,0.779609509,4.013,88.5,1.07,2097.0,4557.44,21.0,0.676,5899.0,4.37,1.07
8095099,K06171.01,,FALSE POSITIVE,2.103239235,7.08365,314928.0,64.15,1470.0,1100.91,3069.4,0.62,6074.0,4.466,0.965
12206313,K02714.03,Kepler-401 d,CONFIRMED,184.262741,11.94,292.2,2.57,380.0,4.93,21.1,0.885,6115.0,4.249,1.291
10122538,K02926.03,Kepler-1388 d,CONFIRMED,20.9569985,3.493,1917.9,2.38,363.0,4.11,22.7,0.112,3891.0,4.718,0.564
10659313,K06079.01,,FALSE POSITIVE,15.249335907,3.82224,34565.1,45.92,875.0,138.77,635.5,1.077,6385.0,4.316,1.189
10710755,K06080.01,,FALSE POSITIVE,4.816610903,3.82353,80226.0,26.15,1050.0,287.3,759.1,0.431,5796.0,4.472,0.904
10727668,K06081.01,,FALSE POSITIVE,2.305903447,3.3828,23268.7,39.04,3147.0,23214.46,511.7,0.003,9696.0,4.033,2.492
10735519,K06082.01,,FALSE POSITIVE,1.814128042,3.0646,2063.6,426.98,3773.0,47891.79,163.9,1.246,4822.0,2.662,12.899
8197767,K07871.01,,FALSE POSITIVE,1.247121237,9.363,966.7,18.39,1237.0,552.82,92.1,1.223,4852.0,4.613,0.651
10935310,K06083.01,,FALSE POSITIVE,4.128795314,2.771,154870.0,52.0,1244.0,565.91,1041.8,0.739,5949.0,4.311,1.083
11021252,K06084.01,,FALSE POSITIVE,3.269176601,2.7233,59095.0,164.61,1349.0,781.57,515.5,2.195,6372.0,4.453,1.015
11408935,K06086.01,,FALSE POSITIVE,15.995094054,8.45037,44315.3,17.09,676.0,49.26,2019.7,0.272,5899.0,4.574,0.805
8181016,K06174.01,,FALSE POSITIVE,0.70914232,1.936,2560.0,7.27,1685.0,1903.76,2.6,1.0094,5350.0,4.578,0.693
8197761,K06175.01,,FALSE POSITIVE,9.86869589,2.876,5915.0,21.68,1332.0,743.72,15.8,0.984,7301.0,4.11,1.717
8265156,K06177.01,,FALSE POSITIVE,0.978362973,1.206,37.1,1.04,2772.0,13948.03,15.9,0.267,7193.0,4.156,1.671
10122538,K02926.04,Kepler-1388 e,CONFIRMED,37.6333868,4.49,1661.7,2.25,299.0,1.88,18.6,0.338,3891.0,4.718,0.564
6609270,K03090.02,,FALSE POSITIVE,15.0367776,3.042,503.5,8.02,381.0,4.96,10.8,1.115,3729.0,4.733,0.514
11125797,K03371.02,Kepler-1482 b,CONFIRMED,12.25384348,2.373,147.7,1.0,678.0,50.05,12.3,0.441,5413.0,4.579,0.82
11519226,K06087.01,,FALSE POSITIVE,22.16127178,3.699,5259.0,69.44,877.0,139.67,56.6,1.277,5893.0,3.945,1.745
11756821,K06088.01,,FALSE POSITIVE,2.745121487,2.9845,14608.0,9.55,893.0,150.25,86.7,0.861,4608.0,4.648,0.658
11769146,K06089.01,,FALSE POSITIVE,282.9656538,21.4259,467860.0,71.61,280.0,1.45,1365.9,0.426,5999.0,4.494,0.959
11812199,K06090.01,,FALSE POSITIVE,37.32030954,6.9616,4325.0,36.96,538.0,19.77,171.3,1.282,5910.0,4.505,0.94
11826400,K06091.01,,FALSE POSITIVE,5.889372452,4.94674,56841.0,50.78,1695.0,1951.4,4146.7,0.403,7249.0,3.993,2.071
12010534,K06092.01,,FALSE POSITIVE,2.581595167,4.9153,171132.0,40.94,1328.0,735.27,338.2,0.124,5720.0,4.407,0.989
7116117,K03163.01,,FALSE POSITIVE,0.566801886,5.733,5.9,0.54,3862.0,52564.19,16.3,0.3733,7589.0,4.023,2.169
7868092,K03169.01,,FALSE POSITIVE,180.71809,10.85,31.2,1.28,546.0,20.98,8.6,0.8856,7608.0,4.08,1.991
3337061,K03172.01,,FALSE POSITIVE,6.5583706,3.286,136.0,39.06,1283.0,639.83,18.1,1.213,6144.0,4.083,1.606
9826171,K03173.01,,FALSE POSITIVE,434.39148,13.02,120.3,1.59,236.0,0.73,10.4,0.9936,5971.0,4.514,0.868
4577484,K03181.01,,FALSE POSITIVE,73.26417,5.54,38.4,1.32,584.0,27.47,3.0,0.4719,5424.0,3.832,2.11
4735826,K03184.02,Kepler-1972 c,CONFIRMED,11.3220104,5.86,17.1,0.91,1215.0,515.77,8.1,0.1749,6003.0,3.825,2.193
5005618,K03186.01,,FALSE POSITIVE,681.9363102,7.94066,186528.0,61.52,220.0,0.56,5388.3,0.828,6095.0,4.427,1.035
4663658,K03187.01,,FALSE POSITIVE,0.705891195,5.281,15.0,1.0,4884.0,134291.26,32.9,0.511,10346.0,4.077,2.449
10467815,K03191.01,,FALSE POSITIVE,377.88909,9.259,92.8,3.17,606.0,31.87,11.6,0.1164,9030.0,3.822,3.218
10847721,K03192.01,,FALSE POSITIVE,199.21638,9.23,62.5,2.36,706.0,58.73,10.6,0.5,8914.0,3.896,2.867
10118942,K03195.01,,FALSE POSITIVE,121.70747,1.37,98.2,3.02,580.0,26.67,6.9,0.9778,6362.0,3.858,2.27
9471539,K03198.01,,FALSE POSITIVE,273.528359,22.346,408.5,115.4,557.0,22.75,32.1,1.363,7682.0,3.838,2.783
5482603,K03199.01,,FALSE POSITIVE,3.88258905,2.741,57.8,0.78,1158.0,426.41,13.2,0.553,5780.0,4.438,1.0
2305819,K03201.01,,FALSE POSITIVE,135.57186,9.94,41.2,0.83,439.0,8.77,5.7,0.2687,6070.0,4.117,1.277
10284575,K03210.01,,FALSE POSITIVE,173.06929,12.84,576.7,30.29,518.0,17.08,19.9,1.1262,7296.0,4.103,1.818
3342952,K03215.01,,FALSE POSITIVE,1.039046871,1.689,24.4,0.48,1774.0,2348.45,9.3,0.096,5689.0,4.422,0.976
10338624,K03222.01,,FALSE POSITIVE,0.607538435,5.549,34.9,1.34,3219.0,25377.69,30.4,0.9849,7076.0,4.147,1.691
5307990,K03228.01,,FALSE POSITIVE,0.98762513,1.127,28.6,1.14,3728.0,45704.5,14.8,0.547,9456.0,4.172,2.022
2713018,K03235.01,,FALSE POSITIVE,66.713573,4.487,63.9,0.98,555.0,22.47,6.7,0.4916,6745.0,4.361,1.182
8413968,K03251.01,,FALSE POSITIVE,135.223193,8.989,56.3,0.92,417.0,7.18,8.9,0.0177,6181.0,4.279,1.227
4376629,K03378.01,,FALSE POSITIVE,27.6775212,2.513,293.9,23.04,558.0,22.91,12.3,1.238,5797.0,4.563,0.828
3958301,K03381.01,,FALSE POSITIVE,35.2340413,11.874,465.5,2.21,602.0,31.14,14.7,0.2713,6295.0,4.456,1.014
8211605,K03405.01,,FALSE POSITIVE,20.9794338,3.762,2388.2,24.76,520.0,17.28,32.2,1.284,5182.0,4.601,0.666
11098573,K03406.01,,FALSE POSITIVE,15.6937855,5.149,367.7,1.99,755.0,76.79,14.2,0.2227,5868.0,4.397,1.037
9837586,K03442.01,,FALSE POSITIVE,20.73376301,5.8043,104599.0,54.58,663.0,45.6,97.3,0.993,5780.0,4.438,1.0
6021655,K03488.01,,FALSE POSITIVE,63.571688,6.01,591.0,2.14,399.0,6.02,5.4,0.7182,5504.0,4.572,0.819
8308682,K03507.01,,FALSE POSITIVE,338.20075,15.23,678.2,2.08,223.0,0.59,11.1,0.2434,5381.0,4.575,0.811
11442793,K00351.07,Kepler-90 f,CONFIRMED,124.922516,11.942,498.7,3.37,407.0,6.45,24.4,0.943,5970.0,4.317,1.2
3344427,K03764.01,,FALSE POSITIVE,1.303570451,2.28163,332340.0,235.58,2720.0,12920.56,573.2,0.548,4884.0,3.279,3.584
6205481,K03774.01,,FALSE POSITIVE,3.72277264,15.869,1114.6,22.78,945.0,188.82,58.1,1.2672,5333.0,4.633,0.688
4474637,K03829.01,,FALSE POSITIVE,3.886730304,16.1723,372425.0,61.58,1158.0,424.65,280.6,0.0,5780.0,4.438,1.0
8435232,K03833.01,,FALSE POSITIVE,49.5740154,63.196,8772.9,5.01,280.0,1.46,200.6,0.472,4040.0,4.714,0.527
6462874,K01231.02,,FALSE POSITIVE,10.42360821,5.404,878.3,1.67,515.0,16.64,18.7,0.001,4260.0,4.663,0.58
11450414,K01992.03,Kepler-347 d,CONFIRMED,85.517344,9.331,270.2,3.04,482.0,12.75,12.9,0.944,5592.0,4.115,1.451
5217733,K03155.01,,FALSE POSITIVE,161.2529031,24.3711,94008.0,59.07,652.0,42.81,576.6,0.227,9341.0,4.222,1.87
4150611,K03156.01,,FALSE POSITIVE,0.761119678,1.43,1112.0,27.81,2977.0,18660.94,9.7,1.129,6911.0,4.038,1.501
4150611,K03156.04,,FALSE POSITIVE,94.212787,14.48,55654.0,35.89,597.0,30.09,112.3,0.001,6911.0,4.038,1.501
5716244,K06619.01,,FALSE POSITIVE,1.330333096,5.045,61867.0,24.3,1634.0,1691.25,700.5,0.692,5984.0,4.521,0.906
5725851,K06620.01,,FALSE POSITIVE,1.140133012,9.251,223.2,126.77,4370.0,86385.22,63.4,1.181,6715.0,3.211,5.97
5731312,K06621.01,,FALSE POSITIVE,7.946367138,2.58667,278086.0,36.01,629.0,36.92,1228.9,0.636,4789.0,4.678,0.573
5735878,K06622.01,,FALSE POSITIVE,16.832079803,7.79748,48374.6,61.35,1243.0,565.17,5156.6,0.218,6300.0,3.646,2.755
5736461,K06623.01,,FALSE POSITIVE,7.346159047,6.5974,121807.0,44.48,835.0,114.57,2541.2,0.945,5616.0,4.574,0.81
5737869,K06624.01,,FALSE POSITIVE,26.2402438,3.024,174.0,1.16,583.0,27.36,7.9,0.36,5649.0,4.45,0.875
5771589,K06625.01,,FALSE POSITIVE,10.738427243,2.3544,1684.2,6.96,1137.0,394.4,112.8,0.036,6180.0,4.007,1.686
6672229,K06754.01,,FALSE POSITIVE,23.832382513,7.06068,278997.0,63.78,623.0,35.58,2389.2,0.664,5722.0,4.454,1.0
6676725,K06755.01,,FALSE POSITIVE,1.428766771,3.9753,92.2,1.01,1737.0,2157.42,3.6,0.354,6197.0,4.449,1.035
6695622,K06756.01,,FALSE POSITIVE,14.5567427,1.421,185.1,1.38,783.0,89.02,8.9,0.4308,6153.0,4.471,0.993
6695889,K06757.01,,FALSE POSITIVE,1.106560721,2.64151,253683.0,47.63,1782.0,2382.7,643.6,0.531,6205.0,4.534,0.873
6697716,K06758.01,,FALSE POSITIVE,0.721624431,2.54242,157754.0,40.61,1604.0,1560.97,514.4,0.855,5067.0,4.565,0.715
6698670,K06760.01,,FALSE POSITIVE,10.81589054,4.73495,45399.6,32.48,1086.0,328.64,4313.4,0.219,6269.0,4.109,1.508
7584778,K06887.01,,FALSE POSITIVE,0.622303871,1.84,80.9,0.77,2032.0,4050.15,9.9,0.338,5672.0,4.447,0.853
7588436,K06888.01,,FALSE POSITIVE,23.3924063,3.416,62.3,0.84,701.0,57.23,8.1,0.3153,6221.0,4.4,1.05
7597703,K06891.01,,FALSE POSITIVE,4.608901433,8.73393,378548.0,48.72,1007.0,242.9,2624.6,0.386,5938.0,4.605,0.755
7605600,K06893.01,,FALSE POSITIVE,3.326193904,2.08375,178470.0,14.72,521.0,17.41,502.0,0.001,3520.0,4.906,0.349
8312222,K07017.01,,FALSE POSITIVE,12.823275455,5.32062,121991.0,44.29,743.0,72.0,2541.7,0.93,5973.0,4.562,0.826
8314801,K07018.01,,FALSE POSITIVE,37.183276326,14.0996,221205.0,55.0,594.0,29.41,2648.4,0.003,5657.0,4.23,1.168
8316503,K07019.01,,FALSE POSITIVE,5.065329723,4.90392,155614.0,60.35,1315.0,705.6,5497.0,0.725,6350.0,4.233,1.286
8330575,K07020.01,,FALSE POSITIVE,0.957079167,3.85011,48673.6,72.76,2441.0,8421.62,3062.6,1.135,6367.0,4.133,1.468
8345358,K07021.01,,FALSE POSITIVE,9.380632783,4.295,65832.8,46.72,846.0,120.99,1053.1,1.084,5926.0,4.519,0.913
8358008,K07022.01,,FALSE POSITIVE,10.064687893,3.59854,10088.0,30.11,679.0,50.11,585.4,1.261,5185.0,4.571,0.705
8364119,K07024.01,,FALSE POSITIVE,7.73591011,5.01919,315131.0,50.46,806.0,99.92,3786.7,0.613,5623.0,4.596,0.763
9278021,K07152.01,,FALSE POSITIVE,3.359470825,2.14715,2707.8,129.93,2421.0,8125.7,504.1,1.281,6587.0,3.531,3.514
9284741,K07153.01,,FALSE POSITIVE,20.729255112,7.53677,341973.0,53.87,567.0,24.47,2957.7,0.575,5256.0,4.502,0.802
9286728,K07154.01,,FALSE POSITIVE,3.04459739,7.638,66.1,0.62,1076.0,317.36,18.2,0.385,5525.0,4.603,0.753
9291368,K07155.01,,FALSE POSITIVE,3.796448299,11.5917,522879.0,232.39,2577.0,10412.56,1487.2,0.249,8117.0,3.748,3.07
9291368,K07155.02,,FALSE POSITIVE,3.79654367,11.4071,70781.0,159.34,2577.0,10412.56,283.7,1.081,8117.0,3.748,3.07
9291748,K07156.01,,FALSE POSITIVE,15.926990634,11.5142,394232.0,93.94,566.0,24.16,3458.3,1.368,5191.0,4.615,0.65
9304561,K07158.01,,FALSE POSITIVE,1.219049953,1.477,53.5,2.48,2948.0,17862.9,10.1,0.0517,5742.0,3.521,3.374
9328852,K07159.01,,FALSE POSITIVE,0.64585177,1.97644,308504.0,51.1,1234.0,543.24,808.3,1.138,4399.0,4.788,0.463
10091257,K07284.01,,FALSE POSITIVE,1.70192371,3.0271,49833.0,40.15,1704.0,1993.63,351.1,0.906,5826.0,4.273,1.262
10093664,K07285.01,,FALSE POSITIVE,1.20693963,6.881,20.0,0.97,2847.0,15568.09,24.3,0.701,7331.0,4.041,2.041
10095512,K07286.01,,FALSE POSITIVE,3.008602107,4.34296,120272.0,56.15,1343.0,768.47,502.0,0.948,6033.0,4.398,1.026
10098534,K07287.01,,FALSE POSITIVE,41.81145,2.208,302.0,1.4,483.0,12.88,5.9,0.0121,5593.0,4.478,0.812
10129482,K07288.01,,FALSE POSITIVE,0.846291334,1.79962,190191.0,30.8,1243.0,562.86,1049.3,0.779,4627.0,4.721,0.526
10155080,K07289.01,,FALSE POSITIVE,1.930451347,3.87956,53075.2,58.77,1623.0,1637.68,602.3,1.121,6154.0,4.399,1.168
10156064,K07290.01,,FALSE POSITIVE,2.427967843,4.7847,126975.0,108.33,2275.0,6328.22,472.8,0.954,7652.0,4.104,1.921
11198723,K07417.01,,FALSE POSITIVE,6.840305932,4.32742,124933.0,62.08,945.0,188.58,2025.7,1.094,5970.0,4.521,0.908
11199725,K07418.01,,FALSE POSITIVE,1.032967155,1.17,127.3,21.22,5990.0,304226.71,8.3,0.025,5283.0,2.352,18.959
11200773,K07419.01,,FALSE POSITIVE,2.489550708,2.84685,29838.9,36.91,1281.0,636.43,443.6,1.185,6018.0,4.569,0.794
11228612,K07420.01,,FALSE POSITIVE,2.980479588,3.72527,375343.0,70.52,1370.0,833.83,1737.7,0.479,6065.0,4.377,1.047
11232745,K07421.01,,FALSE POSITIVE,4.81712182,2.45699,35756.4,43.45,922.0,170.42,445.3,1.233,5419.0,4.581,0.795
11233911,K07422.01,,FALSE POSITIVE,2.479948394,5.7219,150682.0,35.62,1169.0,441.85,489.6,0.67,5391.0,4.539,0.822
11234677,K07423.01,,FALSE POSITIVE,1.58742695,2.66475,76162.0,37.64,1893.0,3023.98,1150.7,0.718,6440.0,4.313,1.241
11235323,K07424.01,,FALSE POSITIVE,19.668404822,21.1764,352808.0,42.91,555.0,22.36,1834.5,0.0,5260.0,4.56,0.717
8652360,K04562.02,,FALSE POSITIVE,0.968065631,1.772,92.5,0.68,1487.0,1157.58,14.0,0.518,5367.0,4.639,0.687
5476671,K04598.02,,FALSE POSITIVE,0.824181335,2.4864,224.7,18.2,1912.0,3155.32,40.2,1.174,5977.0,4.514,0.883
4919550,K04766.02,,FALSE POSITIVE,2.45261841,1.9,85.5,0.69,1108.0,355.92,8.8,0.3595,5216.0,4.564,0.751
8094120,K04881.02,,FALSE POSITIVE,0.706423768,1.0597,46.1,1.16,2845.0,15425.08,15.9,0.71,6514.0,4.09,1.585
3858757,K06369.01,,FALSE POSITIVE,25.9534494,6.001,528.9,2.06,554.0,22.3,10.5,0.6188,5591.0,4.559,0.86
3858767,K06370.01,,FALSE POSITIVE,3.49550335,3.799,60.9,0.66,1081.0,322.8,9.6,0.0843,5582.0,4.551,0.85
3858884,K06371.01,,FALSE POSITIVE,25.95193721,15.9897,399167.0,123.34,904.0,157.59,915.3,0.51,6569.0,4.008,1.729
3938073,K06373.01,,FALSE POSITIVE,31.024310431,7.63621,96480.3,93.29,783.0,88.89,4403.8,1.009,6011.0,3.998,1.741
3972391,K06374.01,,FALSE POSITIVE,0.634131057,2.851,27.1,0.58,2488.0,9062.53,11.7,0.0891,6428.0,4.345,1.109
3973002,K06376.01,,FALSE POSITIVE,1.992098705,4.03833,69414.0,45.85,1435.0,1006.31,1186.0,1.069,6024.0,4.523,0.9
5025217,K06496.01,,FALSE POSITIVE,1.78752921,5.315,62.9,5.86,3868.0,52997.01,16.0,0.064,6286.0,3.056,7.342
5025234,K06497.01,,FALSE POSITIVE,1.77555333,14.41,83.5,1.26,1786.0,2402.56,14.1,0.9299,6594.0,4.39,1.138
5025294,K06498.01,,FALSE POSITIVE,5.462689263,3.2605,4184.6,36.25,1024.0,260.14,82.6,1.298,5929.0,4.479,0.888
5026187,K06499.01,,FALSE POSITIVE,3.58966681,18.534,421.3,95.86,2410.0,7969.78,102.3,1.209,6564.0,3.515,3.837
5031804,K06500.01,,FALSE POSITIVE,1.37347867,12.62,289.9,4.25,2505.0,9313.26,27.2,0.9848,6877.0,4.028,1.753
5031882,K06501.01,,FALSE POSITIVE,1.00960235,7.847,31.9,1.94,2885.0,16358.66,12.5,0.992,6028.0,3.724,2.412
5036516,K06502.01,,FALSE POSITIVE,1.060996585,2.6494,41142.0,64.99,1968.0,3542.31,339.5,1.141,5433.0,4.154,1.348
5036530,K06503.01,,FALSE POSITIVE,2.735152701,0.1046,283.3,3.27,1679.0,1875.08,4.7,0.955,6333.0,4.198,1.523
5781192,K06626.01,,FALSE POSITIVE,9.459993213,5.3012,237595.0,51.89,766.0,81.31,3164.4,0.743,5569.0,4.566,0.829
5802285,K06627.01,,FALSE POSITIVE,1.208524388,1.8478,4759.6,26.71,1286.0,647.48,181.3,1.259,4963.0,4.63,0.701
5802470,K06628.01,,FALSE POSITIVE,3.79187443,3.5521,230736.0,47.49,1004.0,240.31,1111.9,0.798,5622.0,4.619,0.723
5807579,K06629.01,,FALSE POSITIVE,17.844323157,5.07999,222364.0,90.67,874.0,138.25,4456.6,0.757,5993.0,4.114,1.485
5809372,K06630.01,,FALSE POSITIVE,34.6506368,10.287,502.5,12.35,1191.0,476.15,21.6,0.973,6681.0,3.465,4.185
5871918,K06632.01,,FALSE POSITIVE,12.643303542,5.48853,236718.0,34.94,443.0,9.07,2907.6,0.739,3977.0,4.697,0.562
5894825,K06633.01,,FALSE POSITIVE,1.36293943,10.32,54.4,31.28,2630.0,11346.02,15.8,1.13,6831.0,3.971,2.106
8374394,K07883.01,,FALSE POSITIVE,185.103836,4.19,581.4,14.63,670.0,47.72,10.9,0.019,4992.0,2.921,6.226
6706287,K06761.01,,FALSE POSITIVE,1.267693801,3.57993,333641.0,64.84,1606.0,1572.85,713.8,0.589,5446.0,4.388,0.961
6766748,K06764.01,,FALSE POSITIVE,7.002865192,5.90232,349695.0,75.09,1197.0,486.09,8168.6,0.358,6818.0,4.357,1.216
6774408,K06766.01,,FALSE POSITIVE,0.85450941,3.723,13.7,0.35,1928.0,3269.09,9.0,0.4204,5922.0,4.454,0.921
6778289,K06767.01,,FALSE POSITIVE,30.130130001,13.4919,280751.0,83.75,753.0,76.07,2583.7,0.631,6674.0,4.286,1.347
6781535,K06769.01,,FALSE POSITIVE,9.12208711,4.62417,58790.4,52.66,904.0,157.73,1599.1,1.104,5857.0,4.396,1.039
8440062,K07886.01,,FALSE POSITIVE,366.71923,9.8,246.4,3.35,383.0,5.09,9.8,0.592,6295.0,3.907,2.049
7622072,K06894.01,,FALSE POSITIVE,6.373454978,3.9377,6084.6,51.6,1169.0,441.1,258.1,1.284,5953.0,4.161,1.254
7630658,K06895.01,,FALSE POSITIVE,1.075577069,4.11779,140584.0,69.11,2094.0,4551.51,1589.6,0.886,6011.0,4.217,1.267
7631194,K06896.01,,FALSE POSITIVE,0.811390968,1.0114,139.9,14.74,5043.0,153237.23,19.2,0.345,4994.0,2.682,12.487
7662209,K06897.01,,FALSE POSITIVE,14.6494599,2.883,221.0,1.0,574.0,25.65,7.4,0.175,5017.0,4.585,0.688
7663804,K06898.01,,FALSE POSITIVE,321.00742,13.01,307.1,3.7,351.0,3.59,11.1,0.6639,5258.0,3.771,2.004
7668648,K06899.01,,FALSE POSITIVE,27.81892382,8.3777,238224.0,50.0,610.0,32.75,156.8,0.606,6126.0,4.513,0.915
7670485,K06900.01,,FALSE POSITIVE,8.467706136,4.05376,77323.6,43.98,844.0,120.02,976.0,1.054,5873.0,4.554,0.843
7670617,K06901.01,,FALSE POSITIVE,24.70361995,6.9719,217538.0,30.13,464.0,10.99,268.7,0.206,5030.0,4.665,0.65
8367298,K07025.01,,FALSE POSITIVE,5.1348689,48.69,115.8,16.17,1040.0,276.25,36.1,1.137,5515.0,4.357,1.001
8374499,K07026.01,,FALSE POSITIVE,5.251918489,5.59653,296478.0,51.51,1060.0,299.43,6979.7,0.317,6099.0,4.511,0.919
8378656,K07027.01,,FALSE POSITIVE,3.62944008,5.94104,130083.0,40.08,1351.0,787.91,5131.4,0.253,6284.0,4.355,1.093
8378922,K07028.01,,FALSE POSITIVE,43.263305017,10.0915,359086.0,62.75,505.0,15.38,2415.6,0.555,5623.0,4.4,0.917
8379547,K07029.01,,FALSE POSITIVE,6.042029838,8.0666,132864.0,23.94,729.0,66.7,312.5,0.689,5030.0,4.67,0.587
8381592,K07030.01,,FALSE POSITIVE,2.892087553,3.16757,71631.0,47.55,1225.0,531.42,563.9,1.062,5622.0,4.443,0.924
8382339,K07031.01,,FALSE POSITIVE,5.40597608,2.79,461.0,31.78,2818.0,14885.1,23.5,0.013,4840.0,2.56,15.355
8398290,K07033.01,,FALSE POSITIVE,0.510804497,2.539,42.7,1.58,3622.0,40925.32,15.4,0.81,6596.0,3.913,2.176
9328864,K07160.01,,FALSE POSITIVE,0.645850521,1.2082,54.9,0.69,1941.0,3366.81,16.8,0.476,5381.0,4.426,0.911
9334490,K07161.01,,FALSE POSITIVE,18.84497113,4.9442,4143.4,5.35,552.0,21.89,79.8,0.895,5220.0,4.578,0.695
9344623,K07163.01,,FALSE POSITIVE,14.759477667,9.7746,357470.0,76.06,862.0,130.69,3813.5,0.56,6522.0,4.407,1.105
9353182,K07164.01,,FALSE POSITIVE,10.476258265,7.77203,120206.0,54.13,1077.0,318.44,8251.5,0.318,6109.0,4.097,1.536
9357275,K07165.01,,FALSE POSITIVE,1.588298157,4.37027,165034.0,120.0,2773.0,13941.82,1071.6,0.855,7742.0,4.024,2.094
9357375,K07166.01,,FALSE POSITIVE,1.58826263,2.655,78.9,0.47,862.0,130.67,8.5,0.021,3931.0,4.717,0.544
9392702,K07167.01,,FALSE POSITIVE,3.909314318,5.36124,97123.4,42.54,1364.0,819.78,1587.6,0.776,6425.0,4.341,1.143
8524110,K07891.01,,FALSE POSITIVE,0.79708975,3.301,19.3,0.54,2262.0,6174.2,9.8,0.53,6056.0,4.271,1.196
10164018,K07292.01,,FALSE POSITIVE,8.5412411,3.654,298.8,1.4,767.0,81.55,10.7,0.793,5602.0,4.614,0.732
10189523,K07293.01,,FALSE POSITIVE,1.013922622,1.6393,34957.0,31.98,1392.0,883.9,79.8,1.178,5110.0,4.618,0.647
10198109,K07294.01,,FALSE POSITIVE,17.918743061,4.36387,118355.0,56.94,942.0,186.0,4696.8,0.252,5870.0,3.903,1.63
10208759,K07295.01,,FALSE POSITIVE,2.287515702,10.0879,358575.0,86.76,1801.0,2484.21,3017.9,0.346,6773.0,4.306,1.391
10214328,K07296.01,,FALSE POSITIVE,659.2907,22.106,338.1,4.66,322.0,2.53,27.0,0.982,6917.0,4.05,1.837
10215422,K07297.01,,FALSE POSITIVE,24.847087207,7.28274,317670.0,52.38,569.0,24.75,6707.7,0.52,5644.0,4.55,0.854
10258558,K07299.01,,FALSE POSITIVE,20.867855659,5.73122,82601.4,53.53,716.0,62.09,2768.6,1.045,6095.0,4.378,1.016
11240948,K07425.01,,FALSE POSITIVE,3.401949837,16.5797,2477.0,14.32,2076.0,4391.35,304.0,0.958,7094.0,3.905,2.17
11250867,K07428.01,,FALSE POSITIVE,2.252822538,3.41062,269847.0,57.6,1462.0,1078.82,1575.9,0.621,6116.0,4.431,0.951
11251058,K07429.01,,FALSE POSITIVE,2.25284817,3.069,60.0,8.61,1940.0,3351.24,8.8,1.043,6850.0,4.196,1.53
11285625,K07431.01,,FALSE POSITIVE,5.39525573,7.8377,104242.0,152.74,1992.0,3721.55,175.7,1.0,7216.0,3.768,2.804
4732015,K05076.02,,FALSE POSITIVE,0.939740093,3.682,106.5,34.87,7200.0,635197.09,14.3,0.5488,4297.0,1.663,33.474
9214712,K06064.02,,FALSE POSITIVE,265.299451,4.563,4946.0,7.1,270.0,1.25,34.3,0.88,5873.0,4.547,0.863
9214715,K06065.02,,FALSE POSITIVE,265.310499,4.013,1530.0,4.69,296.0,1.81,11.6,0.913,6108.0,4.471,0.997
7838906,K06165.02,,FALSE POSITIVE,35.4261827,4.393,317.6,153.72,2217.0,5712.61,7.1,1.004,4289.0,1.603,35.695
1026032,K06252.01,,FALSE POSITIVE,8.460438928,4.73492,76412.9,36.62,804.0,98.6,1797.4,1.061,5951.0,4.638,0.702
3973504,K06377.01,,FALSE POSITIVE,4.318726936,2.67349,59429.0,29.74,1091.0,334.31,394.4,0.867,5896.0,4.518,0.916
4055092,K06379.01,,FALSE POSITIVE,76.45315813,5.1822,9662.2,22.89,291.0,1.7,151.8,1.26,4831.0,4.713,0.54
4067549,K06380.01,,FALSE POSITIVE,7.698431197,5.43677,42548.8,42.72,878.0,140.16,942.6,1.149,5774.0,4.508,0.876
4069063,K06381.01,,FALSE POSITIVE,0.504296702,1.4145,5995.4,50.41,2694.0,12445.73,231.8,1.2942,6140.0,4.243,1.187
4069213,K06382.01,,FALSE POSITIVE,5.194256813,7.25775,38851.4,41.77,1546.0,1349.96,2390.4,0.378,6100.0,3.895,2.086
4075064,K06383.01,,FALSE POSITIVE,61.42252657,3.76585,337545.0,41.01,326.0,2.66,850.4,0.574,4867.0,4.687,0.613
4076952,K06385.01,,FALSE POSITIVE,9.761172507,11.4007,205866.0,95.58,1325.0,729.48,3150.9,0.343,6468.0,3.893,2.048
5036538,K06504.01,,FALSE POSITIVE,1.061008464,2.8029,408767.0,32.58,1002.0,238.59,997.7,0.477,4239.0,4.793,0.454
5039687,K06506.01,,FALSE POSITIVE,5.8957069,56.84,129.7,32.41,1002.0,238.37,24.1,1.3087,5956.0,4.504,0.934
5078879,K06508.01,,FALSE POSITIVE,1.039370613,1.0713,743.6,12.6,3320.0,28690.6,182.9,0.976,6429.0,3.615,3.137
5080346,K06509.01,,FALSE POSITIVE,2.31169425,8.689,38.4,1.76,3178.0,24113.62,16.0,0.628,9451.0,3.97,2.679
5080652,K06510.01,,FALSE POSITIVE,2.072177815,4.54864,293717.0,46.55,1204.0,495.23,590.7,0.641,5519.0,4.621,0.718
5894972,K06634.01,,FALSE POSITIVE,3.34328534,27.29,166.8,64.0,2094.0,4535.97,79.5,1.21,6541.0,3.773,2.652
5952309,K06636.01,,FALSE POSITIVE,0.905678252,1.249,70.4,0.78,1901.0,3074.42,11.1,0.357,6075.0,4.501,0.909
5952457,K06637.01,,FALSE POSITIVE,0.905672916,1.0,110.4,0.76,1468.0,1096.04,12.1,0.033,4949.0,4.552,0.741
5962514,K06639.01,,FALSE POSITIVE,0.790046373,4.9939,149304.0,56.93,2541.0,9873.85,174.5,0.65,6785.0,4.321,1.342
5962716,K06640.01,,FALSE POSITIVE,1.804591904,3.85009,137295.0,80.87,1923.0,3221.97,1666.6,0.879,6271.0,4.178,1.515
5977541,K06642.01,,FALSE POSITIVE,1.14073528,2.394,13.5,0.68,3190.0,24512.67,7.8,0.768,8847.0,4.2,1.685
5977804,K06643.01,,FALSE POSITIVE,3.31976683,4.523,48.0,0.7,1276.0,626.66,8.5,0.713,6100.0,4.438,0.94
6792124,K06770.01,,FALSE POSITIVE,0.52880817,2.2865,57.7,1.84,3558.0,37880.12,38.8,0.432,6224.0,3.815,2.368
6804648,K06771.01,,FALSE POSITIVE,0.700606479,0.993,23.5,1.22,3312.0,28551.69,9.0,0.37,6280.0,3.795,2.449
6806632,K06772.01,,FALSE POSITIVE,9.469191607,9.55999,63501.9,49.17,1679.0,1875.84,4419.3,0.627,9454.0,4.244,1.832
6841577,K06773.01,,FALSE POSITIVE,15.53753378,5.8262,209006.0,40.9,694.0,54.73,2807.8,0.425,5704.0,4.476,0.868
6852488,K06775.01,,FALSE POSITIVE,2.172042913,8.0331,154381.0,100.79,2169.0,5231.88,583.6,0.881,7128.0,4.105,1.775
8460634,K07887.01,,FALSE POSITIVE,6.35216475,3.251,185.7,18.1,2698.0,12523.45,10.9,0.196,4820.0,2.471,13.654
7671594,K06902.01,,FALSE POSITIVE,0.705174384,1.11196,375227.0,366.76,751.0,75.23,222.8,13.5485,3354.0,5.031,0.25
7677005,K06903.01,,FALSE POSITIVE,38.058140058,8.82403,308873.0,94.1,736.0,69.39,3602.0,0.63,6894.0,4.25,1.419
7691527,K06905.01,,FALSE POSITIVE,4.800232532,3.57105,277001.0,48.67,941.0,184.84,893.6,0.669,5591.0,4.59,0.756
7695445,K06906.01,,FALSE POSITIVE,1.74336627,10.405,451.0,140.49,2029.0,4006.15,20.8,1.855,6640.0,4.208,1.478
7700578,K06908.01,,FALSE POSITIVE,1.507100589,5.8097,497657.0,131.16,2378.0,7555.78,711.8,0.336,6919.0,4.099,1.748
7707736,K06909.01,,FALSE POSITIVE,0.758355704,4.4135,9568.3,8.78,1765.0,2292.94,153.3,0.846,5629.0,4.586,0.783
8411947,K07034.01,,FALSE POSITIVE,0.898837525,3.5342,399778.0,57.14,1615.0,1609.86,445.6,0.496,5284.0,4.518,0.807
8414159,K07035.01,,FALSE POSITIVE,11.931131598,5.56983,300506.0,93.46,831.0,112.47,5606.7,1.037,6089.0,4.449,0.959
8414216,K07036.01,,FALSE POSITIVE,11.93137992,3.639,122.1,0.56,415.0,7.0,14.7,0.412,3787.0,4.742,0.505
8415863,K07037.01,,FALSE POSITIVE,27.533803402,3.96227,48152.7,50.02,777.0,85.95,5446.9,0.908,5925.0,4.052,1.611
8423903,K07038.01,,FALSE POSITIVE,12.4964346,84.32,271.7,55.34,1397.0,899.44,141.5,1.17,6821.0,3.805,2.73
8429450,K07039.01,,FALSE POSITIVE,1.352576807,5.49531,317484.0,161.02,2866.0,15932.27,1365.1,0.616,6881.0,3.831,2.406
8445775,K07042.01,,FALSE POSITIVE,13.254134073,4.34991,44979.8,58.51,990.0,227.51,2281.0,1.051,6175.0,4.111,1.436
9411943,K07170.01,,FALSE POSITIVE,1.922009494,3.101,6547.8,48.61,1596.0,1534.66,284.4,1.312,5880.0,4.296,1.087
9412462,K07171.01,,FALSE POSITIVE,10.186578749,10.6304,340671.0,67.45,793.0,93.53,5867.8,0.677,5557.0,4.448,0.916
9418994,K07172.01,,FALSE POSITIVE,32.003815635,4.31197,17120.2,180.25,960.0,201.25,711.4,1.226,5260.0,3.459,4.062
9451096,K07173.01,,FALSE POSITIVE,1.250390814,3.7184,231167.0,101.37,2367.0,7420.89,2046.8,0.73,6297.0,4.006,1.663
9468296,K07176.01,,FALSE POSITIVE,5.748815953,1.9216,11657.0,26.94,799.0,96.29,43.3,1.172,4961.0,4.545,0.753
10264202,K07300.01,,FALSE POSITIVE,0.517573708,2.23102,87205.0,37.02,1863.0,2827.01,740.2,1.021,5427.0,4.633,0.7
10268809,K07302.01,,FALSE POSITIVE,24.70932686,5.0698,29265.0,25.1,662.0,45.33,284.7,0.928,6065.0,4.427,1.023
10274244,K07303.01,,FALSE POSITIVE,13.68369259,4.22504,185514.0,30.6,635.0,38.37,3641.6,0.089,5359.0,4.566,0.708
10275887,K07304.01,,FALSE POSITIVE,9.726748645,19.4093,393412.0,277.38,997.0,233.38,4414.3,1.883,5618.0,4.107,1.406
10290447,K07306.01,,FALSE POSITIVE,0.691561191,5.23,1901.0,5.91,1460.0,1074.31,3.4,1.0183,4892.0,4.669,0.586
10292465,K07307.01,,FALSE POSITIVE,1.35337091,2.2396,104562.0,26.69,1444.0,1031.53,303.0,0.579,5426.0,4.511,0.784
10294608,K07308.01,,FALSE POSITIVE,1.854491777,5.14771,383431.0,63.08,1511.0,1232.64,1070.6,0.285,5843.0,4.413,0.99
11287726,K07433.01,,FALSE POSITIVE,4.737713268,6.384,105259.0,29.25,882.0,143.54,476.7,0.8,5335.0,4.624,0.719
11295085,K07436.01,,FALSE POSITIVE,2.49777454,5.241,78.7,2.14,2264.0,6214.34,51.1,0.778,7117.0,3.964,2.211
11350389,K07438.01,,FALSE POSITIVE,1.51264208,1.871,23842.0,36.72,1357.0,801.0,262.6,1.192,5258.0,4.508,0.811
11356602,K07439.01,,FALSE POSITIVE,323.2575,17.26,286.8,2.01,293.0,1.73,20.0,0.034,5866.0,4.301,1.198
11358392,K07440.01,,FALSE POSITIVE,0.984971822,1.64247,6683.5,56.1,2321.0,6852.37,279.1,1.274,6437.0,4.237,1.369
1433531,K06254.01,,FALSE POSITIVE,567.71329,12.85,259.4,3.28,325.0,2.64,6.6,0.4247,6248.0,3.924,1.996
1717528,K06255.01,,FALSE POSITIVE,9.31392071,0.971,163.7,1.25,884.0,144.19,6.6,0.1287,6032.0,4.485,0.973
2012722,K06257.01,,FALSE POSITIVE,2.32539968,16.791,288.1,9.76,2501.0,9234.82,79.9,1.004,7046.0,3.831,2.724
2013883,K06258.01,,FALSE POSITIVE,0.764597756,1.119,16.6,0.72,2708.0,12721.72,12.0,0.345,6218.0,4.066,1.726
2162994,K06260.01,,FALSE POSITIVE,4.101595158,6.10362,366585.0,51.08,1028.0,264.23,3809.8,0.394,5610.0,4.533,0.808
2167444,K06261.01,,FALSE POSITIVE,2.43574046,22.25,6223.0,24.62,2102.0,4614.94,74.6,0.997,7239.0,4.129,1.781
4078693,K06386.01,,FALSE POSITIVE,2.756536015,1.5908,3590.8,57.46,1580.0,1472.73,100.1,1.239,5496.0,4.02,1.669
4142768,K06387.01,,FALSE POSITIVE,13.99585365,5.0308,19681.0,368.42,1202.0,493.55,118.1,2.095,5638.0,3.597,2.703
4149684,K06388.01,,FALSE POSITIVE,4.320850062,4.26661,75927.4,59.16,1221.0,524.62,1691.5,1.087,6098.0,4.384,1.083
4150703,K06389.01,,FALSE POSITIVE,8.6532378,2.974,126.0,0.96,793.0,93.75,9.0,0.359,5561.0,4.561,0.854
4157488,K06390.01,,FALSE POSITIVE,5.197420145,6.78534,91307.3,81.49,1416.0,949.86,4262.1,1.025,6248.0,4.05,1.528
4160669,K06391.01,,FALSE POSITIVE,2.183517999,4.2703,1321.6,4633.66,9791.0,2169685.72,147.7,1.214,3198.0,0.047,162.725
4171955,K06392.01,,FALSE POSITIVE,383.61248,12.263,619.3,2.3,248.0,0.9,10.2,0.4658,6011.0,4.522,0.902
4174507,K06393.01,,FALSE POSITIVE,1.945914237,2.8712,9880.5,35.94,1417.0,955.56,299.2,1.273,5967.0,4.516,0.83
5083252,K06512.01,,FALSE POSITIVE,2.500560859,7.5902,20.4,0.48,1486.0,1149.55,4.5,0.104,6305.0,4.422,1.052
5091075,K06514.01,,FALSE POSITIVE,1.25625738,9.726,15.2,1.32,3507.0,35745.58,50.1,0.8208,7450.0,3.68,3.063
5091614,K06515.01,,FALSE POSITIVE,21.142458554,5.17846,73960.9,41.68,672.0,48.12,3830.9,0.971,6079.0,4.495,0.945
5094301,K06517.01,,FALSE POSITIVE,0.99519559,2.293,13.7,0.29,1624.0,1642.44,7.4,0.0372,5506.0,4.512,0.782
5983348,K06644.01,,FALSE POSITIVE,25.150788449,7.72717,37582.6,39.12,686.0,52.23,1504.9,1.025,6015.0,4.329,1.101
5990753,K06645.01,,FALSE POSITIVE,7.21636091,2.218,384.7,18.03,2146.0,5009.17,37.2,0.017,5029.0,2.909,9.476
6029130,K06647.01,,FALSE POSITIVE,12.591656377,5.53385,302584.0,49.21,642.0,40.23,3990.5,0.629,5293.0,4.604,0.756
6035335,K06648.01,,FALSE POSITIVE,1.044408447,3.633,46.2,1.17,2745.0,13421.48,15.1,0.1512,7274.0,4.161,1.698
6041511,K06649.01,,FALSE POSITIVE,0.97705114,2.33,20.1,0.77,2501.0,9261.1,7.4,0.603,6527.0,4.162,1.631
6042116,K06650.01,,FALSE POSITIVE,5.407157086,5.8919,74653.3,125.96,1984.0,3667.86,2882.0,1.062,7617.0,3.856,2.439
6042663,K06651.01,,FALSE POSITIVE,30.971766472,8.31171,228680.0,51.72,523.0,17.73,3245.9,0.763,5633.0,4.558,0.829
6044064,K06652.01,,FALSE POSITIVE,5.06318803,13.8913,662677.0,302.18,908.0,160.52,1602.7,3.4,5375.0,4.531,0.752
6859813,K06778.01,,FALSE POSITIVE,10.88242209,5.51934,206811.0,63.14,894.0,150.98,4284.2,0.788,6200.0,4.422,1.045
6863840,K06779.01,,FALSE POSITIVE,1.926366998,3.98088,399528.0,53.63,1204.0,497.84,1093.2,0.498,5176.0,4.542,0.76
6864569,K06780.01,,FALSE POSITIVE,2.325185422,7.2871,268.5,81.88,3738.0,46102.7,256.3,1.247,11076.0,3.989,2.896
6864859,K06782.01,,FALSE POSITIVE,40.877841988,9.88456,256094.0,164.06,915.0,166.06,5260.3,0.71,6807.0,3.848,2.59
6877673,K06784.01,,FALSE POSITIVE,36.75892725,15.5723,261730.0,51.31,575.0,25.82,4263.6,0.298,6085.0,4.438,0.979
6877871,K06785.01,,FALSE POSITIVE,0.536869783,4.164,221.7,1.81,2645.0,11576.28,27.8,0.5604,6495.0,4.379,1.168
7741048,K06911.01,,FALSE POSITIVE,0.843400322,1.7606,43.7,0.65,1941.0,3371.24,23.8,0.489,5982.0,4.493,0.96
7751562,K06912.01,,FALSE POSITIVE,17.042155208,7.80412,55165.0,24.93,760.0,78.98,2046.2,0.455,6197.0,4.449,1.035
7755741,K06913.01,,FALSE POSITIVE,0.874236216,2.352,58.4,3.46,6177.0,344046.45,11.1,0.2375,10894.0,3.667,4.378
7769072,K06914.01,,FALSE POSITIVE,0.60886299,1.27896,2019.5,158.5,3651.0,42225.89,457.8,1.294,5022.0,3.311,4.167
7769815,K06915.01,,FALSE POSITIVE,4.43529675,2.117,181.9,1.15,1026.0,261.33,9.6,0.353,5659.0,4.511,0.842
7777365,K06916.01,,FALSE POSITIVE,0.88512187,3.349,136.0,1.05,1659.0,1797.86,9.9,0.766,5392.0,4.521,0.819
7798259,K06917.01,,FALSE POSITIVE,1.734221252,2.4577,289817.0,42.06,1114.0,363.79,542.2,0.553,4765.0,4.584,0.702
8453191,K07043.01,,FALSE POSITIVE,5.776764285,6.99715,153902.0,117.51,1542.0,1336.82,3033.4,0.88,6263.0,3.875,2.072
8453324,K07044.01,,FALSE POSITIVE,1.26227317,3.30141,7342.5,369.2,3790.0,48665.04,1159.9,1.247,4927.0,2.882,9.356
8479107,K07045.01,,FALSE POSITIVE,0.76757669,2.04757,157612.0,34.23,1530.0,1294.42,431.3,0.821,5182.0,4.635,0.627
8479386,K07046.01,,FALSE POSITIVE,5.860377067,10.4634,361615.0,78.14,1191.0,475.44,3044.1,0.526,6267.0,4.284,1.158
8488876,K07047.01,,FALSE POSITIVE,5.801881299,4.21133,34469.8,62.9,2001.0,3784.87,3642.0,0.81,7259.0,3.739,3.009
8504570,K07048.01,,FALSE POSITIVE,4.00770453,5.50884,168776.0,92.08,1699.0,1969.22,1753.5,0.835,7162.0,4.185,1.631
8509346,K07049.01,,FALSE POSITIVE,6.099032889,4.82208,55374.3,36.68,1183.0,462.81,2884.0,0.891,6356.0,4.297,1.141
8517433,K07050.01,,FALSE POSITIVE,0.652956712,0.627,50.0,0.76,2146.0,4984.96,12.7,0.26,5812.0,4.419,1.055
9474222,K07177.01,,FALSE POSITIVE,13.691790011,5.64674,97563.5,49.2,994.0,230.66,8326.3,0.269,6295.0,4.158,1.554
9474969,K07178.01,,FALSE POSITIVE,21.570508432,13.8604,134176.0,63.68,923.0,171.91,8616.1,0.388,6322.0,4.003,1.692
9509207,K07181.01,,FALSE POSITIVE,14.199840087,5.98531,214604.0,85.76,907.0,159.99,1408.6,0.772,5864.0,4.139,1.414
9520700,K07183.01,,FALSE POSITIVE,2.136834989,4.34882,346183.0,66.59,1415.0,948.25,644.7,0.559,5753.0,4.42,0.989
9529294,K07184.01,,FALSE POSITIVE,2.51690133,2.521,59.6,0.97,1430.0,986.6,10.0,0.093,5403.0,4.201,1.284
10296163,K07309.01,,FALSE POSITIVE,9.296746368,6.88069,213838.0,400.4,1552.0,1370.16,4407.8,1.623,6461.0,3.67,2.884
10330495,K07310.01,,FALSE POSITIVE,18.060078203,11.5759,58975.4,20.71,618.0,34.4,1797.6,0.328,5330.0,4.464,0.855
10332789,K07311.01,,FALSE POSITIVE,18.74072534,5.19791,125477.0,35.61,717.0,62.46,2964.7,0.203,6122.0,4.471,0.996
10340228,K07312.01,,FALSE POSITIVE,0.93371313,2.971,66.0,0.69,1642.0,1724.34,8.9,0.133,5436.0,4.548,0.869
10341787,K07313.01,,FALSE POSITIVE,0.93373716,5.015,144.9,1.14,1666.0,1811.1,16.0,0.793,5390.0,4.479,0.852
10342097,K07314.01,,FALSE POSITIVE,0.933735579,3.892,351.4,10.28,3696.0,43890.28,27.1,0.565,5016.0,3.013,5.344
10345862,K07315.01,,FALSE POSITIVE,58.28819056,21.6014,156160.0,42.57,462.0,10.79,2927.4,0.499,5463.0,4.353,1.044
10346522,K07316.01,,FALSE POSITIVE,3.989144446,20.7947,630524.0,60.26,996.0,233.19,2055.9,0.252,5538.0,4.555,0.719
10352603,K07317.01,,FALSE POSITIVE,32.77897303,19.1378,410080.0,69.08,588.0,28.29,2126.1,0.496,6122.0,4.487,0.964
11359305,K07441.01,,FALSE POSITIVE,28.487107336,3.77887,37662.9,116.84,963.0,202.98,658.2,1.175,6351.0,3.814,2.385
11391181,K07442.01,,FALSE POSITIVE,8.61733907,4.05563,185861.0,51.79,796.0,94.74,1542.6,0.825,5387.0,4.482,0.87
11401869,K07443.01,,FALSE POSITIVE,2.16146908,3.643,84.8,0.95,1487.0,1155.45,11.8,0.41,6047.0,4.422,1.013
11409698,K07444.01,,FALSE POSITIVE,10.26782676,6.02685,247175.0,73.59,1136.0,393.02,5758.7,0.277,6664.0,4.176,1.44
11455795,K07446.01,,FALSE POSITIVE,1.057335679,1.5795,47337.0,14.59,1276.0,623.51,476.0,0.262,4664.0,4.594,0.683
11457191,K07447.01,,FALSE POSITIVE,1.149198426,4.1603,37721.0,42.03,1690.0,1922.43,164.2,1.167,5858.0,4.486,0.867
11462556,K07448.01,,FALSE POSITIVE,2.50012775,28.2,49.9,1.66,1977.0,3611.69,17.6,0.9917,6923.0,4.12,1.664
2305372,K06264.01,,FALSE POSITIVE,1.40469182,6.26327,702439.0,217.25,2263.0,6187.57,2651.1,0.597,6230.0,4.043,1.863
2306740,K06265.01,,FALSE POSITIVE,10.306982793,11.4277,341790.0,81.21,960.0,200.8,3691.9,0.564,5912.0,4.225,1.217
2308957,K06266.01,,FALSE POSITIVE,1.109841858,8.11952,300713.0,177.78,2944.0,17830.7,2082.6,0.12,5788.0,3.607,3.211
2437452,K06268.01,,FALSE POSITIVE,7.234965722,7.0245,164848.0,34.03,843.0,119.12,671.3,0.548,5653.0,4.573,0.798
2437804,K06269.01,,FALSE POSITIVE,7.45301717,3.685,551.5,37.37,2595.0,10730.53,18.3,0.035,4475.0,2.329,16.755
2438061,K06270.01,,FALSE POSITIVE,2.442941283,4.1847,37338.0,48.18,1352.0,788.17,229.7,1.164,5780.0,4.438,1.0
4180396,K06394.01,,FALSE POSITIVE,3.684337918,2.1931,76.7,12.52,2481.0,8964.2,31.4,1.045,9609.0,4.149,2.108
4245897,K06395.01,,FALSE POSITIVE,11.2570616,29.059,690235.0,162.84,1272.0,619.07,655.2,0.0,6915.0,4.012,1.875
4252226,K06396.01,,FALSE POSITIVE,21.858963291,6.32492,117113.0,114.63,925.0,172.73,2951.2,0.969,5923.0,3.904,2.06
4261960,K06397.01,,FALSE POSITIVE,1.461270059,16.467,3348.7,26.29,1253.0,583.36,131.0,1.288,5226.0,4.651,0.674
4269252,K06398.01,,FALSE POSITIVE,9.4022333,2.79,316.0,23.61,2309.0,6719.57,9.8,0.019,4597.0,2.42,13.874
4281895,K06400.01,,FALSE POSITIVE,9.543584955,3.72007,68184.5,77.97,1141.0,401.55,3442.2,0.985,5537.0,3.837,1.785
5095269,K06518.01,,FALSE POSITIVE,18.611957253,4.24721,124833.0,65.5,829.0,111.83,2671.7,0.952,6492.0,4.32,1.17
5097278,K06519.01,,FALSE POSITIVE,0.73240662,4.33,329.0,3.65,3191.0,24515.44,15.3,0.8618,7392.0,4.135,1.772
5098757,K06520.01,,FALSE POSITIVE,2.954598,24.79,337.8,89.95,2148.0,5028.39,18.1,1.3662,6955.0,3.885,2.161
5111801,K06521.01,,FALSE POSITIVE,0.562006231,3.496,14.2,0.58,2978.0,18708.86,12.8,0.678,6609.0,4.17,1.455
5112198,K06522.01,,FALSE POSITIVE,3.21559054,16.261,202.4,18.8,1366.0,822.2,87.1,1.153,6300.0,4.414,1.036
5113809,K06523.01,,FALSE POSITIVE,1.547426532,16.1346,532.9,3.62,1973.0,3587.69,210.1,0.947,6612.0,4.303,1.264
5115178,K06524.01,,FALSE POSITIVE,12.851722103,5.71731,42518.6,47.26,781.0,88.01,1537.8,1.15,5838.0,4.438,0.967
5115379,K06525.01,,FALSE POSITIVE,4.2055797,19.4,100.5,1.8,1345.0,773.19,71.7,0.9883,6190.0,4.261,1.259
6046311,K06654.01,,FALSE POSITIVE,0.957476003,0.6624,450.7,2.47,2138.0,4953.98,20.2,0.327,6312.0,4.338,1.122
6048106,K06655.01,,FALSE POSITIVE,1.559360638,5.4458,280066.0,94.2,2234.0,5905.62,419.9,0.647,7002.0,4.193,1.488
6060580,K06658.01,,FALSE POSITIVE,2.313367981,2.42645,13437.5,33.55,1180.0,458.02,733.6,1.247,5508.0,4.598,0.764
6063448,K06659.01,,FALSE POSITIVE,76.01811375,13.4849,80671.0,63.58,652.0,42.65,604.3,0.788,6703.0,4.018,1.892
6890618,K06787.01,,FALSE POSITIVE,1.574063832,5.6357,1118.1,28.63,1619.0,1622.84,145.3,1.237,5951.0,4.411,0.962
6925263,K06788.01,,FALSE POSITIVE,2.51989935,1.55,147.2,1.04,1217.0,519.13,7.7,0.4448,5646.0,4.549,0.841
6927629,K06789.01,,FALSE POSITIVE,3.867613816,5.36467,340908.0,69.23,1203.0,494.75,1379.1,0.553,5780.0,4.364,1.046
6929016,K06790.01,,FALSE POSITIVE,0.733726452,2.309,114.6,0.86,1867.0,2891.64,13.8,0.291,5855.0,4.578,0.797
6936977,K06791.01,,FALSE POSITIVE,36.473115046,2.91005,161926.0,53.1,467.0,11.24,1899.1,1.003,5452.0,4.594,0.766
6939670,K06792.01,,FALSE POSITIVE,4.238855579,5.2235,68002.0,38.01,1044.0,280.82,374.8,1.031,5655.0,4.482,0.804
6947837,K06794.01,,FALSE POSITIVE,1.17033848,11.56,17.3,0.98,3272.0,27090.0,13.4,0.1381,8027.0,3.997,2.314
6949550,K06795.01,,FALSE POSITIVE,7.841066931,5.47901,342094.0,56.33,876.0,139.18,3314.7,0.579,5973.0,4.562,0.829
7816680,K06920.01,,FALSE POSITIVE,4.292599454,4.73293,140032.0,64.04,1319.0,715.83,1329.6,0.89,6467.0,4.377,1.174
7838639,K06922.01,,FALSE POSITIVE,2.113197701,3.46341,57315.5,50.13,1825.0,2624.42,1048.1,0.909,6215.0,4.138,1.463
7846730,K06923.01,,FALSE POSITIVE,11.02822674,8.275,278035.0,75.47,1028.0,264.14,4680.2,0.351,6271.0,4.199,1.387
7847927,K06924.01,,FALSE POSITIVE,70.37626987,6.4205,116050.0,40.43,373.0,4.59,759.7,0.944,5458.0,4.603,0.755
8526387,K07051.01,,FALSE POSITIVE,0.772803664,1.368,290.2,1.11,1365.0,826.03,8.5,0.199,4535.0,4.607,0.668
8543278,K07052.01,,FALSE POSITIVE,7.549299761,2.46338,44575.7,18.8,690.0,53.74,907.2,0.899,5085.0,4.679,0.634
8552500,K07053.01,,FALSE POSITIVE,0.530972263,3.653,48.6,9.32,2373.0,7495.0,12.1,1.079,6185.0,4.472,0.991
8552540,K07054.01,,FALSE POSITIVE,0.530967171,3.8102,378394.0,92.29,2312.0,6728.14,671.9,0.84,5951.0,4.439,0.991
8553788,K07055.01,,FALSE POSITIVE,1.606163631,4.92516,144603.0,130.46,2943.0,17727.93,1662.0,0.901,8027.0,3.997,2.314
8553907,K07056.01,,FALSE POSITIVE,42.032096076,11.6768,391261.0,79.17,622.0,35.34,2164.4,0.519,6618.0,4.393,1.117
8559796,K07057.01,,FALSE POSITIVE,0.619303759,6.6038,74.5,4.71,3232.0,25737.02,3.5,1.013,7138.0,4.137,1.684
8559863,K07058.01,,FALSE POSITIVE,22.470494368,7.39097,45979.0,19.12,518.0,17.04,2393.2,0.86,5315.0,4.636,0.697
9529856,K07185.01,,FALSE POSITIVE,37.482223878,4.81451,28976.8,114.14,902.0,156.47,1262.3,1.2,6422.0,3.78,2.415
9536048,K07186.01,,FALSE POSITIVE,3.71186243,1.032,53.9,0.95,1406.0,922.9,7.0,0.469,6302.0,4.299,1.258
9540450,K07187.01,,FALSE POSITIVE,1.077358008,3.6713,311051.0,70.64,1925.0,3242.53,537.4,0.619,6100.0,4.397,1.064
9540675,K07188.01,,FALSE POSITIVE,3.55643514,8.529,45.8,0.75,1297.0,669.38,13.4,0.146,5831.0,4.289,1.109
9541163,K07189.01,,FALSE POSITIVE,0.5366497,2.887,105.4,0.92,2142.0,4982.76,10.6,0.042,5822.0,4.529,0.898
9569866,K07191.01,,FALSE POSITIVE,1.480324075,3.20209,400007.0,47.81,1313.0,701.93,1095.9,0.388,5260.0,4.56,0.717
9579192,K07192.01,,FALSE POSITIVE,12.08353781,7.90317,43086.6,50.33,1310.0,696.82,3799.5,0.749,6770.0,3.89,2.214
8540376,K07892.01,Kepler-457 d,CONFIRMED,10.692115,4.657,408.4,2.71,1008.0,244.47,9.4,0.734,6474.0,4.311,1.242
10363300,K07318.01,,FALSE POSITIVE,0.934926138,3.1925,131941.0,58.67,1957.0,3455.76,1149.3,0.905,5962.0,4.423,1.078
10407047,K07321.01,,FALSE POSITIVE,0.93374699,6.168,172.1,103.98,3442.0,33070.3,25.5,1.167,4909.0,3.136,5.272
10407430,K07322.01,,FALSE POSITIVE,0.933759404,3.491,114.9,0.99,1763.0,2289.8,18.9,0.712,5766.0,4.514,0.866
10407464,K07323.01,,FALSE POSITIVE,0.93373711,3.151,12.9,0.37,2077.0,4422.99,11.2,0.121,6300.0,4.391,1.025
10420279,K07325.01,,FALSE POSITIVE,45.43324862,14.242,414352.0,77.25,529.0,18.46,1337.0,0.489,5731.0,4.359,1.08
10422852,K07326.01,,FALSE POSITIVE,1.398890216,4.9641,66012.0,57.48,1784.0,2389.78,204.0,1.123,6134.0,4.378,1.051
11499757,K07450.01,,FALSE POSITIVE,12.314402323,5.8903,393895.0,75.21,864.0,131.33,2540.6,0.506,6247.0,4.433,1.066
11501774,K07451.01,,FALSE POSITIVE,0.691823991,5.965,165.9,1.23,1878.0,2938.32,18.0,0.3501,5226.0,4.404,0.962
11502172,K07452.01,,FALSE POSITIVE,25.431861399,5.23771,46564.7,43.42,601.0,30.92,785.0,1.126,5754.0,4.458,0.9
11502179,K07453.01,,FALSE POSITIVE,3.98855869,1.467,214.1,2.4,1447.0,1036.21,10.5,0.1671,5791.0,4.057,1.646
11506235,K07454.01,,FALSE POSITIVE,20.413052415,4.4621,92672.5,35.03,668.0,47.14,1620.8,0.777,5941.0,4.487,0.963
11560382,K07456.01,,FALSE POSITIVE,0.527679032,1.395,84.1,0.79,2115.0,4714.94,14.8,0.284,5799.0,4.548,0.86
11560431,K07457.01,,FALSE POSITIVE,0.527673075,1.3693,26.1,0.42,1970.0,3535.35,2.3,0.134,5367.0,4.514,0.828
2438062,K06271.01,,FALSE POSITIVE,2.44295727,4.0656,15298.0,44.35,1352.0,788.17,85.5,1.242,5780.0,4.438,1.0
2438517,K06272.01,,FALSE POSITIVE,3.31587688,3.152,185.6,1.27,1097.0,342.77,11.4,0.688,5385.0,4.476,0.875
2442084,K06273.01,,FALSE POSITIVE,49.788613011,7.41807,219219.0,32.57,271.0,1.28,1566.8,0.753,3892.0,4.708,0.542
2450716,K06275.01,,FALSE POSITIVE,1.38607973,8.7,64.6,0.6,1356.0,798.8,2.8,0.0198,5261.0,4.562,0.768
2557430,K06277.01,,FALSE POSITIVE,0.648868342,2.82428,34769.5,72.32,2882.0,16368.52,477.0,1.172,6531.0,4.12,1.524
2568971,K06278.01,,FALSE POSITIVE,5.088582739,7.6066,448.9,46.02,1786.0,2400.3,40.3,1.195,7514.0,4.052,1.955
4349935,K06403.01,,FALSE POSITIVE,0.792023257,3.2604,176.6,0.81,1300.0,678.05,49.6,0.205,4447.0,4.632,0.625
4352168,K06404.01,,FALSE POSITIVE,10.643743766,6.29783,436506.0,47.87,675.0,49.06,3167.9,0.353,5282.0,4.578,0.694
4356621,K06405.01,,FALSE POSITIVE,1.7317958,2.924,60.6,1.19,1825.0,2628.3,10.5,0.445,5691.0,4.095,1.508
4357985,K06406.01,,FALSE POSITIVE,8.65298599,1.549,313.8,1.36,734.0,68.48,12.4,0.529,5210.0,4.538,0.749
4367544,K06407.01,,FALSE POSITIVE,1.19563447,5.3934,8245.0,14.94,1988.0,3686.75,105.8,0.861,5583.0,4.115,1.413
4372410,K06408.01,,FALSE POSITIVE,0.550537628,1.216,72.0,1.93,4181.0,71798.87,4.9,0.516,8098.0,4.013,2.199
4372961,K06410.01,,FALSE POSITIVE,2.53470797,20.143,328.2,50.25,2117.0,4744.68,99.5,1.187,6440.0,3.874,2.254
5119143,K06527.01,,FALSE POSITIVE,0.530799654,3.487,318.5,2.92,3102.0,21896.26,12.5,0.0126,6534.0,4.128,1.622
5164794,K06531.01,,FALSE POSITIVE,1.0429419,7.22,412.0,2.49,1795.0,2448.03,40.9,0.922,5780.0,4.438,1.0
5172274,K06533.01,,FALSE POSITIVE,6.12650913,15.43,2434.0,9.08,1370.0,832.67,3.1,0.919,6881.0,4.252,1.534
5174492,K06534.01,,FALSE POSITIVE,0.720589427,4.329,70.0,1.95,3927.0,56448.93,1.7,0.64,8497.0,4.07,2.211
6068947,K06661.01,,FALSE POSITIVE,0.573036404,1.3176,4174.5,9.97,2376.0,7539.67,419.6,0.9279,5745.0,4.29,1.196
6103049,K06662.01,,FALSE POSITIVE,0.643171495,2.31285,41160.0,54.03,2193.0,5486.36,641.4,1.214,5899.0,4.387,0.989
6109688,K06663.01,,FALSE POSITIVE,14.086776961,10.1279,106837.0,65.6,1197.0,485.09,1856.9,0.603,7138.0,4.062,1.89
6128141,K06665.01,,FALSE POSITIVE,1.872620976,1.7626,1530.6,31.43,1550.0,1362.23,181.9,1.242,6031.0,4.427,1.004
6131659,K06667.01,,FALSE POSITIVE,17.527826808,5.78491,347519.0,49.36,554.0,22.31,2450.1,0.567,5079.0,4.579,0.732
6146838,K06668.01,,FALSE POSITIVE,27.467217305,4.17961,71766.5,38.87,527.0,18.22,1986.1,1.076,5503.0,4.536,0.742
6950275,K06796.01,,FALSE POSITIVE,40.879068,6.562,499.2,3.35,533.0,19.12,12.2,0.988,6072.0,4.51,0.923
6953219,K06797.01,,FALSE POSITIVE,0.566802325,1.842,288.4,1.4,1889.0,3012.0,70.3,0.3857,5233.0,4.489,0.824
6962018,K06799.01,,FALSE POSITIVE,0.634946497,2.40541,426554.0,52.75,1475.0,1123.92,541.4,0.442,4446.0,4.567,0.737
6965293,K06800.01,,FALSE POSITIVE,5.077746556,3.1718,18836.7,54.93,1274.0,622.32,616.9,1.211,6174.0,4.235,1.271
6967430,K06801.01,,FALSE POSITIVE,2.00383703,3.473,42.3,0.67,1518.0,1256.78,10.5,0.268,6045.0,4.439,1.028
7009828,K06802.01,,FALSE POSITIVE,5.321224925,7.48973,98872.1,40.62,958.0,199.25,1203.4,1.003,5787.0,4.544,0.758
7025851,K06803.01,,FALSE POSITIVE,2.340534383,4.43017,241360.0,69.55,1581.0,1476.77,881.5,0.71,6300.0,4.349,1.136
7870250,K06926.01,,FALSE POSITIVE,0.580724809,1.82,64.2,0.75,2191.0,5418.89,16.9,0.292,5989.0,4.492,0.933
7885518,K06928.01,,FALSE POSITIVE,1.72933255,3.631,29.7,0.69,1745.0,2196.53,17.1,0.586,5921.0,4.22,1.211
7885570,K06929.01,,FALSE POSITIVE,1.729338354,6.8524,140158.0,139.36,2230.0,5838.68,379.7,0.887,5587.0,3.754,2.553
7886329,K06930.01,,FALSE POSITIVE,0.567493852,1.35349,7984.0,65.47,3024.0,19665.18,1219.8,1.275,6370.0,4.053,1.548
7919653,K06932.01,,FALSE POSITIVE,2.105238039,5.23595,94675.0,75.1,1966.0,3523.25,1071.9,0.83,5947.0,3.943,1.885
7938468,K06933.01,,FALSE POSITIVE,7.226944171,23.0124,682175.0,237.79,1179.0,457.25,3076.6,1.233,6270.0,4.199,1.36
8560861,K07059.01,,FALSE POSITIVE,31.973311701,13.2105,75053.7,272.44,1289.0,652.01,1554.1,1.35,7854.0,3.669,3.462
8569819,K07062.01,,FALSE POSITIVE,20.849919614,13.7687,313094.0,2912.48,1099.0,345.25,1614.7,13.715,7355.0,4.042,1.984
8574270,K07063.01,,FALSE POSITIVE,15.120212531,3.50007,24616.5,33.11,605.0,31.61,928.2,1.199,5232.0,4.554,0.725
8581658,K07064.01,,FALSE POSITIVE,3.481657589,4.75315,347012.0,78.24,1485.0,1151.7,7428.7,0.245,6225.0,4.191,1.291
8590527,K07065.01,,FALSE POSITIVE,0.739769962,1.95901,20729.3,82.29,3013.0,19590.61,726.2,1.212,6465.0,3.947,1.847
8604993,K07066.01,,FALSE POSITIVE,6.570421193,4.4698,60118.0,33.99,946.0,189.25,712.6,0.939,5812.0,4.484,0.908
8608490,K07067.01,,FALSE POSITIVE,0.541405029,2.7481,327656.0,125.64,2679.0,12266.51,541.2,0.641,5096.0,3.889,1.782
9579789,K07193.01,,FALSE POSITIVE,2.17814186,1.988,127.7,0.92,1174.0,447.79,11.2,0.012,5101.0,4.506,0.84
9592855,K07196.01,,FALSE POSITIVE,0.609662423,4.24033,140917.0,110.14,3834.0,51214.99,3250.1,0.799,7498.0,3.964,2.274
9596187,K07198.01,,FALSE POSITIVE,0.953299962,1.69478,2236.6,35.67,2011.0,3850.25,298.0,1.267,6183.0,4.407,1.02
9597095,K07200.01,,FALSE POSITIVE,2.745640575,3.04508,45264.7,47.22,1300.0,673.9,918.0,1.117,5780.0,4.438,1.0
10454401,K07328.01,,FALSE POSITIVE,12.180721266,4.15602,414950.0,63.25,742.0,71.88,1809.8,0.479,5750.0,4.538,0.882
10462826,K07329.01,,FALSE POSITIVE,50.467024395,8.96181,103144.0,52.88,523.0,17.63,1435.1,0.973,6137.0,4.448,1.012
10468514,K07331.01,,FALSE POSITIVE,0.84986054,1.3875,6571.5,67.45,2260.0,6185.9,100.1,1.26,5164.0,3.949,1.676
10471113,K07332.01,,FALSE POSITIVE,0.933728196,3.441,67.7,0.85,2006.0,3826.49,13.3,0.015,6170.0,4.43,1.032
10481054,K07333.01,,FALSE POSITIVE,2.03742712,3.939,36.0,0.9,1812.0,2550.21,11.4,0.791,6356.0,4.215,1.358
10486425,K07334.01,,FALSE POSITIVE,5.274819905,4.6688,108965.0,100.89,1646.0,1733.91,902.5,0.99,7247.0,4.111,1.834
11560447,K07458.01,,FALSE POSITIVE,0.527678272,2.33166,247744.0,75.31,2551.0,9989.53,706.1,0.385,5321.0,4.069,1.475
11601357,K07459.01,,FALSE POSITIVE,3.55027051,1.879,212.7,1.15,1036.0,272.61,7.6,0.022,5497.0,4.581,0.8
11615481,K07461.01,,FALSE POSITIVE,65.4317194,12.2384,153407.0,59.22,490.0,13.58,1146.6,0.885,6201.0,4.431,1.04
11616200,K07462.01,,FALSE POSITIVE,1.718649321,3.94095,190567.0,39.08,1499.0,1194.16,833.4,0.421,6071.0,4.541,0.865
11616631,K07463.01,,FALSE POSITIVE,7.2949175,41.04,182.8,11.67,763.0,79.99,18.9,1.132,5289.0,4.614,0.731
11616663,K07464.01,,FALSE POSITIVE,7.2935801,40.02,124.5,17.41,925.0,173.44,26.6,1.157,5900.0,4.509,0.951
11618798,K07465.01,,FALSE POSITIVE,42.9261364,2.578,378.4,1.84,490.0,13.65,8.6,0.2964,5628.0,4.503,0.953
2570505,K06279.01,,FALSE POSITIVE,1.89129338,5.677,33.8,0.42,1152.0,416.87,15.1,0.373,4986.0,4.558,0.733
2570767,K06280.01,,FALSE POSITIVE,1.89124453,5.08,31.0,1.19,2200.0,5537.41,19.4,0.734,5850.0,3.72,1.977
2571075,K06281.01,,FALSE POSITIVE,1.89134201,4.674,128.9,0.92,1325.0,729.42,8.9,0.2376,5658.0,4.567,0.815
2576692,K06282.01,,FALSE POSITIVE,87.87826191,12.8138,339056.0,110.85,530.0,18.65,1974.6,0.585,5784.0,3.985,1.642
2580872,K06283.01,,FALSE POSITIVE,15.926632768,7.42888,271858.0,57.95,670.0,47.68,2278.9,0.672,5496.0,4.471,0.917
2583777,K06284.01,,FALSE POSITIVE,0.958116585,2.3496,2374.1,49.16,2271.0,6312.99,296.0,1.275,6032.0,4.147,1.365
2693092,K06285.01,,FALSE POSITIVE,39.841522897,8.79024,143685.0,116.52,765.0,80.93,4421.6,0.902,6078.0,3.946,2.07
2708156,K06286.01,,FALSE POSITIVE,1.891268461,8.24958,641910.0,399.93,5047.0,153163.32,4211.8,0.183,11287.0,3.642,4.662
2708172,K06287.01,,FALSE POSITIVE,1.89114441,8.724,49.9,6.57,932.0,177.97,16.7,1.088,4267.0,4.637,0.627
4375101,K06411.01,,FALSE POSITIVE,61.25964956,12.1777,233258.0,54.72,447.0,9.45,880.3,0.741,5912.0,4.532,0.889
4380283,K06412.01,,FALSE POSITIVE,0.872359598,3.74512,267053.0,67.08,2112.0,4703.58,1063.2,0.686,6240.0,4.391,1.048
4384793,K06413.01,,FALSE POSITIVE,374.318792,5.96,1541400.0,243.21,241.0,0.79,10.3,0.8507,5997.0,4.572,0.815
4445630,K06414.01,,FALSE POSITIVE,5.627911313,7.08223,434329.0,81.61,1167.0,438.81,2890.7,0.464,6280.0,4.361,1.115
4446411,K06415.01,,FALSE POSITIVE,0.62927655,0.9698,839.5,4.64,2102.0,4624.3,30.9,0.98,5628.0,4.388,0.976
4454219,K06416.01,,FALSE POSITIVE,1.22578134,2.235,99376.0,53.32,1701.0,1973.12,86.8,0.985,5780.0,4.438,1.0
4456622,K06417.01,,FALSE POSITIVE,0.751408792,2.2974,17481.0,41.48,1926.0,3241.36,267.3,1.242,5697.0,4.46,0.903
4482738,K06418.01,,FALSE POSITIVE,0.866344816,1.9188,233.6,6.85,3569.0,38575.44,46.5,0.318,4936.0,3.055,4.527
4484312,K06419.01,,FALSE POSITIVE,2.24294107,2.532,39.4,0.75,1654.0,1763.55,12.1,0.23,6082.0,4.195,1.184
5174920,K06535.01,,FALSE POSITIVE,0.950487062,2.9283,11.5,1.35,4231.0,75637.15,15.4,0.907,8107.0,3.698,3.385
5181455,K06536.01,,FALSE POSITIVE,5.579631021,3.38646,118321.0,90.32,1108.0,356.56,1268.7,1.323,6188.0,4.427,1.022
5193386,K06537.01,,FALSE POSITIVE,21.37831102,21.7174,80571.0,97.23,1062.0,300.32,852.2,0.257,4905.0,3.3,3.484
5196851,K06539.01,,FALSE POSITIVE,0.541396363,2.384,181.0,2.04,3204.0,24909.05,20.4,0.0783,7118.0,4.212,1.489
5199978,K06540.01,,FALSE POSITIVE,0.550509602,1.1836,123.5,5.02,3938.0,56796.99,24.0,0.386,4891.0,3.169,4.529
5211470,K06541.01,,FALSE POSITIVE,2.404293523,4.4649,8150.9,888.7,4178.0,71976.93,471.2,1.364,4697.0,2.204,17.032
6147573,K06669.01,,FALSE POSITIVE,25.836831272,6.32201,145045.0,50.72,587.0,28.08,3016.9,0.899,5691.0,4.477,0.897
6152521,K06670.01,,FALSE POSITIVE,0.94895231,3.952,57.7,2.51,3464.0,33931.93,18.1,0.738,6661.0,3.666,3.067
6185717,K06671.01,,FALSE POSITIVE,11.702203927,2.75173,28998.7,57.95,1240.0,560.24,2184.7,0.967,6148.0,3.793,2.133
6205460,K06673.01,,FALSE POSITIVE,3.722775537,14.3309,107594.0,90.36,1731.0,2125.53,864.9,0.626,5425.0,3.678,2.592
6206751,K06674.01,,FALSE POSITIVE,1.245342215,4.40308,234086.0,90.34,2341.0,7120.27,1178.5,0.728,6967.0,4.25,1.476
6207053,K06675.01,,FALSE POSITIVE,0.604755462,1.3741,334.5,1.29,1598.0,1534.24,40.3,0.039,4842.0,4.616,0.726
6220470,K06677.01,,FALSE POSITIVE,8.144135648,8.88876,87880.8,56.52,1491.0,1169.67,6113.7,0.222,7605.0,4.123,1.862
7031132,K06804.01,,FALSE POSITIVE,0.566795196,2.18,14.8,0.35,2066.0,4277.24,13.1,0.227,5680.0,4.516,0.908
7031732,K06805.01,,FALSE POSITIVE,0.566798827,3.662,34.9,0.52,2045.0,4154.8,21.9,0.25,5548.0,4.473,0.889
7031767,K06806.01,,FALSE POSITIVE,0.56678012,3.257,27.6,0.49,2073.0,4352.1,13.5,0.492,5674.0,4.506,0.911
7031948,K06807.01,,FALSE POSITIVE,0.566800113,3.315,104.0,0.58,1180.0,455.05,18.1,0.751,3844.0,4.721,0.526
7031992,K06808.01,,FALSE POSITIVE,0.56679293,3.814,101.1,0.86,2064.0,4264.42,22.1,0.18,5812.0,4.551,0.853
7032117,K06809.01,,FALSE POSITIVE,0.566809491,3.156,69.5,0.55,1656.0,1790.3,21.0,0.484,4987.0,4.611,0.654
7032174,K06810.01,,FALSE POSITIVE,0.566799218,4.227,18.2,0.79,3153.0,23364.03,19.2,0.6858,6108.0,3.893,1.753
7032383,K06811.01,,FALSE POSITIVE,0.566797404,4.109,69.4,0.64,1890.0,2993.84,18.8,0.119,5313.0,4.51,0.784
7943535,K06935.01,,FALSE POSITIVE,4.719336335,2.83787,12367.1,91.91,1722.0,2078.32,632.4,1.269,6792.0,3.971,2.058
7947631,K06936.01,,FALSE POSITIVE,1.258274109,1.92467,14159.9,25.98,1207.0,502.19,669.1,1.244,4937.0,4.669,0.587
7950775,K06937.01,,FALSE POSITIVE,8.966610607,4.01883,59618.5,56.94,1038.0,274.04,2049.1,1.101,6480.0,4.351,1.132
7955301,K06938.01,,FALSE POSITIVE,15.32763411,6.0662,17749.0,291.01,1472.0,1108.58,117.0,1.204,4830.0,2.987,6.784
7960295,K06939.01,,FALSE POSITIVE,2.10413487,4.2269,321239.0,67.03,1421.0,963.4,86.4,0.611,5780.0,4.438,1.0
7960547,K06940.01,,FALSE POSITIVE,6.767341062,4.49213,244952.0,52.84,933.0,178.98,3356.8,0.724,5926.0,4.513,0.843
7967100,K06941.01,,FALSE POSITIVE,1.92730001,18.812,6177.1,45.99,1614.0,1605.97,351.1,1.285,6057.0,4.352,1.11
8610483,K07068.01,,FALSE POSITIVE,48.79936881,8.80873,324547.0,67.36,525.0,17.9,1151.6,0.622,6170.0,4.472,0.992
8618226,K07070.01,,FALSE POSITIVE,5.882036054,5.16326,238518.0,119.09,1114.0,363.01,2168.4,1.183,5837.0,4.282,1.187
8621026,K07071.01,,FALSE POSITIVE,4.059428737,5.26926,245217.0,67.38,1455.0,1059.83,5461.0,0.216,6610.0,4.281,1.33
8690001,K07075.01,,FALSE POSITIVE,19.35954117,12.8464,386979.0,101.44,942.0,186.12,3590.2,0.328,6198.0,3.96,1.567
9597854,K07201.01,,FALSE POSITIVE,1.287097944,1.94,106.1,0.89,1631.0,1678.58,12.3,0.382,5906.0,4.494,0.852
9602431,K07202.01,,FALSE POSITIVE,3.5565617,6.691,68.0,0.52,883.0,143.89,10.0,0.262,4964.0,4.628,0.633
9602538,K07203.01,,FALSE POSITIVE,3.55646511,4.72,46.1,0.56,1076.0,317.0,7.8,0.344,5475.0,4.479,0.818
9630640,K07204.01,,FALSE POSITIVE,3.661895766,35.6374,35477.1,374.78,1708.0,2012.26,291.7,2.959,6793.0,4.101,1.589
9635529,K07206.01,,FALSE POSITIVE,2.35195525,5.98883,212828.0,59.62,1678.0,1876.0,1819.1,0.511,6550.0,4.324,1.225
9637299,K07207.01,,FALSE POSITIVE,1.882438182,3.50695,344205.0,74.77,1818.0,2589.75,2051.3,0.395,6322.0,4.211,1.213
10490960,K07335.01,,FALSE POSITIVE,5.682410334,5.33373,220418.0,72.9,1141.0,401.43,2041.6,0.761,5897.0,4.278,1.196
10491031,K07336.01,,FALSE POSITIVE,2.199069234,6.30646,225250.0,118.99,2104.0,4632.97,5915.4,0.762,6613.0,4.014,1.925
10535807,K07337.01,,FALSE POSITIVE,1.481655821,3.4913,59134.0,59.19,1935.0,3314.58,554.4,1.103,6478.0,4.307,1.174
10535858,K07338.01,,FALSE POSITIVE,0.93370968,3.356,62.2,0.38,865.0,131.85,9.2,0.848,3615.0,4.839,0.42
10547685,K07340.01,,FALSE POSITIVE,1.388509353,2.84811,37637.5,52.43,1836.0,2679.88,454.6,1.145,6075.0,4.315,1.13
10549576,K07341.01,,FALSE POSITIVE,9.089355023,6.4006,101478.0,68.91,1511.0,1233.59,756.4,0.647,7675.0,4.051,2.015
10552700,K07342.01,,FALSE POSITIVE,0.94808587,8.03,229.8,37.72,3359.0,30040.23,145.3,1.105,6875.0,3.798,2.856
11619964,K07466.01,,FALSE POSITIVE,10.368552685,4.37878,153233.0,61.14,845.0,120.48,3170.1,0.978,5855.0,4.418,0.944
11651105,K07468.01,,FALSE POSITIVE,13.8602646,74.26,481.1,19.71,690.0,53.56,72.3,1.204,5667.0,4.535,0.796
11662440,K07469.01,,FALSE POSITIVE,13.639480425,3.12422,81103.0,44.0,680.0,50.51,664.1,1.033,5461.0,4.517,0.846
11704044,K07472.01,,FALSE POSITIVE,6.882686062,5.47323,373662.0,60.49,921.0,169.85,2842.2,0.399,5704.0,4.483,0.948
11706658,K07473.01,,FALSE POSITIVE,1.407937865,1.585,50793.0,19.09,1179.0,457.02,137.3,0.759,4627.0,4.564,0.741
2708445,K06288.01,,FALSE POSITIVE,1.89117723,6.986,176.2,164.49,3536.0,36995.02,17.4,1.207,5086.0,2.66,6.86
2708614,K06289.01,,FALSE POSITIVE,52.884577,7.892,11969.0,48.13,555.0,22.44,72.6,1.272,6483.0,4.42,1.078
2711114,K06290.01,,FALSE POSITIVE,1.429439352,2.424,3367.1,54.36,2079.0,4417.56,292.0,1.298,6491.0,4.223,1.371
2720354,K06292.01,,FALSE POSITIVE,2.821328194,5.02692,64776.0,40.0,1807.0,2520.03,1227.3,0.537,6701.0,4.121,1.506
2852560,K06294.01,,FALSE POSITIVE,11.961308501,4.6414,310679.0,51.58,696.0,55.37,1907.8,0.616,5564.0,4.587,0.785
2856960,K06295.01,,FALSE POSITIVE,204.280255,37.2,10579.0,8.99,236.0,0.73,35.1,0.875,4907.0,4.582,0.727
4484356,K06420.01,,FALSE POSITIVE,0.572079631,2.27811,127786.0,29.45,1716.0,2036.56,578.2,0.793,5233.0,4.625,0.639
4489844,K06421.01,,FALSE POSITIVE,0.822314545,3.3374,32.7,0.54,1922.0,3227.02,3.8,0.447,5709.0,4.409,0.938
4540632,K06422.01,,FALSE POSITIVE,31.005392846,3.073,560314.0,141.82,682.0,51.25,1236.1,0.305,5023.0,3.9,1.784
4544623,K06423.01,,FALSE POSITIVE,2.189097,5.768,3001.0,13.92,647.0,41.37,13.5,1.246,3624.0,4.848,0.406
4565985,K06424.01,,FALSE POSITIVE,17.51191534,5.678,728.8,52.64,2246.0,6014.16,41.0,0.008,4029.0,1.786,20.888
4569590,K06426.01,,FALSE POSITIVE,41.3701638,29.254,6907.1,59.95,1133.0,389.15,91.3,0.653,4764.0,2.777,6.883
4574310,K06427.01,,FALSE POSITIVE,1.306220168,5.14519,481370.0,83.16,2095.0,4556.14,2019.4,0.352,6600.0,4.238,1.124
4575824,K06428.01,,FALSE POSITIVE,631.632,16.13,295.1,1.56,201.0,0.38,8.6,0.4544,5689.0,4.493,0.894
5216727,K06543.01,,FALSE POSITIVE,0.756511623,2.81832,41596.1,77.4,2549.0,9947.96,845.0,1.216,6343.0,4.199,1.417
5218014,K06544.01,,FALSE POSITIVE,10.845286549,4.3876,7473.8,319.52,1682.0,1893.11,416.1,1.307,5096.0,3.094,7.023
5255552,K06545.01,,FALSE POSITIVE,32.45541269,7.3736,136386.0,23.48,392.0,5.55,180.9,0.726,4869.0,4.71,0.543
5266937,K06547.01,,FALSE POSITIVE,5.917085496,23.7545,563292.0,75.86,1005.0,241.42,1331.5,0.095,5661.0,4.383,0.987
5269407,K06548.01,,FALSE POSITIVE,0.958871144,2.74361,232350.0,45.91,1743.0,2174.51,1191.2,0.533,5530.0,4.425,0.892
5271803,K06549.01,,FALSE POSITIVE,0.5402463,13.93,1148.0,6.2,3249.0,26335.17,1.6,0.9411,7296.0,4.249,1.498
5272571,K06550.01,,FALSE POSITIVE,1.288046428,3.637,32.3,2.18,2945.0,17822.99,20.3,0.219,5216.0,3.287,3.871
6228703,K06678.01,,FALSE POSITIVE,4.200206781,5.21948,82364.4,105.07,1737.0,2150.58,943.7,1.07,6873.0,4.051,1.923
6231401,K06679.01,,FALSE POSITIVE,6.091954982,3.60482,36700.0,26.96,1036.0,272.7,1508.7,0.953,6063.0,4.424,0.913
6279823,K06681.01,,FALSE POSITIVE,485.52409,11.04,4147.0,6149.09,191.0,0.31,10.8,71.3346,5227.0,4.584,0.8
6283224,K06682.01,,FALSE POSITIVE,0.76647343,2.46345,199901.0,42.33,1628.0,1654.36,545.0,0.766,5297.0,4.594,0.722
6285094,K06683.01,,FALSE POSITIVE,5.2439783,10.1,93.5,1.03,1068.0,307.32,13.1,0.82,6029.0,4.481,0.956
6285396,K06684.01,,FALSE POSITIVE,5.2436639,10.53,93.5,0.88,1059.0,296.41,10.4,0.66,6212.0,4.537,0.862
6285397,K06685.01,,FALSE POSITIVE,5.2438269,8.235,128.6,0.76,743.0,72.18,11.3,0.228,4634.0,4.597,0.689
7032968,K06812.01,,FALSE POSITIVE,0.56678702,3.074,7.5,0.27,2356.0,7279.54,11.2,0.0063,6045.0,4.375,0.999
7033713,K06813.01,,FALSE POSITIVE,2.19642864,4.933,99.5,0.79,1193.0,477.24,11.8,0.004,5376.0,4.576,0.806
7033748,K06814.01,,FALSE POSITIVE,2.19635512,9.65516,266552.0,82.04,1793.0,2448.43,2132.0,0.702,6438.0,4.182,1.273
7049486,K06815.01,,FALSE POSITIVE,26.718417546,8.14155,72975.7,66.69,727.0,65.88,2173.1,1.069,5957.0,4.168,1.286
7050754,K06816.01,,FALSE POSITIVE,0.615787196,3.067,110.6,3.5,3886.0,53910.99,23.9,0.7452,6315.0,3.603,3.075
7090801,K06817.01,,FALSE POSITIVE,548.08441,17.66,560.0,2.35,222.0,0.58,7.4,0.1531,5780.0,4.438,1.0
7097571,K06818.01,,FALSE POSITIVE,2.213964145,6.7598,123355.0,57.06,1891.0,3030.64,951.4,0.634,6256.0,4.037,1.514
7970629,K06942.01,,FALSE POSITIVE,1.025534511,3.52048,110948.0,43.68,1896.0,3066.26,3769.0,0.883,6267.0,4.487,0.919
7970760,K06943.01,,FALSE POSITIVE,7.64941291,6.56935,236246.0,53.4,1050.0,287.83,9054.7,0.231,6387.0,4.398,1.076
7971389,K06944.01,,FALSE POSITIVE,13.174807933,3.37392,71070.9,51.06,811.0,102.2,1812.6,1.065,6067.0,4.433,0.997
7976136,K06945.01,,FALSE POSITIVE,0.655094658,6.159,372.0,26.41,2173.0,5290.98,59.5,1.22,6063.0,4.476,1.012
7985167,K06947.01,,FALSE POSITIVE,0.692239369,2.91121,62962.0,67.05,2594.0,10725.15,469.2,1.074,6163.0,4.137,1.358
7987749,K06948.01,,FALSE POSITIVE,17.030857558,4.24308,77832.4,73.8,836.0,115.15,1947.8,1.047,5575.0,4.066,1.423
8700506,K07077.01,,FALSE POSITIVE,43.797829003,7.70289,415020.0,93.43,668.0,47.15,1375.1,0.489,6860.0,4.326,1.292
8701327,K07078.01,,FALSE POSITIVE,4.254417651,6.55436,294547.0,133.79,1360.0,806.64,2074.5,1.165,6292.0,4.256,1.235
8711548,K07079.01,,FALSE POSITIVE,18.778162159,8.1018,488408.0,127.57,1002.0,238.5,3788.7,0.357,6794.0,4.102,1.71
8719897,K07081.01,,FALSE POSITIVE,1.575710265,6.83787,173954.0,246.75,2630.0,11307.3,1975.1,0.83,5017.0,3.35,4.293
8736245,K07082.01,,FALSE POSITIVE,2.534740757,4.85013,364349.0,52.52,1230.0,541.27,675.7,0.51,5810.0,4.56,0.781
8738115,K07083.01,,FALSE POSITIVE,37.59406667,8.9943,28617.7,43.08,554.0,22.2,485.8,1.197,5941.0,4.426,0.917
8739209,K07084.01,,FALSE POSITIVE,3.6972959,21.335,19.7,1.07,1571.0,1438.97,23.6,0.995,6313.0,4.12,1.594
8746310,K07085.01,,FALSE POSITIVE,6.855624762,3.02199,70873.0,33.93,987.0,224.32,1397.7,0.877,6109.0,4.476,0.931
9640921,K07210.01,,FALSE POSITIVE,80.7060641,6.8899,11851.5,15.47,428.0,7.96,268.1,0.956,6053.0,4.494,0.949
9640921,K07210.02,,FALSE POSITIVE,2.17814513,2.321,136.0,1.22,1428.0,981.63,13.8,0.78,6053.0,4.494,0.949
9641031,K07211.01,,FALSE POSITIVE,1.089077111,3.8834,304072.0,77.59,2045.0,4147.85,476.6,0.63,6126.0,4.285,1.176
9641103,K07212.01,,FALSE POSITIVE,1.089057762,1.637,37.4,0.44,1404.0,917.78,9.2,0.185,5096.0,4.582,0.737
9644411,K07213.01,,FALSE POSITIVE,0.379412331,1.561,594.0,1.59,1643.0,1724.34,20.2,0.243,4331.0,4.62,0.666
9644683,K07214.01,,FALSE POSITIVE,0.585940879,4.6979,1943.6,26.57,1873.0,2897.54,189.9,1.254,5459.0,4.583,0.797
9652166,K07216.01,,FALSE POSITIVE,0.646523404,3.917,25.2,0.85,3163.0,23676.16,14.2,0.494,7257.0,4.185,1.631
10556578,K07343.01,,FALSE POSITIVE,0.626431697,2.0171,37224.0,34.05,1709.0,2003.98,174.0,1.145,5134.0,4.56,0.721
10583181,K07344.01,,FALSE POSITIVE,2.696354974,5.39585,245988.0,80.71,1815.0,2560.78,2717.0,0.324,6472.0,4.08,1.579
10592163,K07346.01,,FALSE POSITIVE,14.762889172,6.52705,79329.6,53.72,759.0,78.43,1779.1,1.046,5691.0,4.354,1.031
10597164,K07347.01,,FALSE POSITIVE,4.5638537,13.05,71.9,2.97,1533.0,1305.08,16.8,0.9866,5446.0,3.793,2.39
10601538,K07348.01,,FALSE POSITIVE,1.463775066,0.953,45.1,1.2,2308.0,6722.29,12.7,0.719,6781.0,4.125,1.651
10601579,K07349.01,,FALSE POSITIVE,8.098754149,5.62354,56616.3,123.02,1176.0,452.03,5402.0,1.467,6328.0,4.16,1.45
10613718,K07350.01,,FALSE POSITIVE,0.587938916,1.40211,7339.5,29.98,1800.0,2476.75,563.0,1.257,5237.0,4.543,0.74
8557246,K07895.01,,FALSE POSITIVE,246.87131,10.69,433.6,2.02,302.0,1.97,6.9,0.327,6168.0,4.488,0.96
11724091,K07475.01,,FALSE POSITIVE,1.559090282,4.95211,226981.0,129.87,2905.0,16893.61,1315.5,0.375,7279.0,3.856,2.624
11757422,K07476.01,,FALSE POSITIVE,1.81993557,2.43,109.1,0.66,907.0,159.62,10.1,0.768,4205.0,4.668,0.578
11763910,K07477.01,,FALSE POSITIVE,0.612888148,2.822,43.1,0.93,2796.0,14401.76,15.9,0.534,6720.0,4.276,1.368
11768970,K07478.01,,FALSE POSITIVE,15.541358818,2.44433,10308.2,149.19,1174.0,448.22,773.4,1.25,5092.0,3.42,3.54
11775530,K07480.01,,FALSE POSITIVE,12.8177012,3.465,75.6,1.21,999.0,235.16,8.0,0.0006,6290.0,4.151,1.385
11811454,K07481.01,,FALSE POSITIVE,2.274628199,4.52648,103972.0,104.26,2092.0,4536.51,2047.9,0.986,6389.0,3.914,1.947
8560280,K07896.01,,FALSE POSITIVE,85.338393,8.5,633.0,11.4,741.0,71.36,27.9,0.004,4850.0,3.134,4.696
2860594,K06296.01,,FALSE POSITIVE,5.499941793,11.3096,47751.3,59.94,1878.0,2942.15,814.1,0.531,7079.0,3.827,2.634
2860788,K06297.01,,FALSE POSITIVE,2.629870555,6.606,101310.0,34.05,1291.0,659.45,1026.0,0.705,5566.0,4.382,0.967
2973509,K06300.01,,FALSE POSITIVE,6.62761199,6.15281,227141.0,82.03,1204.0,496.41,4355.5,0.753,6316.0,4.231,1.333
2998124,K06302.01,,FALSE POSITIVE,28.597880332,7.71925,85951.6,74.25,1014.0,250.21,2526.2,0.356,6590.0,3.787,2.474
3098194,K06303.01,,FALSE POSITIVE,30.476518853,10.2264,326626.0,71.42,592.0,28.96,1347.9,0.6,5527.0,4.315,1.073
4578594,K06429.01,,FALSE POSITIVE,252.1638623,23.92,103788.0,50.74,242.0,0.81,864.5,1.149,5432.0,4.608,0.745
4633434,K06431.01,,FALSE POSITIVE,22.271198511,4.58598,179042.0,39.79,515.0,16.62,2141.3,0.775,5068.0,4.556,0.73
4661634,K06432.01,,FALSE POSITIVE,73.894163515,9.48995,213900.0,39.18,392.0,5.61,3902.3,0.27,5442.0,4.469,0.841
4665989,K06433.01,,FALSE POSITIVE,1.124033822,5.5728,247561.0,98.04,2547.0,9953.28,792.9,0.719,7141.0,4.208,1.563
4671584,K06434.01,,FALSE POSITIVE,2.796661168,3.3781,2363.8,47.68,1661.0,1797.72,251.4,1.276,6331.0,4.146,1.326
4678171,K06435.01,,FALSE POSITIVE,15.288709179,5.00366,512474.0,54.56,509.0,15.84,1758.7,0.372,4464.0,4.577,0.719
4681152,K06436.01,,FALSE POSITIVE,1.83592242,5.9942,30745.9,46.3,1501.0,1195.13,1378.9,1.189,5930.0,4.472,0.976
5282656,K06551.01,,FALSE POSITIVE,1.516372183,1.239,93.8,1.06,1686.0,1911.54,8.8,0.596,6142.0,4.456,1.046
5284133,K06552.01,,FALSE POSITIVE,8.784575777,5.3022,262984.0,104.57,1555.0,1380.83,4761.5,0.5,8144.0,4.139,1.914
5285607,K06553.01,,FALSE POSITIVE,1.949700508,4.35014,38119.2,56.11,1716.0,2048.37,2271.0,1.153,6469.0,4.385,1.193
5286786,K06554.01,,FALSE POSITIVE,9.948701373,3.2922,2749.5,29.19,704.0,57.93,103.1,1.277,5152.0,4.517,0.786
5288543,K06555.01,,FALSE POSITIVE,3.457078812,5.24058,315517.0,86.12,1603.0,1560.4,6009.0,0.317,6526.0,4.182,1.482
5294739,K06556.01,,FALSE POSITIVE,3.735993484,17.4877,617987.0,571.07,2063.0,4283.18,1587.7,0.993,5467.0,3.432,4.055
5298620,K06558.01,,FALSE POSITIVE,12.4239677,16.01,162.4,0.87,606.0,31.93,12.8,0.007,4995.0,4.58,0.698
5300878,K06559.01,,FALSE POSITIVE,0.639721284,2.69771,465918.0,46.59,1505.0,1220.53,1012.9,0.404,4794.0,4.633,0.625
6292732,K06686.01,,FALSE POSITIVE,1.25338826,3.828,44.7,0.64,1651.0,1750.61,14.8,0.469,5869.0,4.513,0.942
6311637,K06688.01,,FALSE POSITIVE,1.620813697,5.9968,121323.0,43.95,1733.0,2127.67,680.4,0.636,5757.0,4.209,1.177
6364126,K06690.01,,FALSE POSITIVE,5.2434664,18.47,119.4,2.83,831.0,113.05,10.7,1.016,5047.0,4.574,0.766
6364195,K06691.01,,FALSE POSITIVE,5.2439542,9.82,143.8,0.81,778.0,86.51,14.2,0.223,4920.0,4.636,0.691
6364200,K06692.01,,FALSE POSITIVE,5.2441517,9.69,90.1,0.91,1056.0,293.68,10.5,0.557,6060.0,4.509,0.925
6364247,K06693.01,,FALSE POSITIVE,5.2443332,11.268,29.9,0.58,1054.0,291.25,13.5,0.775,5952.0,4.489,0.971
7105574,K06820.01,,FALSE POSITIVE,20.726069913,6.47393,118864.0,51.9,657.0,43.93,1216.8,0.989,6011.0,4.522,0.902
7115200,K06821.01,,FALSE POSITIVE,0.566801447,2.352,16.2,0.57,2633.0,11321.32,13.8,0.615,5966.0,4.184,1.349
7115332,K06822.01,,FALSE POSITIVE,0.566794934,4.399,68.9,1.15,2457.0,8648.94,21.7,0.974,6395.0,4.436,1.049
7115463,K06823.01,,FALSE POSITIVE,0.566800287,3.487,73.9,0.88,2260.0,6188.18,23.3,0.648,6075.0,4.486,0.969
7115597,K06824.01,,FALSE POSITIVE,0.566791946,2.77,125.7,1.54,2160.0,5129.25,14.1,0.982,5836.0,4.5,0.97
7115878,K06825.01,,FALSE POSITIVE,0.566790294,3.641,64.0,0.89,2432.0,8244.38,22.6,0.393,6100.0,4.358,1.093
7116043,K06826.01,,FALSE POSITIVE,0.566799725,4.097,46.7,0.77,2289.0,6460.25,12.5,0.33,5576.0,4.297,1.132
7116226,K06827.01,,FALSE POSITIVE,0.566801325,4.176,92.1,1.07,2383.0,7585.82,26.4,0.77,6273.0,4.454,1.021
8008128,K06950.01,,FALSE POSITIVE,14.854415674,5.13753,77410.4,29.77,798.0,95.83,2822.1,0.57,6214.0,4.444,1.022
8009500,K06951.01,,FALSE POSITIVE,38.47674409,5.10744,173168.0,33.8,463.0,10.85,3487.8,0.458,5294.0,4.507,0.79
8013289,K06952.01,,FALSE POSITIVE,10.643110689,88.1118,316.3,31.72,1038.0,274.67,153.7,1.179,5930.0,4.084,1.473
8016214,K06953.01,,FALSE POSITIVE,1.587485742,7.7489,246568.0,41.52,1460.0,1070.86,996.8,0.259,5863.0,4.566,0.821
8027902,K06955.01,,FALSE POSITIVE,1.79621807,10.16,47.0,1.54,2480.0,8937.14,42.0,0.72,7117.0,3.988,2.09
8039925,K06956.01,,FALSE POSITIVE,20.2594232,19.27,82.6,1.23,837.0,116.05,23.7,0.707,6602.0,4.301,1.269
8081389,K06958.01,,FALSE POSITIVE,1.489442254,5.51392,417901.0,115.45,2328.0,6938.66,2309.2,0.455,6962.0,4.148,1.62
8750094,K07086.01,,FALSE POSITIVE,1.12679793,12.079,227.2,21.07,1590.0,1514.63,21.1,1.215,5662.0,4.56,0.84
8758161,K07087.01,,FALSE POSITIVE,0.998217563,3.90851,87567.2,88.64,2795.0,14421.97,3979.1,1.003,6980.0,4.06,1.755
8767034,K07089.01,,FALSE POSITIVE,0.58640848,2.616,61.3,0.48,1444.0,1029.91,23.6,0.352,4556.0,4.676,0.615
8773948,K07090.01,,FALSE POSITIVE,33.46947449,11.8874,164608.0,127.38,972.0,211.38,1255.2,0.315,5934.0,3.581,3.075
8784288,K07091.01,,FALSE POSITIVE,1.827558898,4.72808,314683.0,118.28,2178.0,5331.71,920.8,0.093,5977.0,3.854,2.077
8804358,K07092.01,,FALSE POSITIVE,62.519211,2.523,277.6,1.9,520.0,17.29,6.7,0.081,6343.0,4.411,1.137
8508493,K07890.01,,FALSE POSITIVE,349.85525,5.42,842.0,2.63,251.0,0.94,7.9,0.485,5941.0,4.533,0.885
9652632,K07217.01,,FALSE POSITIVE,2.488812012,5.94523,131002.0,83.26,1852.0,2776.19,3290.5,0.931,6499.0,4.084,1.497
9655424,K07218.01,,FALSE POSITIVE,0.51811818,0.3969,99.0,1.09,2360.0,7376.27,7.8,0.021,6240.0,4.502,0.929
9657636,K07219.01,,FALSE POSITIVE,542.52829,11.06,75.2,1.07,266.0,1.19,11.2,0.3252,6099.0,4.204,1.212
9665503,K07221.01,,FALSE POSITIVE,11.567974732,5.96595,416030.0,45.65,628.0,36.66,2341.5,0.458,5290.0,4.669,0.648
9673173,K07222.01,,FALSE POSITIVE,21.294733865,7.60143,123177.0,71.55,771.0,83.71,2674.6,0.957,6039.0,4.242,1.278
9711751,K07225.01,,FALSE POSITIVE,0.855763492,3.64361,131660.0,72.82,2464.0,8674.28,598.4,0.917,6679.0,4.286,1.326
10619109,K07351.01,,FALSE POSITIVE,2.045166206,6.84312,263637.0,131.41,2422.0,8125.86,1488.6,0.661,7128.0,3.95,2.135
10646620,K07352.01,,FALSE POSITIVE,2.41349123,11.29,57.0,2.11,2348.0,7197.15,38.1,0.728,6628.0,3.783,2.595
10649230,K07353.01,,FALSE POSITIVE,0.447820618,0.4199,58.3,1.42,3141.0,23149.06,28.4,0.317,5927.0,3.988,1.607
10661913,K07355.01,,FALSE POSITIVE,1.23133063,3.7,78.9,0.54,1072.0,311.53,17.6,0.051,4237.0,4.63,0.631
10661976,K07356.01,,FALSE POSITIVE,0.61566096,2.669,13.9,0.84,3459.0,33790.36,8.5,0.161,6619.0,3.89,2.23
10662021,K07357.01,,FALSE POSITIVE,1.23140522,3.338,51.3,0.81,1756.0,2252.47,10.8,0.412,5600.0,4.32,1.118
8560927,K07897.01,,FALSE POSITIVE,31.9714488,8.52,42.9,0.87,674.0,48.92,9.2,0.34,5846.0,4.169,1.323
11817750,K07482.01,,FALSE POSITIVE,9.762550001,4.87531,41579.9,68.93,1375.0,843.46,827.0,1.006,7199.0,4.055,1.95
11855538,K07485.01,,FALSE POSITIVE,2.521265,2.69,36.5,1.16,2049.0,4175.66,5.9,0.463,6306.0,3.828,1.874
11858541,K07486.01,,FALSE POSITIVE,5.674353343,4.17722,36484.5,51.63,1053.0,290.75,1098.3,1.167,5594.0,4.303,1.071
11873166,K07487.01,,FALSE POSITIVE,0.734426335,2.7415,99056.0,51.42,2106.0,4660.36,429.7,0.971,6108.0,4.471,0.997
11873171,K07488.01,,FALSE POSITIVE,0.734426409,1.569,94.1,0.98,2223.0,5800.4,10.4,0.039,6406.0,4.458,1.005
3102024,K06304.01,,FALSE POSITIVE,13.782522208,8.27762,248937.0,41.84,605.0,31.69,1524.1,0.718,5246.0,4.604,0.668
3110937,K06305.01,,FALSE POSITIVE,1.89121656,5.14,66.8,0.73,1434.0,997.34,10.7,0.404,5741.0,4.438,0.884
3115480,K06306.01,,FALSE POSITIVE,3.693702974,3.37146,25208.0,62.55,1453.0,1054.1,568.7,1.19,6309.0,4.265,1.396
3120320,K06307.01,,FALSE POSITIVE,10.265613245,5.67553,150465.0,61.45,1000.0,236.6,5640.0,0.667,5865.0,4.169,1.423
3127817,K06308.01,,FALSE POSITIVE,2.163569702,7.60963,54518.0,85.64,1996.0,3760.06,1513.2,1.116,6425.0,4.04,1.718
3228740,K06309.01,,FALSE POSITIVE,0.730956716,2.097,27.8,0.57,2192.0,5431.8,11.2,0.129,6028.0,4.371,1.078
3230206,K06310.01,,FALSE POSITIVE,7.04715073,1.434,282.5,1.54,932.0,178.49,9.8,0.272,5941.0,4.519,0.911
3230227,K06311.01,,FALSE POSITIVE,7.047106212,3.16223,69626.0,119.64,1846.0,2744.25,548.5,1.077,8162.0,3.973,2.321
4729553,K06438.01,,FALSE POSITIVE,0.961292561,4.64294,325530.0,92.55,2344.0,7160.97,1703.0,0.579,6300.0,4.188,1.404
4736208,K06439.01,,FALSE POSITIVE,63.68192888,12.6047,341717.0,71.45,486.0,13.15,963.5,0.583,5979.0,4.386,1.054
4737302,K06441.01,,FALSE POSITIVE,9.455586047,8.42272,115171.0,178.47,1972.0,3576.17,1876.9,0.791,7221.0,3.488,4.24
4739194,K06442.01,,FALSE POSITIVE,1.246585716,4.62051,406770.0,81.28,1992.0,3709.26,2165.3,0.427,6440.0,4.369,1.183
4739565,K06443.01,,FALSE POSITIVE,0.898932836,2.437,61.1,1.51,2489.0,9056.7,22.3,0.565,5712.0,3.959,1.872
4740688,K06444.01,,FALSE POSITIVE,3.45423296,2.965,149.8,0.95,743.0,71.74,10.2,0.893,4186.0,4.662,0.635
4753988,K06445.01,,FALSE POSITIVE,7.304451735,4.09326,143628.0,59.02,931.0,177.19,2096.8,1.013,6024.0,4.523,0.9
4757331,K06446.01,,FALSE POSITIVE,1.181046137,2.6923,52609.0,37.78,1389.0,878.27,324.4,1.165,5229.0,4.58,0.692
5306862,K06561.01,,FALSE POSITIVE,2.025580416,4.48448,44998.1,43.23,2102.0,4618.62,987.8,0.434,6348.0,3.996,1.99
5307574,K06562.01,,FALSE POSITIVE,58.64379,24.44,182.1,1.05,437.0,8.59,12.0,0.226,5833.0,4.537,0.775
5308778,K06563.01,,FALSE POSITIVE,20.28281916,36.048,2797.5,22.46,1141.0,401.55,306.7,0.719,5043.0,3.284,3.956
5310435,K06564.01,,FALSE POSITIVE,4.931365987,14.7088,255953.0,139.59,1755.0,2239.55,772.7,0.686,6562.0,3.835,2.263
5343976,K06565.01,,FALSE POSITIVE,4.331392455,3.7278,200403.0,38.82,1051.0,288.51,1234.3,0.306,5655.0,4.472,0.854
5347537,K06566.01,,FALSE POSITIVE,345.1846728,6.5468,29988.7,44.91,257.0,1.03,687.5,1.179,5712.0,4.424,0.971
5347784,K06567.01,,FALSE POSITIVE,9.58405667,6.82752,119630.0,99.66,1212.0,510.85,2595.9,0.798,5605.0,3.813,2.275
6364294,K06694.01,,FALSE POSITIVE,5.2436612,11.39,88.3,1.1,1249.0,574.76,14.5,0.436,6598.0,4.387,1.145
6367439,K06695.01,,FALSE POSITIVE,3.7789374,10.767,56.0,0.48,860.0,129.06,15.1,0.6778,5017.0,4.653,0.605
6367628,K06696.01,,FALSE POSITIVE,1.88984957,19.45,249668.0,73.04,1221.0,526.5,401.5,1.182,5328.0,4.571,0.716
6384840,K06699.01,,FALSE POSITIVE,2.49904083,2.651,128.2,1.04,1258.0,592.18,8.1,0.01,5525.0,4.458,0.93
6386784,K06700.01,,FALSE POSITIVE,1.99567242,3.58,18.0,0.75,2137.0,4939.44,14.2,0.564,6773.0,4.063,1.69
6390236,K06701.01,,FALSE POSITIVE,0.89879279,1.031,26.6,0.57,2116.0,4765.1,5.7,0.249,6224.0,4.373,1.096
6421188,K06702.01,,FALSE POSITIVE,16.434352831,5.15682,45699.5,25.25,789.0,91.8,2171.4,0.572,5963.0,4.322,1.134
7116236,K06828.01,,FALSE POSITIVE,0.566793818,4.929,100.3,1.17,2027.0,3972.65,18.3,0.985,5707.0,4.538,0.828
7117513,K06829.01,,FALSE POSITIVE,0.566797474,2.708,98.8,1.04,2270.0,6276.39,12.3,0.575,6046.0,4.478,1.007
7117541,K06830.01,,FALSE POSITIVE,1.585673651,3.20763,44116.4,50.53,1648.0,1740.78,717.5,1.148,6117.0,4.457,1.025
7118545,K06831.01,,FALSE POSITIVE,14.797219157,7.61037,252699.0,47.71,787.0,90.8,7795.3,0.157,6343.0,4.495,0.931
7125636,K06832.01,,FALSE POSITIVE,6.49066214,3.47128,195090.0,33.46,621.0,35.28,1680.0,0.798,4448.0,4.684,0.563
7128918,K06833.01,,FALSE POSITIVE,7.11879848,4.11282,107665.0,41.17,819.0,106.52,1483.2,0.983,5578.0,4.601,0.754
7132015,K06834.01,,FALSE POSITIVE,6.99510404,1.7556,71.8,216.92,7492.0,744614.96,6.3,0.77,3681.0,0.25,229.908
8088354,K06959.01,,FALSE POSITIVE,2.897829967,3.17788,163091.0,54.35,1454.0,1054.79,1305.8,0.756,6318.0,4.366,1.077
8094140,K06961.01,,FALSE POSITIVE,0.706428634,1.75182,372128.0,47.64,1416.0,951.77,1066.7,0.393,4429.0,4.569,0.736
8094221,K06962.01,,FALSE POSITIVE,10.8632531,37.68,188.2,19.93,802.0,98.04,25.4,1.187,5896.0,4.516,0.914
8097825,K06963.01,,FALSE POSITIVE,1.46842648,6.6666,150998.0,40.3,1559.0,1402.93,622.8,0.633,5539.0,4.381,0.959
8098300,K06964.01,,FALSE POSITIVE,4.305917719,5.61993,361389.0,71.49,1266.0,607.76,6104.8,0.549,6502.0,4.44,1.037
8104436,K06967.01,,FALSE POSITIVE,2.535389624,2.902,418.1,16.24,1113.0,362.73,27.3,1.189,5488.0,4.629,0.706
8822585,K07095.01,,FALSE POSITIVE,1.627538928,5.583,39.0,1.42,2520.0,9504.13,29.9,0.769,6854.0,3.934,2.088
8823397,K07096.01,,FALSE POSITIVE,1.506503686,5.02151,477104.0,178.15,3250.0,26341.29,3289.1,0.401,8751.0,4.026,2.352
8841616,K07097.01,,FALSE POSITIVE,1.679585725,7.34648,101786.0,28.99,970.0,209.45,1884.3,0.97,4462.0,4.7,0.554
8845221,K07098.01,,FALSE POSITIVE,5.40346248,7.6494,261346.0,108.46,1559.0,1398.38,2851.3,0.521,6350.0,3.921,1.984
8848104,K07100.01,,FALSE POSITIVE,0.824851807,1.93637,30099.2,78.0,2539.0,9801.46,642.2,1.185,5658.0,3.903,1.654
8848115,K07101.01,,FALSE POSITIVE,0.82484293,1.383,618.6,97.92,8138.0,1040816.86,10.0,0.03,4148.0,1.458,41.424
8868657,K07102.01,,FALSE POSITIVE,4.4473549,18.99,203.6,1.52,954.0,195.56,25.9,0.98,5531.0,4.597,0.764
9762514,K07227.01,,FALSE POSITIVE,7.51509713,2.62,187.1,1.23,685.0,51.99,10.1,0.934,4867.0,4.63,0.696
9762519,K07228.01,,FALSE POSITIVE,7.51514595,3.54486,117463.0,35.8,842.0,118.99,1676.8,0.84,5624.0,4.516,0.777
9777062,K07229.01,,FALSE POSITIVE,19.230038188,7.04412,266180.0,186.53,1361.0,810.65,7232.1,0.694,7703.0,3.844,2.916
9786821,K07230.01,,FALSE POSITIVE,21.120005744,2.05573,13054.3,31.2,880.0,141.75,443.9,0.986,6195.0,4.069,1.598
9790965,K07231.01,,FALSE POSITIVE,0.82206761,3.8281,26189.8,91.21,2941.0,17747.85,486.3,1.216,6531.0,3.962,1.921
9818732,K07233.01,,FALSE POSITIVE,45.035589512,9.8341,404836.0,82.4,600.0,30.66,1763.5,0.499,6484.0,4.386,1.153
10685175,K07362.01,,FALSE POSITIVE,3.10197712,7.083,124.6,2.64,2246.0,6009.05,63.3,0.984,8709.0,4.232,1.797
10686876,K07363.01,,FALSE POSITIVE,2.618414643,4.99923,200864.0,109.33,2582.0,10502.8,3260.0,0.356,8143.0,3.96,2.361
10686930,K07364.01,,FALSE POSITIVE,2.61844178,3.203,45.1,2.16,2033.0,4044.74,12.7,0.182,5088.0,3.502,3.293
10711913,K07365.01,,FALSE POSITIVE,19.407958161,6.09676,142059.0,44.96,633.0,37.92,2506.6,0.905,5702.0,4.485,0.799
10732401,K07366.01,,FALSE POSITIVE,0.933747375,5.974,198.9,8.93,2003.0,3820.18,35.9,1.063,6224.0,4.454,1.024
11906217,K07490.01,,FALSE POSITIVE,37.910213899,3.11152,103474.0,29.45,358.0,3.89,1065.9,0.963,4623.0,4.686,0.56
11913052,K07491.01,,FALSE POSITIVE,3.74785307,3.444,145.9,9.04,2440.0,8389.62,17.0,0.217,4929.0,3.001,7.7
11913071,K07492.01,,FALSE POSITIVE,3.747835042,5.28519,188923.0,141.7,2697.0,12482.82,6016.2,0.547,8529.0,3.769,3.065
11918482,K07493.01,,FALSE POSITIVE,0.94754848,1.7347,11348.0,224.79,622.0,35.37,44.7,11.1936,3246.0,5.087,0.2
11922648,K07494.01,,FALSE POSITIVE,1.75643185,2.397,51.6,0.58,1366.0,821.36,9.6,0.115,5696.0,4.57,0.812
11922782,K07495.01,,FALSE POSITIVE,1.756466865,4.7781,188219.0,87.4,1831.0,2652.65,541.9,0.824,5726.0,4.077,1.465
11923819,K07496.01,,FALSE POSITIVE,33.159475806,9.01353,222167.0,146.47,1068.0,307.53,3733.6,0.768,7967.0,4.001,2.379
11959569,K07497.01,,FALSE POSITIVE,46.14869106,19.092,349630.0,114.2,647.0,41.46,1021.3,0.002,5383.0,3.908,1.935
11966557,K07498.01,,FALSE POSITIVE,60.2976774,14.2561,315892.0,63.57,481.0,12.63,1215.8,0.596,5995.0,4.434,0.977
3241619,K06312.01,,FALSE POSITIVE,1.703347524,3.3039,504406.0,47.62,1202.0,495.27,1288.0,0.223,5325.0,4.657,0.648
3241662,K06313.01,,FALSE POSITIVE,1.70332915,1.663,98.5,0.86,1420.0,965.03,8.9,0.307,5749.0,4.547,0.864
3245000,K06314.01,,FALSE POSITIVE,20.413812,5.806,496.4,16.5,586.0,27.84,11.6,1.158,5514.0,4.569,0.826
3247294,K06316.01,,FALSE POSITIVE,67.41958542,7.645,182171.0,49.46,470.0,11.48,836.0,0.72,6071.0,4.425,0.962
3248332,K06317.01,,FALSE POSITIVE,7.363572395,5.7545,129696.0,82.22,1287.0,649.25,224.9,0.922,6793.0,4.208,1.508
3323289,K06319.01,,FALSE POSITIVE,33.693201537,7.44219,508772.0,68.86,518.0,17.07,1618.4,0.379,5427.0,4.448,0.899
4758350,K06447.01,,FALSE POSITIVE,1.120997701,11.243,145.6,66.58,3992.0,60096.61,58.1,1.114,6720.0,3.373,4.845
4758368,K06448.01,,FALSE POSITIVE,1.874967748,10.0159,31525.9,378.99,4440.0,91765.97,1566.6,0.817,4588.0,2.232,18.328
4768756,K06451.01,,FALSE POSITIVE,2.40440112,5.49,27.1,0.42,1172.0,447.52,16.7,0.669,5433.0,4.55,0.769
4769824,K06452.01,,FALSE POSITIVE,21.926779,10.05,198.6,1.26,618.0,34.52,10.5,0.542,5853.0,4.544,0.868
4773155,K06453.01,,FALSE POSITIVE,25.706001174,10.969,464960.0,67.11,579.0,26.55,2008.1,0.43,5642.0,4.498,0.903
4832273,K06455.01,,FALSE POSITIVE,501.90703,12.43,306.9,1.83,254.0,0.99,10.3,0.0805,6316.0,4.413,1.036
5359678,K06569.01,,FALSE POSITIVE,3.115304946,4.88748,149524.0,61.66,1404.0,918.39,1398.8,0.89,6367.0,4.419,1.087
5385469,K06571.01,,FALSE POSITIVE,12.422524,13.55,33.9,0.86,1107.0,354.37,6.7,0.566,7225.0,4.281,1.414
5385647,K06572.01,,FALSE POSITIVE,12.4269264,21.826,126.6,1.66,906.0,159.5,28.3,0.04,5349.0,4.044,1.505
5385667,K06573.01,,FALSE POSITIVE,12.4261809,29.09,92.2,1.88,976.0,214.85,39.0,0.98,5948.0,4.106,1.432
5388229,K06574.01,,FALSE POSITIVE,0.61810542,6.666,12264.0,39.52,1994.0,3735.52,118.7,1.2326,5371.0,4.403,0.949
5389184,K06575.01,,FALSE POSITIVE,1.06995136,1.322,54.8,0.9,1991.0,3730.45,10.8,0.176,5869.0,4.274,1.221
6421483,K06703.01,,FALSE POSITIVE,2.158398259,8.1633,93038.0,101.02,1829.0,2649.52,217.0,0.996,5210.0,3.778,1.946
6421937,K06704.01,,FALSE POSITIVE,359.534371,24.205,5732.0,64333.8,491.0,13.7,96.0,100.806,5087.0,3.183,5.899
6428942,K06706.01,,FALSE POSITIVE,534.86668,8.19,565.0,4.3,328.0,2.74,8.3,0.113,6668.0,4.074,1.791
6437993,K06708.01,,FALSE POSITIVE,1.39797542,9.06,43.2,0.49,1316.0,709.8,15.5,0.077,5074.0,4.536,0.761
6442246,K06709.01,,FALSE POSITIVE,2.2127498,3.054,22.7,0.68,1801.0,2494.14,9.3,0.229,6195.0,4.106,1.405
6443392,K06710.01,,FALSE POSITIVE,0.776976021,1.95401,21245.0,48.15,2083.0,4459.03,1582.9,1.222,5999.0,4.423,1.042
7137798,K06836.01,,FALSE POSITIVE,2.25353739,5.74622,182828.0,96.65,2056.0,4215.56,904.8,0.82,6951.0,4.119,1.662
7177553,K06837.01,,FALSE POSITIVE,17.99646148,4.65638,62755.2,114.45,1004.0,240.38,1951.8,1.091,5684.0,3.788,2.249
7177892,K06838.01,,FALSE POSITIVE,1.386249249,2.99104,47187.6,78.6,2137.0,4939.8,560.0,1.135,6226.0,4.135,1.594
7185487,K06839.01,,FALSE POSITIVE,0.53482911,0.996,704.0,0.54,753.0,75.82,9.8,0.3597,3229.0,5.08,0.201
7198648,K06840.01,,FALSE POSITIVE,0.566799833,5.543,198.0,1.27,1900.0,3084.6,54.0,0.851,5488.0,4.584,0.789
7199935,K06841.01,,FALSE POSITIVE,0.566795728,2.79,18.9,0.64,2755.0,13656.59,12.4,0.653,6130.0,4.151,1.393
7200102,K06842.01,,FALSE POSITIVE,14.665759784,3.65814,336981.0,67.17,712.0,60.89,1143.6,0.576,5385.0,4.369,1.002
7200225,K06843.01,,FALSE POSITIVE,0.566780836,4.937,60.9,0.75,2204.0,5608.62,18.7,0.005,5949.0,4.493,0.962
8111622,K06968.01,,FALSE POSITIVE,15.44605962,4.5963,330907.0,52.93,701.0,57.04,2025.2,0.3,5838.0,4.529,0.897
8112013,K06969.01,,FALSE POSITIVE,1.790518325,3.34624,61541.9,32.19,1850.0,2761.65,2493.3,0.643,6586.0,4.319,1.219
8123170,K06972.01,,FALSE POSITIVE,1.03905082,3.035,43.8,0.87,2297.0,6581.45,9.9,0.4522,6558.0,4.239,1.28
8123937,K06973.01,,FALSE POSITIVE,0.503201954,0.167,43.0,2.99,3550.0,37526.28,8.0,0.3279,6157.0,3.827,2.306
8128965,K06974.01,,FALSE POSITIVE,7.140373046,7.07032,205256.0,61.56,1132.0,388.56,3250.0,0.309,5945.0,4.168,1.333
8129189,K06975.01,,FALSE POSITIVE,53.647084859,19.9499,219095.0,142.04,753.0,75.91,3272.4,0.432,5261.0,3.506,2.943
8878681,K07103.01,,FALSE POSITIVE,2.496328637,2.73115,20527.0,112.28,2317.0,6804.42,1412.4,1.199,6757.0,3.842,2.615
8879427,K07104.01,,FALSE POSITIVE,16.31328124,4.45731,71589.0,30.85,747.0,73.51,982.3,0.768,6008.0,4.44,1.006
8879915,K07105.01,,FALSE POSITIVE,1.721313779,3.54768,534625.0,83.69,1627.0,1658.35,742.8,0.315,5960.0,4.371,1.073
8890996,K07107.01,,FALSE POSITIVE,1.50650745,2.622,27.8,1.13,2498.0,9242.43,14.4,0.677,6839.0,4.003,2.02
8906676,K07108.01,,FALSE POSITIVE,8.209514329,4.14104,141387.0,149.52,1371.0,834.79,6579.3,1.079,6258.0,3.882,2.111
8938628,K07109.01,,FALSE POSITIVE,3.431126546,2.7986,40248.0,47.48,1251.0,580.05,308.5,1.161,5815.0,4.349,0.969
8940961,K07110.01,,FALSE POSITIVE,1.583334941,4.4854,177074.0,52.0,1548.0,1362.14,368.8,0.781,5846.0,4.472,0.953
9821078,K07234.01,,FALSE POSITIVE,8.429438192,3.94306,456346.0,49.49,582.0,27.16,3072.5,0.428,4268.0,4.602,0.68
9848420,K07237.01,,FALSE POSITIVE,7.9320191,8.18,125.1,1.04,811.0,102.05,8.8,0.5896,5219.0,4.441,0.905
9850387,K07238.01,,FALSE POSITIVE,1.374249107,5.3181,136655.0,96.85,2725.0,13078.76,520.3,0.771,7053.0,3.958,2.121
9850912,K07239.01,,FALSE POSITIVE,8.4804737,6.157,337.0,1.85,930.0,176.51,14.5,0.33,6092.0,4.471,0.998
9873869,K07241.01,,FALSE POSITIVE,4.994773558,4.48893,259761.0,62.69,1264.0,604.21,5742.0,0.416,6253.0,4.271,1.181
10736223,K07367.01,,FALSE POSITIVE,1.105094098,4.38191,730498.0,267.59,3771.0,47811.67,3732.8,0.161,8011.0,3.773,2.927
10743600,K07369.01,,FALSE POSITIVE,0.8170226,2.974,167696.0,57.56,1947.0,3416.07,240.1,0.843,5780.0,4.438,1.0
10753734,K07371.01,,FALSE POSITIVE,19.40669392,5.27765,464521.0,57.97,597.0,30.05,1496.8,0.424,5622.0,4.588,0.778
10794242,K07372.01,,FALSE POSITIVE,7.143708297,5.83451,202685.0,44.78,943.0,187.0,2368.6,0.162,5655.0,4.386,0.992
10794405,K07373.01,,FALSE POSITIVE,0.952377862,4.0869,2122.3,28.44,1713.0,2023.36,390.8,1.248,5662.0,4.524,0.863
10809677,K07374.01,,FALSE POSITIVE,3.521050679,3.5323,4879.8,256.2,2434.0,8306.9,337.2,1.266,5149.0,3.109,6.619
11967004,K07499.01,,FALSE POSITIVE,1.941635737,2.46683,69814.1,59.71,1728.0,2109.03,1243.7,1.071,6525.0,4.381,1.161
11968490,K07500.01,,FALSE POSITIVE,0.539445498,2.2821,25302.2,68.65,2959.0,18153.51,511.4,1.214,6486.0,4.174,1.456
11970288,K07501.01,,FALSE POSITIVE,20.7106853,42.737,1003.0,89.55,1246.0,570.64,154.4,1.252,6956.0,3.738,2.888
12004679,K07502.01,,FALSE POSITIVE,2.521245368,4.24027,418375.0,56.59,1241.0,560.57,1495.4,0.231,5605.0,4.486,0.854
12004680,K07503.01,,FALSE POSITIVE,2.52122764,2.249,127.3,0.91,1177.0,453.48,8.9,0.298,5546.0,4.575,0.81
12004689,K07504.01,,FALSE POSITIVE,2.5212708,2.706,163.3,0.81,1003.0,238.81,7.8,0.3286,5110.0,4.674,0.637
12013615,K07505.01,,FALSE POSITIVE,8.202869679,7.29811,345937.0,110.46,1190.0,474.09,6499.9,0.561,6060.0,4.059,1.643
12022517,K07507.01,,FALSE POSITIVE,3.442714533,3.36034,60039.0,47.02,1157.0,423.13,964.8,1.142,5819.0,4.501,0.861
6307521,K01126.02,,FALSE POSITIVE,475.91706,22.86,967.3,28.22,221.0,0.56,15.3,1.222,5334.0,4.372,1.004
7037540,K01347.02,,FALSE POSITIVE,0.858285844,1.799,43.4,0.9,2274.0,6321.2,10.8,0.3323,5945.0,4.196,1.346
4349442,K01803.03,,FALSE POSITIVE,6.238315363,2.501,82.9,0.7,746.0,73.27,5.3,0.707,4914.0,4.61,0.724
3327980,K06321.01,,FALSE POSITIVE,2.115510941,7.2877,415163.0,191.42,2701.0,12609.03,1351.5,0.492,7563.0,3.883,2.638
3329643,K06322.01,,FALSE POSITIVE,1.015044104,10.994,158.2,1.98,1979.0,3627.61,33.6,0.984,5910.0,4.318,1.124
3335816,K06323.01,,FALSE POSITIVE,3.711013336,3.31024,24989.1,55.69,1436.0,1003.75,757.0,1.192,6338.0,4.256,1.247
3337438,K06324.01,,FALSE POSITIVE,2.97606298,4.124,72.2,5.65,2615.0,11065.06,17.8,0.363,5321.0,3.158,6.669
3337548,K06325.01,,FALSE POSITIVE,2.97586085,4.513,105.9,0.85,1135.0,392.05,9.1,0.117,5481.0,4.508,0.835
3339538,K06326.01,,FALSE POSITIVE,14.658013949,3.03316,129645.0,121.59,855.0,126.35,3361.5,1.141,5146.0,3.986,1.626
3341934,K06327.01,,FALSE POSITIVE,18.839487435,5.62797,182722.0,45.2,734.0,68.54,2003.1,0.421,6208.0,4.454,1.024
3343866,K06328.01,,FALSE POSITIVE,0.555973803,1.271,75.3,1.9,3049.0,20544.64,23.3,0.563,5445.0,3.776,2.117
4839180,K06456.01,,FALSE POSITIVE,4.426344495,5.84235,276139.0,78.3,1316.0,709.74,732.5,0.668,6228.0,4.277,1.226
4840263,K06457.01,,FALSE POSITIVE,0.957823876,3.7232,104692.0,110.91,2649.0,11612.14,454.1,0.992,5908.0,3.865,2.033
4840818,K06458.01,,FALSE POSITIVE,5.024768971,3.82433,53046.4,42.15,1159.0,425.9,696.5,1.038,6322.0,4.444,0.989
4847832,K06459.01,,FALSE POSITIVE,30.960216668,15.4308,340408.0,62.08,527.0,18.3,4578.3,0.58,5291.0,4.423,0.926
4851217,K06460.01,,FALSE POSITIVE,2.470283788,7.8391,193828.0,157.82,2657.0,11792.22,967.7,0.804,7823.0,3.885,2.675
4851338,K06461.01,,FALSE POSITIVE,1.23516416,4.713,64.6,0.92,1866.0,2861.14,13.0,0.678,6249.0,4.428,1.076
4851356,K06462.01,,FALSE POSITIVE,1.23513471,5.44,42.8,0.7,1743.0,2172.96,12.0,0.716,5930.0,4.436,0.997
4862332,K06463.01,,FALSE POSITIVE,0.8903331,2.643,134.1,20.96,5714.0,251387.46,10.8,0.322,4981.0,2.437,18.374
4862625,K06464.01,,FALSE POSITIVE,20.000242814,5.0042,13137.9,21.57,746.0,73.09,796.5,1.004,6373.0,4.438,1.047
5393558,K06576.01,,FALSE POSITIVE,10.217121652,4.35647,205223.0,81.1,994.0,230.53,3617.5,0.786,5931.0,4.196,1.349
5397905,K06577.01,,FALSE POSITIVE,0.618060842,1.892,25.1,0.51,1854.0,2791.09,9.6,0.944,5339.0,4.503,0.793
5444392,K06578.01,,FALSE POSITIVE,0.759764419,5.72501,393266.0,138.54,2715.0,12833.03,1728.1,0.545,5807.0,3.93,1.909
5460835,K06580.01,,FALSE POSITIVE,21.539269242,5.32432,143753.0,53.0,674.0,48.89,2642.2,0.908,6136.0,4.487,0.933
5462901,K06581.01,,FALSE POSITIVE,5.270733213,2.7822,293637.0,37.93,693.0,54.59,553.0,0.428,4348.0,4.601,0.678
5471010,K06583.01,,FALSE POSITIVE,12.4232158,17.67,261.5,1.3,685.0,51.91,23.6,0.245,5497.0,4.577,0.809
6447326,K06711.01,,FALSE POSITIVE,4.3206933,50.68,147.9,1.66,1205.0,499.09,35.7,0.973,6225.0,4.45,1.031
6448768,K06712.01,,FALSE POSITIVE,16.486796364,7.06797,48942.8,46.92,1053.0,290.46,3181.5,0.309,6020.0,3.86,2.097
6449291,K06713.01,,FALSE POSITIVE,5.7768734,5.762,71.0,3.13,1399.0,905.0,10.1,0.994,5473.0,3.796,2.162
6449552,K06714.01,,FALSE POSITIVE,20.148807707,8.52557,526949.0,68.52,631.0,37.55,3487.5,0.215,5547.0,4.447,0.918
6452742,K06715.01,,FALSE POSITIVE,0.687772143,2.56725,40368.3,46.27,2097.0,4569.67,679.8,1.166,5885.0,4.413,0.933
6464285,K06716.01,,FALSE POSITIVE,0.843651274,2.80468,305452.0,39.98,1553.0,1371.12,1509.3,0.405,5220.0,4.578,0.695
6466939,K06717.01,,FALSE POSITIVE,1.142946648,3.40234,412554.0,43.5,1293.0,660.96,1054.4,0.479,5058.0,4.651,0.608
6468938,K06718.01,,FALSE POSITIVE,7.217010987,4.4215,78713.8,89.71,1096.0,341.36,1307.0,1.287,6047.0,4.246,1.211
8429014,K07885.01,,FALSE POSITIVE,9.72869627,5.628,252.2,42.47,1126.0,379.75,19.1,1.274,6881.0,4.301,1.351
7200301,K06844.01,,FALSE POSITIVE,0.566791802,2.2,49.3,0.66,2040.0,4113.39,15.6,0.679,5691.0,4.544,0.887
7203179,K06845.01,,FALSE POSITIVE,2.245738777,8.61629,483487.0,99.05,1737.0,2156.25,2121.8,0.397,6508.0,4.287,1.312
7203194,K06846.01,,FALSE POSITIVE,2.24572117,3.88,48.2,0.74,1479.0,1131.64,13.6,0.596,6158.0,4.455,1.026
7204073,K06847.01,,FALSE POSITIVE,0.566801906,1.626,89.7,0.55,1344.0,774.11,27.0,0.155,4208.0,4.662,0.583
7212722,K06848.01,,FALSE POSITIVE,2.316171991,4.03025,251484.0,49.53,1288.0,651.03,2338.3,0.7,5932.0,4.58,0.795
7281217,K06851.01,,FALSE POSITIVE,0.566810701,6.19,200.0,1.49,1921.0,3220.92,45.9,0.982,5593.0,4.584,0.752
7281229,K06852.01,,FALSE POSITIVE,0.566813319,3.752,129.1,23.19,2313.0,6742.52,17.0,1.196,6108.0,4.466,1.03
8143170,K06976.01,,FALSE POSITIVE,28.787257509,13.953,49618.4,91.26,971.0,210.02,1292.0,0.559,5154.0,3.461,3.981
8145789,K06977.01,,FALSE POSITIVE,0.835315046,2.45449,16876.4,30.54,1490.0,1160.98,939.5,1.224,5009.0,4.584,0.69
8155584,K06979.01,,FALSE POSITIVE,26.0164225,4.1768,41109.0,61.04,755.0,76.63,285.4,1.147,6287.0,4.231,1.28
8158324,K06981.01,,FALSE POSITIVE,593.19521,25.65,227.3,1.63,234.0,0.71,7.1,0.6192,6103.0,4.391,1.03
8162376,K06982.01,,FALSE POSITIVE,0.706430188,1.301,50.8,0.41,1473.0,1116.9,11.0,0.288,5037.0,4.689,0.568
8953281,K07112.01,,FALSE POSITIVE,0.78430061,2.952,254.7,1.14,1566.0,1416.91,20.5,0.659,5176.0,4.589,0.681
8953426,K07113.01,,FALSE POSITIVE,2.665875491,7.59461,161389.0,67.43,1502.0,1199.89,2274.7,0.878,6234.0,4.351,1.159
8953475,K07114.01,,FALSE POSITIVE,2.6658312,5.771,40.8,0.99,1663.0,1807.48,12.4,0.864,6276.0,4.17,1.353
8957572,K07115.01,,FALSE POSITIVE,1.5765874,15.18,29.2,15.68,2946.0,17781.51,27.9,1.04,6742.0,3.688,3.138
8973000,K07118.01,,FALSE POSITIVE,28.027891356,17.3269,243231.0,31.3,440.0,8.86,2829.0,0.6493,5231.0,4.721,0.544
9881258,K07242.01,,FALSE POSITIVE,2.028512246,5.00309,121562.0,50.28,1542.0,1333.24,1545.8,0.871,6105.0,4.412,1.025
9899153,K07243.01,,FALSE POSITIVE,1.33256167,3.743,59.5,0.63,1326.0,727.84,13.0,0.402,4895.0,4.502,0.828
9899193,K07244.01,,FALSE POSITIVE,1.332567821,3.4844,31.0,0.96,2395.0,7802.17,5.0,0.413,6600.0,4.047,1.681
9899410,K07245.01,,FALSE POSITIVE,1.332545609,3.997,278.2,28.37,5080.0,157611.61,31.4,0.582,5154.0,2.435,16.486
9899421,K07246.01,,FALSE POSITIVE,1.33256256,3.088,174.9,16.03,4529.0,99175.88,11.9,0.137,4601.0,2.321,12.581
9899577,K07247.01,,FALSE POSITIVE,1.33258981,3.987,78.4,0.67,1369.0,832.33,16.1,0.223,5309.0,4.595,0.763
9899583,K07248.01,,FALSE POSITIVE,1.33258375,4.081,60.9,0.84,1727.0,2096.92,16.4,0.746,6108.0,4.471,0.997
9906489,K07249.01,,FALSE POSITIVE,8.9648813,61.23,454.5,28.97,1040.0,276.3,109.9,1.208,6543.0,4.382,1.159
10816107,K07377.01,,FALSE POSITIVE,2.161583501,4.0537,50163.0,29.61,1646.0,1741.01,239.2,0.715,5888.0,4.167,1.219
10843431,K07378.01,Kepler-1999 b,CONFIRMED,8.7396758,3.866,1431.0,3.29,577.0,26.17,15.6,0.957,4406.0,4.643,0.628
10847907,K07379.01,,FALSE POSITIVE,0.535493486,2.57,54.0,1.42,3181.0,24045.87,5.1,0.566,6328.0,4.035,1.864
10849244,K07381.01,,FALSE POSITIVE,24.261683827,7.1617,192283.0,58.48,659.0,44.55,5083.9,0.814,6151.0,4.473,0.983
10857589,K07382.01,,FALSE POSITIVE,32.532521502,13.3991,83468.4,24.35,535.0,19.39,1595.1,0.237,5845.0,4.558,0.838
12022718,K07508.01,,FALSE POSITIVE,4.627775175,3.4079,5675.1,32.62,1039.0,275.68,197.5,1.248,5845.0,4.541,0.874
12053823,K07509.01,,FALSE POSITIVE,28.7850347,2.102,102.9,2.5,993.0,229.66,6.2,0.2978,6581.0,3.824,2.42
12071006,K07511.01,,FALSE POSITIVE,6.096030635,18.4531,901661.0,406.97,1925.0,3246.2,4885.3,0.642,7598.0,3.867,2.692
12105785,K07512.01,,FALSE POSITIVE,31.953038766,8.0461,17703.4,47.96,864.0,131.55,1364.9,0.907,5524.0,3.693,2.734
12106875,K07513.01,,FALSE POSITIVE,5.9371708,4.954,157.1,1.17,945.0,188.41,10.1,0.4778,5475.0,4.426,0.923
12157983,K07514.01,,FALSE POSITIVE,0.577844035,4.291,320.4,18.93,1980.0,3647.63,94.0,1.194,5693.0,4.57,0.816
12164751,K07515.01,,FALSE POSITIVE,2.630090609,13.6817,516932.0,83.5,1551.0,1371.02,1694.6,0.285,6315.0,4.292,1.108
12217907,K07516.01,,FALSE POSITIVE,43.204596783,15.0402,202488.0,43.15,519.0,17.15,4750.2,0.399,6003.0,4.507,0.932
10028352,K01957.02,,FALSE POSITIVE,1.75147897,7.89,76.7,1.8,2340.0,7086.5,68.2,0.008,6823.0,4.04,2.037
3352751,K06330.01,,FALSE POSITIVE,3.495457889,6.9796,114625.0,84.49,2051.0,4186.71,724.0,0.965,8529.0,4.249,1.558
3427776,K06332.01,,FALSE POSITIVE,4.01668015,2.2828,38007.0,22.11,1016.0,252.13,87.9,0.911,5448.0,4.497,0.794
3437739,K06333.01,,FALSE POSITIVE,1.89134156,5.891,68.4,0.99,1673.0,1856.23,10.3,0.739,6387.0,4.41,1.105
3440230,K06334.01,,FALSE POSITIVE,2.881100027,9.43866,662832.0,446.29,2946.0,17809.19,3316.5,0.829,8104.0,3.675,3.369
3441340,K06335.01,,FALSE POSITIVE,0.806277023,7.275,70.8,0.89,2046.0,4119.09,37.9,0.697,6122.0,4.471,0.996
3448323,K06336.01,,FALSE POSITIVE,0.513482156,2.732,91.6,0.83,2072.0,4335.56,12.6,0.004,5495.0,4.495,0.882
4862625,K06464.02,,FALSE POSITIVE,225.66716,16.6,342.9,1.94,331.0,2.82,11.7,0.3037,6363.0,4.444,1.035
4863369,K06465.01,,FALSE POSITIVE,4.24748886,3.053,121.0,1.01,1079.0,319.94,10.0,0.242,5807.0,4.524,0.922
4863753,K06466.01,,FALSE POSITIVE,1.000012952,1.221,36.0,2.12,2858.0,15781.19,11.9,0.097,5176.0,3.534,3.605
4902030,K06467.01,,FALSE POSITIVE,0.878803439,2.74503,410723.0,51.97,1347.0,775.9,524.8,0.467,4524.0,4.566,0.737
4908495,K06468.01,,FALSE POSITIVE,1.560158562,3.4248,240156.0,45.91,1223.0,530.79,459.9,0.712,4926.0,4.548,0.749
4912589,K06469.01,,FALSE POSITIVE,34.188302705,3.01179,118440.0,74.5,660.0,44.91,2594.9,0.957,5757.0,4.134,1.345
4914709,K06470.01,,FALSE POSITIVE,8.65303996,1.091,497.0,1.88,764.0,80.51,14.7,0.369,5301.0,4.528,0.84
4914737,K06471.01,,FALSE POSITIVE,8.65311903,1.273,206.8,0.85,493.0,13.95,8.9,0.701,3929.0,4.705,0.55
5471141,K06584.01,,FALSE POSITIVE,12.4253812,19.781,115.3,1.14,823.0,108.46,26.8,0.1583,5925.0,4.412,1.066
5471328,K06585.01,,FALSE POSITIVE,12.42555999,28.083,2964.8,4.72,599.0,30.49,122.0,0.9066,4922.0,4.576,0.704
5471415,K06586.01,,FALSE POSITIVE,12.4257442,29.122,936.0,8.43,1551.0,1369.63,49.6,0.963,8691.0,4.072,2.193
5471480,K06587.01,,FALSE POSITIVE,12.4254241,24.98,378.9,2.17,755.0,76.9,36.0,0.938,5853.0,4.529,0.895
5475712,K06588.01,,FALSE POSITIVE,2.991884392,7.5583,123880.0,40.11,1486.0,1154.88,1280.3,0.496,6596.0,4.4,1.094
5479973,K06589.01,,FALSE POSITIVE,1.795273026,7.3232,125416.0,55.26,1642.0,1714.88,877.8,0.935,6363.0,4.456,1.012
5513822,K06590.01,,FALSE POSITIVE,0.755109271,2.619,23.2,0.47,1961.0,3494.52,12.9,0.4041,5606.0,4.39,0.962
5513833,K06591.01,,FALSE POSITIVE,0.755101141,3.371,76.7,0.19,680.0,50.92,13.4,0.523,3256.0,5.071,0.207
6471229,K06719.01,,FALSE POSITIVE,1.75251585,3.489,125.9,1.02,1447.0,1035.27,14.2,0.738,5952.0,4.554,0.844
6471230,K06720.01,,FALSE POSITIVE,1.752450163,3.0255,55.5,0.79,1552.0,1372.36,3.4,0.728,5779.0,4.364,0.99
6521174,K06721.01,,FALSE POSITIVE,8.27923132,2.355,164.9,1.08,815.0,104.49,10.9,0.187,5631.0,4.557,0.847
6521542,K06722.01,,FALSE POSITIVE,2.212877035,4.66961,376200.0,69.18,1507.0,1221.98,2731.0,0.518,6153.0,4.405,1.0
6522353,K06723.01,,FALSE POSITIVE,0.845097627,1.873,86.5,0.78,1584.0,1496.92,10.7,0.717,5252.0,4.593,0.783
6522750,K06724.01,,FALSE POSITIVE,17.445640466,6.08966,334158.0,63.46,682.0,51.15,4093.9,0.588,5759.0,4.481,0.945
6523216,K06725.01,,FALSE POSITIVE,14.313157391,8.90236,21566.9,34.98,1144.0,404.48,4262.9,0.004,5750.0,3.703,2.379
6531485,K06726.01,,FALSE POSITIVE,0.676990194,1.69459,20505.9,37.5,1919.0,3192.15,997.0,1.223,5813.0,4.568,0.816
6531801,K06727.01,,FALSE POSITIVE,0.515875396,1.21,1773.0,7.22,3189.0,24441.1,9.1,0.95,7229.0,4.278,1.38
7281356,K06853.01,,FALSE POSITIVE,2.83401711,5.938,84.2,0.93,1381.0,859.57,11.5,0.2794,6247.0,4.458,1.002
7281399,K06854.01,,FALSE POSITIVE,0.566803996,3.399,141.6,0.64,1350.0,786.1,23.4,0.123,4373.0,4.722,0.544
7281616,K06856.01,,FALSE POSITIVE,0.566799927,4.71,145.1,0.77,1649.0,1738.27,28.9,0.188,5092.0,4.671,0.645
7281699,K06857.01,,FALSE POSITIVE,0.566786121,3.404,81.8,0.79,1984.0,3678.65,14.0,0.591,5603.0,4.556,0.846
7282008,K06858.01,,FALSE POSITIVE,0.56679797,4.503,72.6,0.65,1799.0,2467.38,14.0,0.176,5230.0,4.594,0.777
7285616,K06859.01,,FALSE POSITIVE,0.566802891,1.861,49.2,1.29,3111.0,22107.66,14.4,0.628,6487.0,4.08,1.748
8178616,K06984.01,,FALSE POSITIVE,1.01884975,3.233,30.9,0.47,1754.0,2238.64,14.8,0.2737,6068.0,4.568,0.829
8183389,K06986.01,,FALSE POSITIVE,32.440339204,4.50984,287602.0,44.56,448.0,9.52,2177.0,0.645,5081.0,4.578,0.696
8192861,K06987.01,,FALSE POSITIVE,0.552141897,4.985,105.6,10.04,2206.0,5602.43,42.8,1.091,5952.0,4.486,0.904
8193315,K06988.01,,FALSE POSITIVE,2.62387291,4.61248,232468.0,74.23,1790.0,2430.91,2607.6,0.49,6728.0,4.206,1.46
8195877,K06989.01,,FALSE POSITIVE,0.75509861,2.6423,60334.0,60.74,2359.0,7285.15,385.4,1.091,6038.0,4.206,1.213
8196180,K06990.01,,FALSE POSITIVE,3.671661096,4.29947,129243.0,105.82,1967.0,3539.43,3152.6,0.923,7343.0,4.02,1.94
8210721,K06991.01,,FALSE POSITIVE,22.673145675,6.6324,65410.8,30.92,684.0,51.67,912.0,0.605,5619.0,4.269,1.153
8977176,K07119.01,,FALSE POSITIVE,0.50948306,3.14,74.6,1.22,3024.0,19778.63,8.0,0.3535,6344.0,4.091,1.39
9001468,K07120.01,,FALSE POSITIVE,17.329965871,8.43812,252721.0,42.58,548.0,21.34,1938.7,0.705,5079.0,4.588,0.683
9005854,K07121.01,,FALSE POSITIVE,1.890227354,3.855,112262.0,42.05,1236.0,551.66,252.0,0.957,5356.0,4.589,0.78
9007918,K07122.01,,FALSE POSITIVE,1.387206724,3.82527,151432.0,103.41,2619.0,11126.98,1752.6,0.856,7207.0,4.06,1.894
9007953,K07123.01,,FALSE POSITIVE,1.38718209,2.595,45.5,0.68,1707.0,2011.41,7.2,0.28,6122.0,4.471,0.996
9024857,K07124.01,,FALSE POSITIVE,35.026564845,2.90121,120249.0,34.88,489.0,13.56,1607.2,0.777,5546.0,4.575,0.81
9029486,K07126.01,,FALSE POSITIVE,3.138580493,4.16343,233337.0,59.24,1281.0,635.61,2387.8,0.619,5593.0,4.311,1.083
9906841,K07251.01,,FALSE POSITIVE,581.0723,15.81,1364.2,161858.0,639.0,39.36,15.9,88.7243,5026.0,2.504,16.891
9913481,K07253.01,,FALSE POSITIVE,3.50474265,8.2852,88625.0,200.24,2689.0,12355.55,977.2,1.049,7624.0,3.622,3.682
9913798,K07254.01,,FALSE POSITIVE,2.14344093,3.9741,133317.0,28.69,1033.0,269.48,645.9,0.686,4817.0,4.624,0.7
9934208,K07256.01,,FALSE POSITIVE,9.058487716,4.14334,127971.0,20.51,547.0,21.15,2098.9,0.213,4340.0,4.671,0.573
9936698,K07257.01,,FALSE POSITIVE,2.856085147,4.5776,173843.0,88.52,1739.0,2164.0,422.1,0.841,6604.0,4.178,1.526
10867017,K07384.01,,FALSE POSITIVE,0.876941133,1.296,73.5,0.85,1938.0,3332.14,12.3,0.386,6018.0,4.485,0.975
10909274,K07385.01,,FALSE POSITIVE,39.238141571,6.07183,439208.0,90.93,656.0,43.69,969.3,0.459,6599.0,4.35,1.234
10920813,K07386.01,,FALSE POSITIVE,53.7406575,47.2475,116722.0,25.44,398.0,5.93,3568.1,0.386,5288.0,4.577,0.737
10923260,K07387.01,,FALSE POSITIVE,7.436016459,4.16284,106527.0,31.39,968.0,207.61,742.1,0.433,6214.0,4.501,0.933
10924400,K07388.01,,FALSE POSITIVE,0.750737313,1.712,38.8,0.48,1603.0,1558.69,13.4,0.463,5151.0,4.602,0.761
10936427,K07390.01,,FALSE POSITIVE,14.361021578,13.2895,459877.0,45.9,594.0,29.44,2599.0,0.003,5229.0,4.607,0.668
10937609,K07391.01,,FALSE POSITIVE,2.570431263,5.49699,76826.0,50.18,1411.0,936.9,822.9,1.054,6244.0,4.473,0.971
10965963,K07392.01,,FALSE POSITIVE,6.64024496,6.03491,224329.0,74.4,1114.0,364.44,2941.0,0.756,6085.0,4.293,1.215
12251779,K07517.01,,FALSE POSITIVE,14.844240386,6.83577,83412.4,28.97,810.0,101.98,4542.8,0.275,6161.0,4.367,0.988
12268220,K07518.01,,FALSE POSITIVE,4.42158021,10.4532,61032.0,188.89,2565.0,10243.23,370.6,1.146,8026.0,3.65,3.461
12302391,K07519.01,,FALSE POSITIVE,25.321698729,4.45367,119590.0,56.62,655.0,43.39,673.3,0.954,6109.0,4.455,1.029
12306808,K07521.01,,FALSE POSITIVE,37.878483588,10.5972,222232.0,46.42,503.0,15.19,1157.6,0.763,5985.0,4.603,0.758
12351927,K07522.01,,FALSE POSITIVE,10.116144515,2.70314,58143.5,17.21,549.0,21.56,1144.8,0.879,4717.0,4.737,0.519
12353633,K07523.01,,FALSE POSITIVE,0.684496369,2.263,28.4,1.12,2913.0,17099.5,16.3,0.501,5800.0,3.866,2.053
12353720,K07524.01,,FALSE POSITIVE,1.953285321,1.67598,1520.3,151.56,2927.0,17363.68,237.7,1.312,6450.0,3.501,3.928
8565912,K07898.01,,FALSE POSITIVE,1.012174295,4.6617,323029.0,114.4,2737.0,13215.77,596.0,0.596,6987.0,4.096,1.716
2853828,K02896.02,,FALSE POSITIVE,346.36642,14.94,148.2,1.57,314.0,2.3,14.3,0.45,6327.0,4.276,1.259
3458919,K06337.01,,FALSE POSITIVE,0.892061734,2.24307,75590.0,46.75,1724.0,2090.54,398.1,1.079,5561.0,4.512,0.855
3542573,K06338.01,,FALSE POSITIVE,3.471399214,5.07707,92284.9,89.62,1558.0,1390.76,3230.4,1.014,6026.0,4.101,1.689
3543270,K06339.01,,FALSE POSITIVE,4.176929219,5.2003,70355.0,31.35,938.0,183.08,187.0,0.984,5462.0,4.628,0.708
3556742,K06344.01,,FALSE POSITIVE,0.823014905,3.5426,850.5,22.17,1482.0,1136.75,130.5,1.247,4975.0,4.614,0.724
4917014,K06472.01,,FALSE POSITIVE,0.796815149,1.0727,55.9,10.23,5480.0,212663.45,4.8,0.524,4897.0,2.464,13.499
4931073,K06473.01,,FALSE POSITIVE,26.951237675,8.27486,86749.2,146.33,1082.0,324.38,1451.7,1.04,6675.0,3.748,2.747
4932691,K06474.01,,FALSE POSITIVE,18.11208877,6.7828,116633.0,96.62,1068.0,307.27,217.7,0.982,7323.0,4.167,1.722
4940201,K06476.01,,FALSE POSITIVE,4.408295716,3.62479,37964.0,35.68,942.0,186.23,386.1,1.159,5496.0,4.607,0.743
4946680,K06477.01,,FALSE POSITIVE,8.665259912,3.1088,1840.6,82.42,1378.0,852.84,181.4,1.269,6071.0,3.796,2.389
4947726,K06478.01,,FALSE POSITIVE,4.726086185,4.39793,181820.0,41.38,1032.0,267.96,1564.3,0.651,5873.0,4.547,0.863
4948863,K06479.01,,FALSE POSITIVE,8.643550046,3.1273,67298.6,38.21,779.0,87.16,849.3,1.076,5679.0,4.605,0.747
5529501,K06592.01,,FALSE POSITIVE,1.51945182,2.95,13.7,0.5,1901.0,3080.82,9.6,0.599,6168.0,4.25,1.307
5529560,K06593.01,,FALSE POSITIVE,0.759755409,2.734,70.0,0.91,2121.0,4773.08,15.9,0.455,6090.0,4.447,1.071
5530881,K06594.01,,FALSE POSITIVE,5.082523739,5.04732,276277.0,61.88,1266.0,606.33,5286.2,0.269,6507.0,4.343,1.145
5534476,K06595.01,,FALSE POSITIVE,1.02547271,1.996,27.0,0.94,2657.0,11800.82,10.9,0.651,6862.0,4.114,1.712
5534702,K06596.01,,FALSE POSITIVE,1.025465924,3.71841,152685.0,106.84,2710.0,12744.17,1120.8,0.88,6700.0,4.041,1.883
5535280,K06597.01,,FALSE POSITIVE,74.985292949,6.23451,105346.0,49.22,425.0,7.69,1754.8,0.987,5955.0,4.52,0.91
5553624,K06599.01,,FALSE POSITIVE,25.762056721,14.8694,447716.0,74.87,604.0,31.48,3469.5,0.445,5539.0,4.393,1.027
6543682,K06728.01,,FALSE POSITIVE,1.195516859,6.17216,513813.0,75.54,1715.0,2045.19,1153.4,0.327,5780.0,4.438,1.0
6545018,K06729.01,,FALSE POSITIVE,1.995728294,6.43532,251876.0,45.2,1409.0,928.82,1496.5,0.465,5807.0,4.455,0.861
6548447,K06730.01,,FALSE POSITIVE,10.768391927,12.5252,107382.0,52.8,970.0,209.25,2085.7,0.001,5226.0,3.97,1.643
6584167,K06732.01,,FALSE POSITIVE,0.733724504,2.208,45.9,0.96,2601.0,10830.96,21.4,0.257,6175.0,4.099,1.405
6591789,K06735.01,,FALSE POSITIVE,5.08840787,4.77204,386682.0,55.3,937.0,181.75,3095.0,0.513,5618.0,4.583,0.791
6593363,K06736.01,,FALSE POSITIVE,18.527824075,5.88678,76231.1,64.66,1080.0,322.19,5547.2,0.171,6154.0,3.793,2.321
7336754,K06861.01,,FALSE POSITIVE,12.155241119,6.84353,85531.5,34.62,788.0,91.2,1767.8,0.825,5761.0,4.413,0.932
7350067,K06863.01,Kepler-1646 b,CONFIRMED,4.48559215,0.8161,2265.0,0.95,365.0,4.2,15.0,0.442,3236.0,5.097,0.193
7362534,K06864.01,,FALSE POSITIVE,0.566789763,4.008,25.4,0.4,1984.0,3662.84,15.4,0.6376,5799.0,4.6,0.758
7362632,K06865.01,,FALSE POSITIVE,0.566811926,4.181,82.6,0.91,2293.0,6584.06,22.5,0.681,6165.0,4.474,0.942
7365447,K06866.01,,FALSE POSITIVE,2.525386934,3.71613,124878.0,67.24,1701.0,1982.55,1003.0,0.934,6826.0,4.337,1.233
7366036,K06867.01,,FALSE POSITIVE,0.566801506,1.738,29.5,0.62,2557.0,10156.53,19.2,0.369,6398.0,4.358,1.111
7366065,K06868.01,,FALSE POSITIVE,0.566803738,1.8481,100.6,1.13,2450.0,8516.13,33.1,0.6755,6300.0,4.404,1.057
8211521,K06992.01,,FALSE POSITIVE,1.69421771,4.161,91.1,0.74,1274.0,621.89,15.0,0.734,5402.0,4.591,0.717
8229048,K06995.01,,FALSE POSITIVE,2.739477089,3.18229,32096.1,50.48,1475.0,1120.19,593.6,1.189,6469.0,4.431,1.056
8231877,K06996.01,,FALSE POSITIVE,1.307761491,2.22271,13941.0,29.17,1298.0,671.75,531.5,1.237,5112.0,4.596,0.673
8234477,K06997.01,,FALSE POSITIVE,4.028671454,8.12253,113967.0,52.42,1492.0,1169.87,2152.8,0.294,6327.0,4.168,1.528
8240109,K06998.01,,FALSE POSITIVE,2.30118753,7.8216,87537.0,140.23,2783.0,14194.09,404.8,1.033,7970.0,3.871,2.652
8240861,K06999.01,,FALSE POSITIVE,0.449249224,4.7565,419437.0,95.83,2941.0,17801.78,1194.9,0.494,6338.0,4.239,1.299
9049010,K07127.01,,FALSE POSITIVE,0.687004402,3.829,93.7,2.89,3535.0,36888.8,45.0,0.689,6240.0,3.684,2.803
9083503,K07128.01,,FALSE POSITIVE,0.91839938,4.479,152.1,1.0,1558.0,1389.28,16.8,0.519,5222.0,4.556,0.795
9093566,K07130.01,,FALSE POSITIVE,0.94356284,5.721,13.4,0.76,3176.0,23945.42,16.0,0.569,7693.0,4.083,1.984
9098590,K07131.01,,FALSE POSITIVE,2.243569483,4.14769,66328.2,21.11,1364.0,817.05,1107.7,0.381,6081.0,4.526,0.801
9098810,K07132.01,,FALSE POSITIVE,8.258181993,3.9122,311858.0,58.19,809.0,101.33,2981.6,0.61,5306.0,4.445,0.888
9101208,K07134.01,,FALSE POSITIVE,1.81139053,8.64,77.5,14.47,1466.0,1092.69,12.5,1.137,5941.0,4.519,0.911
9944421,K07260.01,,FALSE POSITIVE,7.09520543,3.69044,232683.0,50.23,813.0,103.28,1959.2,0.778,5481.0,4.592,0.778
9945280,K07261.01,,FALSE POSITIVE,0.651731691,2.4602,20524.2,71.9,2604.0,10815.86,347.5,1.255,5791.0,4.052,1.472
9953736,K07262.01,,FALSE POSITIVE,0.50818743,3.433,54.9,1.26,3274.0,27312.92,29.1,0.779,7141.0,4.243,1.56
9963009,K07265.01,,FALSE POSITIVE,40.069674617,9.3564,41865.1,27.38,588.0,28.2,1304.8,0.767,5911.0,4.321,1.207
8545603,K07893.01,,FALSE POSITIVE,55.884827,2.283,497.6,2.11,438.0,8.7,7.7,0.752,5668.0,4.545,0.868
10976412,K07393.01,,FALSE POSITIVE,3.75938475,1.188,133.1,3.1,1677.0,1868.97,11.3,0.505,4976.0,3.534,2.638
10979716,K07394.01,,FALSE POSITIVE,10.6840477,3.515,81901.0,26.43,444.0,9.21,395.3,1.012,3887.0,4.743,0.523
10987439,K07396.01,,FALSE POSITIVE,10.67459836,3.82706,16676.0,68.58,1083.0,325.55,1845.6,1.255,6496.0,4.212,1.485
10989032,K07397.01,,FALSE POSITIVE,2.305097141,1.9378,5880.0,89.22,2753.0,13581.41,133.4,1.286,8851.0,4.085,2.178
10991989,K07398.01,,FALSE POSITIVE,0.974477904,2.69834,8846.9,618.37,5205.0,172916.96,801.7,1.252,5210.0,2.631,15.004
10992733,K07399.01,,FALSE POSITIVE,18.525917446,5.9056,455661.0,64.42,618.0,34.58,2246.9,0.415,5492.0,4.533,0.887
12356746,K07525.01,,FALSE POSITIVE,0.502454299,2.31547,37454.3,43.95,2336.0,7025.25,873.6,1.17,6134.0,4.498,0.901
12356914,K07526.01,,FALSE POSITIVE,27.308150159,4.43906,388005.0,47.06,523.0,17.75,820.9,0.167,5541.0,4.574,0.739
12365000,K07527.01,,FALSE POSITIVE,1.262742487,1.7433,15911.0,134.45,2548.0,9925.41,60.8,1.213,5273.0,3.621,3.15
12367017,K07529.01,,FALSE POSITIVE,1.222127938,2.2613,2486.5,30.32,1470.0,1107.41,200.9,1.258,5157.0,4.465,0.87
12367310,K07530.01,,FALSE POSITIVE,8.627475562,4.65505,36784.3,188.55,1446.0,1031.92,1157.5,1.141,5146.0,3.475,4.063
12403968,K07531.01,,FALSE POSITIVE,0.589753355,0.606,216.0,1.03,1760.0,2262.14,12.4,0.318,5414.0,4.648,0.678
12418662,K07532.01,,FALSE POSITIVE,2.751566365,5.2403,72609.0,42.98,1171.0,445.35,180.0,1.041,5461.0,4.497,0.861
12418816,K07533.01,,FALSE POSITIVE,0.760935268,2.77023,370600.0,35.68,1285.0,640.66,1289.0,0.527,4675.0,4.74,0.511
9959492,K03051.02,,FALSE POSITIVE,1.33258772,5.187,70.8,1.13,1825.0,2625.26,16.0,0.634,5576.0,4.201,1.289
3558803,K06345.01,,FALSE POSITIVE,1.353414369,13.416,610.2,216.31,3617.0,40561.5,100.8,1.202,4850.0,2.865,8.586
3634169,K06346.01,,FALSE POSITIVE,2.9590637,28.81,23.6,0.65,1564.0,1415.74,6.4,0.2957,6192.0,4.195,1.322
3644174,K06347.01,,FALSE POSITIVE,1.806631432,1.102,217.5,1.05,1059.0,297.98,10.4,0.536,4606.0,4.591,0.699
3655326,K06348.01,,FALSE POSITIVE,15.066491533,6.2852,106051.0,88.56,932.0,177.96,893.0,0.988,5751.0,4.028,1.626
3656322,K06349.01,,FALSE POSITIVE,1.831829703,7.289,40509.0,49.38,2078.0,4410.65,140.4,0.788,5269.0,3.667,2.183
3656700,K06350.01,,FALSE POSITIVE,0.738527259,1.2174,422.9,49.08,2978.0,18549.81,104.1,1.171,5869.0,3.825,2.313
3659940,K06351.01,,FALSE POSITIVE,0.89627093,2.2033,66994.0,43.47,1733.0,2129.33,152.9,1.062,5551.0,4.493,0.861
4949027,K06480.01,,FALSE POSITIVE,1.06100327,1.675,95.9,0.94,1793.0,2443.69,9.7,0.0834,5966.0,4.493,0.961
4949214,K06481.01,,FALSE POSITIVE,0.922030594,4.367,13859.0,49.63,2194.0,5474.27,331.7,1.242,6484.0,4.386,1.153
4950341,K06482.01,,FALSE POSITIVE,611.09299,15.22,270.0,1.53,215.0,0.51,12.2,0.2171,6032.0,4.508,0.929
4950557,K06483.01,,FALSE POSITIVE,24.714790706,5.06776,208732.0,112.24,901.0,155.67,5148.8,0.781,6300.0,3.982,1.862
5017058,K06486.01,,FALSE POSITIVE,1.161947482,4.46886,129896.0,68.69,2174.0,5300.4,2435.4,0.815,6225.0,4.204,1.457
5018787,K06487.01,,FALSE POSITIVE,0.607191908,1.30166,17368.7,12.44,1759.0,2251.28,961.9,0.917,5370.0,4.598,0.671
8345473,K07881.01,,FALSE POSITIVE,2.2502073,2.203,260.1,19.94,3637.0,41377.92,7.8,0.268,4507.0,2.391,12.787
5598639,K06602.01,,FALSE POSITIVE,0.648775795,4.34648,108824.0,41.58,1714.0,2038.54,6873.9,0.961,5143.0,4.559,0.776
5610698,K06603.01,,FALSE POSITIVE,4.132521615,12.4949,156249.0,93.1,1628.0,1660.29,440.0,0.877,6567.0,4.045,1.636
5616489,K06604.01,,FALSE POSITIVE,410.88527,24.1,2059.6,200346.0,774.0,84.63,21.5,100.196,5015.0,2.34,18.489
5621294,K06606.01,,FALSE POSITIVE,0.938905082,5.00453,358893.0,205.64,4281.0,79148.54,2584.7,0.54,8615.0,3.784,3.003
5621299,K06607.01,,FALSE POSITIVE,0.93891532,2.134,39.1,1.13,2667.0,11944.88,8.2,0.069,6534.0,4.074,1.797
5622250,K06608.01,,FALSE POSITIVE,16.294213708,6.01687,174006.0,68.05,929.0,176.22,7486.2,0.612,6237.0,4.145,1.508
5632781,K06609.01,,FALSE POSITIVE,11.02520205,12.8097,429759.0,164.02,1294.0,663.18,2585.5,0.439,6047.0,3.724,2.3
6594972,K06737.01,,FALSE POSITIVE,10.819169459,5.50262,437142.0,67.76,850.0,123.51,5258.2,0.275,5955.0,4.429,0.991
6595662,K06738.01,,FALSE POSITIVE,2.680514453,3.21178,195748.0,48.86,1431.0,989.89,665.5,0.359,6038.0,4.356,1.076
6606282,K06740.01,,FALSE POSITIVE,1.053573674,1.70116,3063.0,299.87,4319.0,81969.77,445.3,1.308,5838.0,3.038,7.385
6606669,K06741.01,,FALSE POSITIVE,0.970085646,1.129,153.0,18.65,5119.0,162048.58,9.8,0.035,4555.0,2.346,15.63
6607610,K06742.01,,FALSE POSITIVE,63.52017525,17.1759,32548.4,77.1,745.0,72.92,1708.1,0.375,4938.0,3.388,4.33
6610219,K06743.01,,FALSE POSITIVE,11.300987626,10.5199,325703.0,97.12,1019.0,254.84,5027.8,0.606,6143.0,4.165,1.448
7368103,K06869.01,,FALSE POSITIVE,2.182515126,6.8413,114931.0,128.15,2703.0,12627.67,861.6,0.968,8051.0,3.966,2.347
7369523,K06870.01,,FALSE POSITIVE,2.659418888,6.98414,305233.0,61.52,1352.0,789.69,5776.1,0.634,6156.0,4.5,0.932
7376982,K06871.01,,FALSE POSITIVE,2.31610674,3.347,33.6,0.7,1559.0,1393.98,13.0,0.404,6025.0,4.3,1.193
7381695,K06873.01,,FALSE POSITIVE,0.948683571,1.676,150.9,1.12,1665.0,1815.32,13.8,0.691,5576.0,4.556,0.852
7385387,K06874.01,,FALSE POSITIVE,1.65546056,3.52,125.1,0.9,1331.0,743.75,12.4,0.109,5438.0,4.574,0.82
7385478,K06875.01,,FALSE POSITIVE,1.655472351,5.09197,174198.0,125.25,2546.0,9914.08,823.8,0.836,6725.0,3.86,2.171
8243263,K07000.01,,FALSE POSITIVE,1.759276227,3.19585,32091.2,40.79,1861.0,2828.82,2857.7,1.026,6656.0,4.351,1.232
8244295,K07001.01,,FALSE POSITIVE,1.09206792,1.646,105.9,0.74,1320.0,715.46,7.7,0.378,4856.0,4.609,0.728
8262223,K07004.01,,FALSE POSITIVE,1.613014741,4.39594,152120.0,157.33,3145.0,23173.2,1096.1,0.882,7832.0,3.836,2.779
8265520,K07005.01,,FALSE POSITIVE,6.2089181,2.292,1664.0,9.2,1378.0,853.5,8.4,0.6977,5548.0,3.797,2.113
8265990,K07006.01,,FALSE POSITIVE,0.77996263,3.369,25.7,0.83,2607.0,10919.82,9.7,0.0723,6002.0,4.032,1.629
9119405,K07135.01,,FALSE POSITIVE,18.646323091,8.853,231000.0,213.31,1194.0,480.54,2895.8,0.742,5786.0,3.542,3.478
9156957,K07137.01,,FALSE POSITIVE,3.6673005,3.373,144.9,0.62,627.0,36.42,9.1,0.1985,3823.0,4.729,0.519
9159301,K07138.01,,FALSE POSITIVE,3.044771557,11.0593,487818.0,231.93,2816.0,14849.39,3684.9,0.295,8199.0,3.747,3.163
9163674,K07139.01,,FALSE POSITIVE,0.773144492,4.05643,215961.0,107.13,2860.0,15791.97,2947.8,0.694,6413.0,4.038,1.91
9164788,K07140.01,,FALSE POSITIVE,2.66811113,22.49,48.3,1.53,1792.0,2439.28,32.5,0.9911,6593.0,4.164,1.561
9172506,K07141.01,,FALSE POSITIVE,50.440285363,12.2001,85309.1,51.5,673.0,48.36,2499.7,0.658,6225.0,4.039,1.646
9179531,K07142.01,,FALSE POSITIVE,3.255385289,5.9498,158913.0,40.58,1236.0,550.68,840.7,0.523,5806.0,4.425,0.975
9963639,K07266.01,,FALSE POSITIVE,7.4185369,1.451,14.7,0.81,1963.0,3511.86,5.2,0.053,9763.0,4.179,2.045
9965691,K07267.01,,FALSE POSITIVE,15.68434493,44.463,791.6,56.23,1136.0,393.14,256.3,1.206,6407.0,3.888,2.191
9971475,K07268.01,,FALSE POSITIVE,5.357409918,4.28582,199157.0,124.05,1492.0,1172.13,936.1,0.804,5768.0,3.809,2.057
10000490,K07269.01,,FALSE POSITIVE,1.400991827,4.8798,64104.0,98.13,2468.0,8795.37,669.6,1.093,6706.0,4.026,1.924
10014702,K07271.01,,FALSE POSITIVE,1.34062901,3.076,69.5,0.82,1678.0,1876.57,13.1,0.531,6045.0,4.494,0.955
10020423,K07273.01,,FALSE POSITIVE,7.448375935,4.23892,152666.0,34.37,871.0,136.18,1837.9,0.35,5636.0,4.489,0.867
11027270,K07401.01,,FALSE POSITIVE,0.533628226,5.772,81.8,2.41,3885.0,53849.23,35.3,0.9385,7163.0,3.906,2.177
11027722,K07402.01,,FALSE POSITIVE,0.678137665,1.00718,885.0,30.37,2274.0,6364.7,172.7,1.263,6429.0,4.449,0.942
11029877,K07403.01,,FALSE POSITIVE,2.069415479,5.71941,16188.3,55.45,1768.0,2310.53,1148.3,1.241,6640.0,4.343,1.25
11071207,K07405.01,,FALSE POSITIVE,8.04963472,6.00488,279647.0,95.98,1247.0,571.1,5246.5,0.671,6698.0,4.171,1.485
11073223,K07406.01,,FALSE POSITIVE,11.578946873,4.6373,299739.0,58.32,869.0,134.91,2456.3,0.441,6028.0,4.355,1.014
11076279,K07407.01,,FALSE POSITIVE,1.47258471,4.76885,224011.0,123.25,2705.0,12617.53,741.5,0.75,7360.0,4.008,2.024
11124509,K07409.01,,FALSE POSITIVE,4.446459958,2.558,5663.8,36.15,1030.0,265.42,178.3,1.277,5615.0,4.504,0.893
12470530,K07536.01,,FALSE POSITIVE,8.207257515,4.23835,391305.0,46.82,650.0,42.1,1748.3,0.596,4859.0,4.637,0.621
12504353,K07537.01,,FALSE POSITIVE,498.68845,17.88,548.3,2.44,246.0,0.87,9.4,0.1119,6184.0,4.448,1.038
12506342,K07538.01,,FALSE POSITIVE,1.22775105,1.602,327.6,1.0,1094.0,340.64,20.3,0.262,4551.0,4.713,0.56
12557713,K07541.01,,FALSE POSITIVE,7.214721393,2.36464,46801.5,16.79,630.0,37.12,582.0,0.898,4705.0,4.696,0.552
9730163,K02704.03,Kepler-445 d,CONFIRMED,8.15275885,1.746,16536.0,2.44,305.0,2.03,9.2,0.461,3327.0,5.113,0.189
2437112,K03461.02,,FALSE POSITIVE,3.18740907,6.19,137.5,0.81,919.0,168.43,9.2,0.144,4808.0,4.589,0.715
5471690,K04006.02,,FALSE POSITIVE,0.962815183,2.581,20.7,1.12,3152.0,23331.88,12.1,0.0916,6638.0,3.792,2.445
5078025,K04211.02,,FALSE POSITIVE,0.696290095,3.839,120.5,12.63,1969.0,3537.89,19.4,1.123,5904.0,4.543,0.867
3746248,K06354.01,,FALSE POSITIVE,0.62240698,1.186,155.8,1.63,2663.0,11894.49,10.2,0.0908,6661.0,4.341,1.29
3757588,K06356.01,,FALSE POSITIVE,24.09002065,11.0494,6782.2,9.39,551.0,21.85,252.3,0.946,5354.0,4.495,0.804
3764411,K06357.01,,FALSE POSITIVE,4.4158933,1.155,191.1,1.42,1138.0,395.82,5.8,0.1672,5977.0,4.473,1.022
3766353,K06359.01,,FALSE POSITIVE,2.666961614,2.4774,7583.4,40.68,1469.0,1104.26,249.5,1.276,6609.0,4.484,0.974
5019567,K06488.01,,FALSE POSITIVE,1.17430183,9.587,64.5,2.22,3020.0,19656.66,13.5,0.9744,7537.0,4.007,2.145
5021732,K06490.01,,FALSE POSITIVE,15.039464523,5.39796,66876.8,51.71,877.0,139.95,1133.5,0.998,6410.0,4.329,1.178
5022440,K06491.01,,FALSE POSITIVE,3.693951168,2.2534,28290.0,20.88,1148.0,411.07,173.2,0.917,5968.0,4.534,0.881
5022900,K06492.01,,FALSE POSITIVE,1.05680287,5.748,82.3,0.83,1633.0,1686.88,10.9,0.563,5584.0,4.532,0.885
5024126,K06493.01,,FALSE POSITIVE,0.787122102,3.0999,596.8,20.76,1655.0,1775.05,57.4,1.211,5210.0,4.528,0.799
5024268,K06494.01,,FALSE POSITIVE,2.15045295,4.453,169.1,24.27,4340.0,83894.63,25.8,0.3604,4899.0,2.356,18.92
5024372,K06495.01,,FALSE POSITIVE,0.561524348,3.336,34.1,0.43,2050.0,4173.47,15.7,0.4172,5919.0,4.55,0.715
5647638,K06611.01,,FALSE POSITIVE,1.21607873,4.686,29.4,1.92,2803.0,14545.24,11.2,0.991,6234.0,3.741,2.5
5653126,K06612.01,,FALSE POSITIVE,38.49536985,12.8716,93327.0,124.34,824.0,109.13,201.9,1.013,6050.0,3.823,2.345
5686974,K06613.01,,FALSE POSITIVE,4.18224416,6.209,57.2,1.07,1206.0,500.7,13.8,0.99,6057.0,4.392,0.999
5696909,K06614.01,,FALSE POSITIVE,0.643002821,1.02608,2671.5,36.82,2188.0,5409.39,295.6,1.261,5681.0,4.315,1.036
5697628,K06615.01,,FALSE POSITIVE,1.95119541,1.907,59.7,0.47,1050.0,287.41,7.7,0.1533,4936.0,4.681,0.628
5700330,K06616.01,,FALSE POSITIVE,53.220416998,17.7344,72895.3,55.22,655.0,43.63,4563.5,0.248,5653.0,3.905,2.057
6629588,K06748.01,,FALSE POSITIVE,2.264471713,7.1803,187430.0,102.12,2103.0,4637.68,873.7,0.81,6782.0,4.014,1.752
6636020,K06749.01,,FALSE POSITIVE,18.3602239,2.352,574.6,2.04,637.0,38.9,12.4,0.1819,5713.0,4.551,0.856
7431665,K06877.01,,FALSE POSITIVE,281.509095,40.963,5948.7,85.77,685.0,52.05,182.5,0.626,4797.0,2.632,10.709
7455553,K06879.01,,FALSE POSITIVE,3.258249472,2.6358,1643.5,79.23,2057.0,4234.38,202.0,1.264,6712.0,3.859,2.361
7456521,K06880.01,,FALSE POSITIVE,552.8295063,16.0851,266298.0,56.89,229.0,0.65,942.6,0.653,5956.0,4.403,0.929
7461314,K06881.01,,FALSE POSITIVE,0.773595312,0.781,93.0,0.96,1976.0,3613.97,13.2,0.612,5973.0,4.506,0.935
7499571,K06883.01,,FALSE POSITIVE,533.6593,12.81,533.5,1.92,205.0,0.42,7.8,0.1083,5695.0,4.556,0.839
7541502,K06885.01,,FALSE POSITIVE,44.827323809,6.86103,237120.0,429.0,779.0,87.2,4484.5,1.494,5160.0,3.568,3.279
8285254,K07008.01,,FALSE POSITIVE,7.535894184,8.3059,172126.0,24.64,642.0,40.28,1446.7,0.644,4969.0,4.736,0.537
8285970,K07009.01,,FALSE POSITIVE,0.562498925,0.6743,420.1,2.88,2129.0,4880.5,44.1,0.971,5638.0,4.437,0.933
8288719,K07010.01,,FALSE POSITIVE,0.755049082,2.09643,26067.9,30.47,1551.0,1372.84,683.7,1.225,5242.0,4.64,0.622
8294484,K07011.01,,FALSE POSITIVE,1.012694226,3.6017,108504.0,42.51,2230.0,5846.79,185.1,0.534,6487.0,4.292,1.233
8296467,K07012.01,,FALSE POSITIVE,10.303356001,5.98633,520067.0,69.66,787.0,90.76,2039.1,0.364,5497.0,4.423,0.9
8301013,K07013.01,,FALSE POSITIVE,2.214029545,5.64264,349110.0,94.23,1894.0,3041.8,2680.5,0.371,6604.0,4.178,1.526
8302455,K07014.01,,FALSE POSITIVE,2.441988077,3.94526,95343.5,90.39,1993.0,3721.74,1174.5,0.888,6078.0,3.874,2.059
8302473,K07015.01,,FALSE POSITIVE,2.44200193,3.146,128.6,0.95,1217.0,518.48,9.6,0.124,5587.0,4.556,0.851
8311864,K07016.01,Kepler-452 b,CONFIRMED,384.847556,9.969,189.9,1.09,220.0,0.56,12.3,0.059,5579.0,4.58,0.798
9181340,K07143.01,,FALSE POSITIVE,2.131225773,5.4932,2337.1,35.68,1555.0,1382.47,215.6,1.264,6181.0,4.38,1.028
9205993,K07145.01,,FALSE POSITIVE,1.219736039,4.89465,611523.0,135.43,2611.0,10982.55,1037.2,0.229,7358.0,4.171,1.637
9207508,K07146.01,,FALSE POSITIVE,2.015152464,8.17997,561687.0,132.05,2107.0,4657.05,4129.6,0.308,6988.0,4.163,1.649
9210828,K07147.01,,FALSE POSITIVE,0.82820657,2.70353,118533.0,35.67,1473.0,1109.75,548.3,0.94,5033.0,4.611,0.655
9236858,K07149.01,,FALSE POSITIVE,2.537081943,4.80903,245319.0,67.96,1712.0,2032.57,2434.8,0.451,6735.0,4.307,1.309
9243795,K07150.01,,FALSE POSITIVE,14.443127448,8.33598,41685.3,92.28,1182.0,462.07,2186.0,0.98,5757.0,3.672,2.736
9266285,K07151.01,,FALSE POSITIVE,5.61386908,5.07753,57385.6,34.24,714.0,61.43,1253.6,1.07,4504.0,4.582,0.709
10026136,K07274.01,,FALSE POSITIVE,9.080194398,8.18777,324573.0,76.4,1013.0,248.49,3481.8,0.614,6461.0,4.396,1.131
10026457,K07275.01,,FALSE POSITIVE,9.93442075,7.8219,55965.0,34.03,679.0,50.35,529.0,1.117,5382.0,4.654,0.669
10031409,K07276.01,,FALSE POSITIVE,2.071939672,4.45367,198766.0,75.64,1696.0,1953.33,2409.8,0.806,6140.0,4.247,1.254
10031526,K07277.01,,FALSE POSITIVE,8.5893644,6.975,179.3,1.21,792.0,93.09,9.8,0.791,5602.0,4.571,0.817
10031808,K07278.01,,FALSE POSITIVE,8.589644815,9.49469,269518.0,140.07,1412.0,940.15,5324.6,0.686,6331.0,3.813,2.194
10063044,K07280.01,,FALSE POSITIVE,1.009671584,4.37759,155117.0,125.31,3287.0,27692.04,1440.7,0.864,7652.0,3.974,2.242
11134079,K07410.01,,FALSE POSITIVE,1.260575815,2.36064,154278.0,29.91,1410.0,935.7,781.2,0.58,5388.0,4.576,0.715
11137061,K07411.01,,FALSE POSITIVE,1.88912273,4.219,60.2,0.59,1248.0,573.44,15.5,0.477,5413.0,4.578,0.754
11144439,K07412.01,,FALSE POSITIVE,0.609125246,0.655,139.2,0.96,1896.0,3049.07,10.9,0.242,5595.0,4.581,0.796
11147276,K07413.01,,FALSE POSITIVE,1.566528935,3.2593,92511.0,49.66,1551.0,1371.7,485.0,1.033,5883.0,4.471,0.905
11154043,K07414.01,,FALSE POSITIVE,4.52977632,26.752,1582.2,12.22,2264.0,6213.27,55.2,0.968,8912.0,4.05,2.299
4548011,K04288.03,,FALSE POSITIVE,4.32744048,4.539,22.0,0.58,1254.0,585.32,8.0,0.2789,5888.0,4.275,1.227
9597729,K04417.02,,FALSE POSITIVE,0.87630504,1.11,170.9,22.24,1911.0,3156.02,25.2,1.207,6032.0,4.508,0.929
3830820,K06360.01,,FALSE POSITIVE,15.582794732,3.76683,52760.0,14.0,397.0,5.86,439.3,0.759,3849.0,4.703,0.546
3831523,K06361.01,,FALSE POSITIVE,1.529283907,14.0075,54.8,2.26,2550.0,9998.13,41.5,0.981,6438.0,3.829,2.266
3834364,K06362.01,,FALSE POSITIVE,2.908454772,2.6005,64325.0,40.85,1153.0,416.75,252.8,1.113,5631.0,4.518,0.764
3836413,K06363.01,,FALSE POSITIVE,1.540396094,2.8044,55123.0,48.81,1576.0,1455.18,340.4,1.093,5780.0,4.438,1.0
3836439,K06364.01,,FALSE POSITIVE,1.540395674,2.80168,70614.6,117.33,2850.0,15595.35,997.9,1.072,7394.0,3.897,2.283
3838004,K06365.01,,FALSE POSITIVE,2.344138713,0.4495,110.8,2.43,1797.0,2469.65,8.6,0.104,5313.0,3.835,2.095
3851134,K06366.01,,FALSE POSITIVE,0.91849333,2.399,58.7,0.93,2205.0,5576.7,13.0,0.276,6469.0,4.385,1.193
3851193,K06367.01,,FALSE POSITIVE,1.341078755,3.86492,112151.0,41.8,1968.0,3533.56,1829.3,0.309,6368.0,4.323,1.225
9655792,K07605.01,,FALSE POSITIVE,589.74851,12.74,462.4,2.03,217.0,0.53,11.5,0.3597,6003.0,4.507,0.932
9970396,K07606.01,,FALSE POSITIVE,235.2976173,87.013,23052.8,82.92,585.0,27.65,210.7,0.2758,4894.0,2.968,5.568
10267121,K07609.01,,FALSE POSITIVE,36.136968,15.42,152.0,1.3,600.0,30.69,10.4,0.296,6258.0,4.442,1.046
10341777,K07610.01,,FALSE POSITIVE,0.933746709,3.435,18.6,0.36,1893.0,3026.99,14.3,0.057,6302.0,4.535,0.815
10407271,K07611.01,,FALSE POSITIVE,0.93376738,4.036,55.4,0.63,1678.0,1879.0,16.5,0.714,5611.0,4.53,0.787
10471167,K07612.01,,FALSE POSITIVE,0.93374073,4.296,147.6,0.84,1371.0,831.95,13.4,0.009,4753.0,4.585,0.717
10471174,K07613.01,,FALSE POSITIVE,0.93369659,4.444,81.4,0.78,1680.0,1891.43,10.8,0.57,5619.0,4.558,0.838
10471345,K07614.01,,FALSE POSITIVE,0.9337473,3.446,64.6,0.6,1625.0,1652.84,9.5,0.385,5649.0,4.606,0.741
11296798,K07615.01,,FALSE POSITIVE,677.35794,9.698,322.4,7.12,388.0,5.35,11.2,0.8359,6335.0,3.593,3.523
11463950,K07616.01,,FALSE POSITIVE,4.0551242,12.0,148.7,3.13,2013.0,3887.31,9.3,0.008,7064.0,3.888,2.531
11621897,K07618.01,,FALSE POSITIVE,21.6817115,7.18,73.5,0.89,713.0,60.99,6.9,0.27,6297.0,4.448,1.031
12253534,K07619.01,,FALSE POSITIVE,466.08101,23.69,180.1,2.13,305.0,2.05,14.1,0.0964,6098.0,4.097,1.59
9291039,K03230.02,,FALSE POSITIVE,3.796383639,8.6711,31.1,0.71,1323.0,724.17,24.5,0.649,6017.0,4.3,1.21
10155321,K04422.02,,FALSE POSITIVE,0.71059239,4.92,280.6,3.92,3318.0,28640.03,22.8,0.9638,7454.0,4.107,1.853
4953173,K04676.02,,FALSE POSITIVE,3.36379289,23.7,136.3,44.77,1840.0,2712.28,36.9,1.159,5947.0,3.814,2.407
6363560,K05270.02,,FALSE POSITIVE,0.907818056,1.679,29.5,0.55,2012.0,3871.99,13.2,0.037,6210.0,4.456,1.014
7539174,K05397.02,,FALSE POSITIVE,297.71402,13.413,1374.5,45.69,706.0,58.76,16.3,0.8328,4916.0,2.572,10.801
7935997,K05447.02,Kepler-1629 b,CONFIRMED,3.87594316,2.314,58.6,0.68,1081.0,323.21,14.2,0.025,5713.0,4.541,0.893
10535708,K05801.02,,FALSE POSITIVE,0.93373761,3.303,58.7,1.0,2073.0,4359.29,9.7,0.041,5534.0,4.17,1.326
11453930,K05900.02,,FALSE POSITIVE,0.687739345,0.1866,37.6,1.53,2837.0,15318.29,11.0,0.4062,6823.0,4.212,1.493
4737267,K06117.01,,FALSE POSITIVE,9.524076544,10.4891,198399.0,151.0,1390.0,882.28,1942.5,0.313,5180.0,3.428,3.371
5955321,K06140.01,,FALSE POSITIVE,11.637858887,11.8851,427948.0,77.01,895.0,151.54,2637.0,0.473,6360.0,4.433,1.058
10621666,K01636.02,,FALSE POSITIVE,14.5862195,2.733,202.2,1.17,702.0,57.32,9.3,0.0133,5904.0,4.565,0.819
5211470,K06541.02,,FALSE POSITIVE,0.938074536,1.9618,575.9,417.01,5718.0,251840.36,36.1,1.196,4697.0,2.204,17.032
6665064,K06751.02,,FALSE POSITIVE,0.698359996,1.4959,774.1,28.97,1990.0,3702.25,26.1,1.247,5761.0,4.492,0.956
3123418,K07542.01,,FALSE POSITIVE,563.94854,15.631,872.9,2.55,209.0,0.45,16.3,0.0504,5853.0,4.544,0.868
3458687,K07543.01,,FALSE POSITIVE,0.98376204,10.052,55.0,12.44,4203.0,73867.88,25.2,1.01,6431.0,3.276,5.294
3749508,K07544.01,,FALSE POSITIVE,2.403704619,0.8927,110.6,27.04,3903.0,54903.0,1.4,1.007,6244.0,2.897,10.105
3955867,K07545.01,,FALSE POSITIVE,33.65766894,40.787,15379.5,78.44,1211.0,508.66,519.2,0.306,4774.0,2.759,6.447
4074294,K07547.01,,FALSE POSITIVE,0.892988877,2.4428,85.0,2.94,3285.0,27545.43,43.8,0.71,6228.0,3.668,2.975
4380560,K07548.01,,FALSE POSITIVE,0.705816203,5.55,149.0,15.33,2109.0,4650.24,19.6,1.133,6106.0,4.487,0.966
4384652,K07549.01,,FALSE POSITIVE,374.51648,6.088,907419.0,73.1,220.0,0.55,105.8,0.0139,5714.0,4.627,0.711
7697568,K01829.02,,FALSE POSITIVE,10.3482112,2.089,255.1,1.29,724.0,64.97,8.4,0.093,5383.0,4.543,0.822
4483235,K07550.01,,FALSE POSITIVE,1.7609276,5.189,57.3,1.53,2860.0,15818.72,26.1,0.29,8784.0,4.156,1.967
4680745,K07552.01,,FALSE POSITIVE,1.463148937,11.04,168.0,15.82,2371.0,7470.01,66.6,1.0653,6525.0,3.993,1.805
4851195,K07553.01,,FALSE POSITIVE,374.514471,6.629,440516.0,139.55,295.0,1.79,130.3,1.0492,6446.0,4.381,1.155
5024414,K07555.01,,FALSE POSITIVE,1.525924746,1.955,74.1,8.86,3786.0,48691.77,11.9,0.208,5000.0,2.81,10.533
5177065,K07556.01,,FALSE POSITIVE,1.25383162,7.68,12.9,0.47,2109.0,4677.63,9.7,0.2204,6472.0,4.271,1.299
5268955,K07557.01,,FALSE POSITIVE,12.82252496,18.8,19268.0,20.12,915.0,165.54,13.7,0.706,5845.0,4.178,1.352
5598645,K07560.01,,FALSE POSITIVE,0.648772102,2.614,31.1,2.6,3758.0,47393.05,15.0,0.368,4973.0,3.208,4.708
5908086,K07563.01,,FALSE POSITIVE,0.93705132,4.808,51.5,6.09,5094.0,159426.96,17.3,0.773,6691.0,3.088,7.781
6307243,K07564.01,,FALSE POSITIVE,451.86579,13.47,80.0,1.85,464.0,10.97,12.0,0.379,9024.0,4.154,2.005
6350522,K07565.01,,FALSE POSITIVE,491.52571,12.43,457.3,1.43,159.0,0.15,8.8,0.4713,4541.0,4.608,0.669
6508734,K07568.01,,FALSE POSITIVE,480.03759,16.25,717.4,1.14,109.0,0.03,9.0,0.2596,3622.0,4.826,0.43
6590362,K07570.01,,FALSE POSITIVE,0.592618966,0.811,91.4,0.86,2103.0,4626.58,14.9,0.083,5926.0,4.532,0.887
6628740,K07571.01,,FALSE POSITIVE,0.532854237,3.231,50.9,1.21,3042.0,20292.47,27.9,0.618,6266.0,4.067,1.613
7031126,K07573.01,,FALSE POSITIVE,0.566802672,3.545,31.7,1.08,2791.0,14458.31,14.3,0.128,5102.0,3.787,1.961
7031208,K07574.01,,FALSE POSITIVE,0.566796331,5.194,114.8,1.5,2411.0,7979.99,33.3,0.981,6319.0,4.447,1.032
7031742,K07575.01,,FALSE POSITIVE,0.566785459,2.893,63.8,0.84,2280.0,6410.46,16.5,0.588,6063.0,4.476,1.012
7032568,K07576.01,,FALSE POSITIVE,0.566792936,2.846,23.0,0.79,3114.0,22251.32,14.3,0.467,6432.0,4.018,1.603
7032687,K07577.01,,FALSE POSITIVE,0.5668004,3.813,93.2,0.88,2222.0,5739.87,18.3,0.593,6215.0,4.543,0.872
7115384,K07578.01,,FALSE POSITIVE,0.566793614,5.723,31.4,21.63,7584.0,781981.98,79.8,0.9476,3789.0,1.549,27.384
7116282,K07579.01,,FALSE POSITIVE,0.566798676,2.777,59.9,0.68,2051.0,4160.07,12.8,0.01,5490.0,4.436,0.887
7116859,K07580.01,,FALSE POSITIVE,0.5667638,1.73,64.5,0.75,2178.0,5335.09,2.4,0.158,5766.0,4.433,0.94
7133286,K07581.01,,FALSE POSITIVE,38.51077573,38.8558,84633.4,18.68,352.0,3.64,3567.5,0.467,4374.0,4.626,0.635
7214090,K07583.01,,FALSE POSITIVE,0.577910513,1.362,144.1,1.1,2081.0,4429.84,18.1,0.367,5730.0,4.503,0.908
7281694,K07584.01,,FALSE POSITIVE,0.566807725,2.16,31.5,0.94,2524.0,9645.51,12.3,0.155,5018.0,3.953,1.734
7362450,K07585.01,,FALSE POSITIVE,0.566807422,5.148,26.1,1.13,2680.0,12227.82,28.8,0.985,5616.0,4.04,1.547
8007262,K07586.01,,FALSE POSITIVE,1.345078434,10.19,3025.0,12.16,2324.0,6894.58,27.7,0.9526,6664.0,4.141,1.675
8106973,K07588.01,,FALSE POSITIVE,439.1076969,26.2259,69792.0,24.7,221.0,0.57,884.9,0.7777,5810.0,4.567,0.811
8258103,K07590.01,,FALSE POSITIVE,0.594003994,5.557,25.4,1.55,4952.0,142174.84,51.1,0.4978,8596.0,3.793,2.968
8579684,K07594.01,,FALSE POSITIVE,2.08802799,24.017,70.8,1.93,2003.0,3806.17,60.5,0.9865,6593.0,4.117,1.67
8649876,K07595.01,,FALSE POSITIVE,10.4212788,28.4832,148.0,36.9,1235.0,549.92,31.0,1.151,6183.0,3.908,2.073
8846809,K07597.01,,FALSE POSITIVE,0.778705577,6.445,54.5,59.33,4233.0,75864.33,104.9,1.1716,7846.0,3.743,3.066
8868686,K07598.01,,FALSE POSITIVE,4.44709107,16.79,40.5,0.96,1228.0,537.35,22.6,0.988,6137.0,4.357,1.076
9025662,K07599.01,,FALSE POSITIVE,293.70696,11.03,1575.0,6140.44,274.0,1.34,11.2,63.9417,6054.0,4.508,0.893
8572936,K02459.01,,FALSE POSITIVE,27.795762425,15.5056,420329.0,81.48,655.0,43.51,1969.5,0.483,5915.0,4.329,1.13
9837578,K02937.01,,FALSE POSITIVE,20.733748565,6.28773,417340.0,69.8,661.0,45.06,2236.7,0.479,5620.0,4.363,0.974
7821010,K02938.01,,FALSE POSITIVE,24.238241803,4.16665,461962.0,102.31,793.0,93.68,1126.4,0.426,6457.0,4.259,1.365
5473556,K02939.01,,FALSE POSITIVE,11.258825027,8.9592,196280.0,87.18,1080.0,322.25,6395.7,0.805,6217.0,4.052,1.464
6504534,K03152.01,,FALSE POSITIVE,28.162612575,3.19576,37749.6,23.52,470.0,11.52,912.7,0.952,4936.0,4.54,0.761
6307062,K03153.01,,FALSE POSITIVE,75.378956896,7.70352,539175.0,58.76,365.0,4.17,1886.6,0.273,5420.0,4.596,0.771
5652983,K00371.02,,FALSE POSITIVE,9.0584662,6.376,61.8,2.46,1310.0,695.41,17.9,0.154,5198.0,3.614,3.207
9246715,K07601.01,,FALSE POSITIVE,342.55315723,73.8068,192887.0,830.99,738.0,70.22,8248.4,0.797,4857.0,2.422,14.219
9292130,K07602.01,,FALSE POSITIVE,362.747593,16.45,132.4,2.51,384.0,5.13,13.0,0.3185,6176.0,3.885,2.16
9541144,K07603.01,,FALSE POSITIVE,0.536650344,2.878,25.8,1.57,3380.0,30860.16,7.0,0.7718,5490.0,3.681,2.825
8757213,K07911.01,,FALSE POSITIVE,328.0485,13.75,398.0,2.22,292.0,1.72,6.9,0.329,6268.0,4.429,1.1
8880003,K07914.01,,FALSE POSITIVE,1.72128752,2.366,58.5,0.65,1415.0,944.49,7.7,0.449,5813.0,4.561,0.833
8953296,K07916.01,,FALSE POSITIVE,0.784294574,4.18831,212526.0,87.26,2651.0,11702.6,1751.1,0.764,6576.0,4.171,1.455
8749844,K07909.01,,FALSE POSITIVE,361.51099,4.868,235.9,6.85,733.0,68.36,9.3,0.443,9492.0,3.619,4.298
8962007,K07917.01,,FALSE POSITIVE,1.41435861,2.285,56.8,0.74,1578.0,1458.2,9.5,0.189,5470.0,4.366,0.994
8703491,K07906.01,,FALSE POSITIVE,0.616343903,0.7656,161.4,1.72,2513.0,9411.28,77.8,0.042,6045.0,4.264,1.34
9079587,K07921.01,,FALSE POSITIVE,364.33929,13.486,1944.0,4.4,228.0,0.64,15.9,0.934,5606.0,4.557,0.8
8703506,K07907.01,,FALSE POSITIVE,352.710091,2.901,1658.0,3.75,261.0,1.09,9.6,0.329,6112.0,4.513,0.908
8590776,K07900.01,,FALSE POSITIVE,33.8938177,2.012,205.1,1.22,527.0,18.27,6.8,0.332,5818.0,4.554,0.848
8761550,K07912.01,,FALSE POSITIVE,224.591055,3.232,125.2,2.17,392.0,5.56,8.2,0.768,5786.0,3.992,1.771
8686761,K07904.01,,FALSE POSITIVE,374.93999098,17.0849,235.1,4.67,381.0,4.99,8.4,0.64,5382.0,3.645,2.909
8873450,K07913.01,Kepler-1975 b,CONFIRMED,24.2783801,4.564,714.4,2.03,432.0,8.27,13.6,0.717,4450.0,4.583,0.707
8750503,K07910.01,,FALSE POSITIVE,11.9283194,6.69,182.5,0.98,632.0,37.8,10.6,0.052,5010.0,4.545,0.75
8639155,K07902.01,,FALSE POSITIVE,0.603351522,0.8358,164.1,3.91,3730.0,45493.51,20.6,0.46,6240.0,3.679,2.948
9021047,K07919.01,,FALSE POSITIVE,31.97280045,4.9,2236.4,5.88,626.0,36.33,44.8,0.935,6340.0,4.457,1.01
8587439,K07899.01,,FALSE POSITIVE,8.39140024,1.193,134.4,1.1,921.0,169.89,9.2,0.342,5892.0,4.389,0.935
8712863,K07908.01,,FALSE POSITIVE,0.532493086,2.145,19.9,1.87,4893.0,135046.96,8.9,0.558,6894.0,3.476,4.032
9079915,K07922.01,,FALSE POSITIVE,0.812678859,0.841,39.3,0.83,2403.0,7917.14,7.4,0.664,6636.0,4.349,1.236
10208894,K08199.01,,FALSE POSITIVE,183.836254,13.088,1046.2,51.64,852.0,124.46,15.7,0.956,4959.0,2.569,11.963
10214873,K08200.01,,FALSE POSITIVE,5.959695593,1.8383,151.2,1.13,937.0,182.4,4.7,0.626,5717.0,4.538,0.884
10268714,K08202.01,,FALSE POSITIVE,452.65206,19.87,175.1,2.41,345.0,3.33,17.0,0.646,6664.0,4.075,1.73
10281311,K08203.01,,FALSE POSITIVE,234.66319186,7.627,243.5,1.68,328.0,2.73,5.0,0.029,6306.0,4.426,1.076
10341876,K08204.01,,FALSE POSITIVE,351.204993,22.414,1257.9,3.57,258.0,1.04,21.3,0.777,5845.0,4.435,0.918
10219288,K07993.01,,FALSE POSITIVE,3.381607,7.627,440.6,117.25,6037.0,314164.85,16.6,0.088,3974.0,1.056,59.437
10226343,K07994.01,,FALSE POSITIVE,0.660655454,7.111,566.9,16.81,2497.0,9210.84,77.7,1.098,6520.0,4.375,1.215
10263598,K07995.01,,FALSE POSITIVE,145.750554,13.999,385.6,15.34,748.0,74.07,17.0,0.017,5096.0,3.007,8.038
10266860,K07996.01,,FALSE POSITIVE,2.17813954,2.063,28.6,1.0,2073.0,4372.75,9.7,0.054,6511.0,4.003,1.851
4763020,K08097.01,,FALSE POSITIVE,384.09781,12.55,100.1,1.63,330.0,2.8,8.7,0.016,5884.0,3.979,1.628
5128966,K08098.01,,FALSE POSITIVE,0.505322676,5.2727,77349.2,46.59,2275.0,6291.87,384.6,1.036,5941.0,4.49,0.924
5288744,K08099.01,,FALSE POSITIVE,333.71634048,4.8236,420.2,3.53,362.0,4.05,3.1,0.093,6045.0,3.956,1.719
5305225,K08100.01,,FALSE POSITIVE,322.50741,20.688,349.5,2.11,257.0,1.03,13.7,0.912,5708.0,4.465,0.933
5598216,K08101.01,,FALSE POSITIVE,373.8716,16.78,382.7,2.19,279.0,1.44,10.3,0.246,5846.0,4.258,1.116
5637036,K08102.01,,FALSE POSITIVE,171.046664,2.438,731.0,32.31,827.0,110.64,9.8,0.387,4932.0,2.697,12.048
5647008,K08103.01,,FALSE POSITIVE,0.799868354,6.613,4928.8,34.7,1816.0,2581.61,251.4,1.274,5568.0,4.488,0.882
10385708,K08206.01,,FALSE POSITIVE,345.7671,15.38,212.7,2.5,336.0,3.02,12.3,0.391,5845.0,4.024,1.702
10404545,K08207.01,,FALSE POSITIVE,350.34114,16.97,1363.8,2.5,202.0,0.39,16.4,0.01,5188.0,4.642,0.69
10425070,K08208.01,,FALSE POSITIVE,363.97165,5.702,1966.0,40.48,231.0,0.68,8.5,1.394,5648.0,4.559,0.841
10425070,K08208.02,,FALSE POSITIVE,395.23753,18.494,1298.0,3.17,225.0,0.61,13.4,0.629,5648.0,4.559,0.841
10461045,K08209.01,,FALSE POSITIVE,385.97241,12.167,162.0,1.72,325.0,2.65,10.8,0.444,6732.0,4.271,1.316
10493253,K08210.01,,FALSE POSITIVE,89.667675,3.726,1415.0,78.77,1364.0,818.91,7.0,0.324,4742.0,2.099,21.291
10321927,K07997.01,,FALSE POSITIVE,321.02094,7.51,592.9,1.96,232.0,0.69,8.5,0.295,5334.0,4.492,0.81
10322797,K07999.01,,FALSE POSITIVE,1.213742728,3.596,31.7,1.18,2599.0,10804.6,20.3,0.627,6532.0,3.961,1.987
10338529,K08002.01,,FALSE POSITIVE,366.74866,12.446,419.1,2.35,281.0,1.48,9.1,0.663,6136.0,4.368,1.087
10340212,K08003.01,,FALSE POSITIVE,0.93374894,4.637,226.2,0.18,433.0,8.36,9.3,0.457,2661.0,5.283,0.116
10383729,K08004.01,,FALSE POSITIVE,0.734548624,2.207,58.6,0.84,2082.0,4454.22,25.1,0.747,6046.0,4.478,1.007
5709226,K08104.01,,FALSE POSITIVE,317.99484,7.28,719.0,2.22,241.0,0.79,8.4,0.405,5665.0,4.568,0.82
5775090,K08105.01,,FALSE POSITIVE,432.96732,10.85,866.0,1.64,151.0,0.12,10.0,0.189,4403.0,4.7,0.576
5791705,K08106.01,,FALSE POSITIVE,614.39054,9.312,289.1,2.43,269.0,1.24,10.2,0.11,6228.0,4.193,1.427
5812648,K08108.01,,FALSE POSITIVE,238.561202,11.9,260.2,5.75,568.0,24.55,16.4,0.732,6565.0,3.573,3.308
5872139,K08110.01,,FALSE POSITIVE,375.17737,20.52,1230.0,3.64,264.0,1.15,13.7,0.405,6089.0,4.468,1.024
10519701,K08212.01,,FALSE POSITIVE,334.87402,35.42,387.8,47.48,408.0,6.52,19.1,1.165,6122.0,3.811,2.348
10664150,K08213.01,,FALSE POSITIVE,370.2402,31.46,1272.6,29.24,270.0,1.26,20.5,1.239,6296.0,4.481,0.966
10735575,K08214.01,,FALSE POSITIVE,1.6749812,2.707,94.0,79.51,8986.0,1540745.8,8.9,0.382,3940.0,0.76,84.461
10753394,K08215.01,,FALSE POSITIVE,288.678554,9.197,242.5,0.96,172.0,0.21,10.8,0.717,4326.0,4.667,0.575
10875937,K08216.01,,FALSE POSITIVE,307.94735718,15.0,11296.0,76.66,492.0,13.83,16.5,0.966,4878.0,3.08,4.461
11087662,K08218.01,,FALSE POSITIVE,264.63654,42.77,431.8,42.55,376.0,4.75,28.2,1.247,6564.0,4.198,1.461
10389280,K08005.01,,FALSE POSITIVE,375.408923,11.438,87.3,4.48,858.0,128.15,15.3,0.529,11357.0,3.667,4.528
10397315,K08006.01,,FALSE POSITIVE,2.17812769,1.645,61.7,0.78,1421.0,963.16,10.4,0.533,6014.0,4.494,0.958
10405224,K08008.01,,FALSE POSITIVE,0.93378068,3.706,72.7,0.63,1427.0,985.2,9.2,0.251,4938.0,4.601,0.753
10405482,K08009.01,,FALSE POSITIVE,0.93373895,4.156,39.6,0.64,1993.0,3723.37,10.5,0.259,6223.0,4.459,1.006
10405546,K08010.01,,FALSE POSITIVE,0.93373718,2.582,18.9,0.48,2097.0,4570.22,8.4,0.29,6367.0,4.419,1.087
5955427,K08112.01,,FALSE POSITIVE,213.201978,15.396,696.9,1.91,221.0,0.56,12.9,0.214,4594.0,4.557,0.752
5956977,K08113.01,,FALSE POSITIVE,77.773042,2.285,432.6,15.03,955.0,196.5,7.7,0.558,4763.0,2.685,7.068
6043574,K08114.01,,FALSE POSITIVE,381.782641,4.52,367.6,55.75,384.0,5.12,8.6,1.204,6056.0,3.816,2.29
6049470,K08115.01,,FALSE POSITIVE,354.7897,12.62,81.0,0.47,134.0,0.08,9.2,0.449,3778.0,4.742,0.515
6105359,K08116.01,,FALSE POSITIVE,235.544698,8.93,299.3,2.13,316.0,2.36,9.2,0.005,5533.0,4.244,1.255
11099109,K08219.01,,FALSE POSITIVE,115.28415,11.39,415.1,2.05,374.0,4.63,9.5,0.39,5780.0,4.438,1.0
11124353,K08220.01,,FALSE POSITIVE,423.73074,19.4,834.9,2.48,225.0,0.6,12.1,0.37,5743.0,4.553,0.853
11400356,K08222.01,,FALSE POSITIVE,677.56282,10.53,631.0,2.24,190.0,0.31,8.5,0.537,5511.0,4.477,0.872
11449696,K08224.01,,FALSE POSITIVE,371.21205,19.95,719.9,2.55,259.0,1.07,12.9,0.357,6106.0,4.497,0.94
11456839,K08225.01,,FALSE POSITIVE,190.783023,4.069,1385.0,71.66,989.0,226.51,9.5,0.088,5013.0,2.394,19.813
10470882,K08014.01,,FALSE POSITIVE,0.9337491,3.842,98.1,0.79,1662.0,1809.26,12.6,0.084,5628.0,4.575,0.808
10470993,K08015.01,,FALSE POSITIVE,0.93374417,3.385,31.3,0.64,2126.0,4835.58,9.9,0.277,6363.0,4.399,1.131
10471005,K08016.01,,FALSE POSITIVE,0.93374635,3.074,34.3,0.63,1895.0,3029.67,7.3,0.096,5593.0,4.349,1.094
10471055,K08017.01,,FALSE POSITIVE,0.9337465,3.629,49.9,0.63,1863.0,2852.33,11.6,0.167,6102.0,4.528,0.887
10471204,K08018.01,,FALSE POSITIVE,0.93371631,4.344,61.3,0.7,1743.0,2180.39,10.3,0.401,5734.0,4.538,0.883
6119605,K08118.01,,FALSE POSITIVE,260.02265,12.009,2060.7,3.13,217.0,0.53,25.7,0.842,5250.0,4.684,0.608
6230649,K08119.01,,FALSE POSITIVE,443.66,7.99,360.7,33.2,331.0,2.85,6.3,1.194,6743.0,4.144,1.433
6286633,K08120.01,,FALSE POSITIVE,366.28999,10.869,2568.0,68.39,666.0,46.47,11.9,0.654,5083.0,2.708,12.868
6451125,K08121.01,,FALSE POSITIVE,72.6549842,5.503,389.3,34.52,699.0,56.33,22.1,1.141,6793.0,3.926,1.96
6516529,K08123.01,,FALSE POSITIVE,379.42818,11.24,403.9,1.89,252.0,0.95,11.1,0.006,5947.0,4.487,0.945
6521526,K08124.01,,FALSE POSITIVE,103.039788,14.197,1370.0,2.05,210.0,0.46,15.9,0.039,3749.0,4.674,0.581
11501492,K08226.01,,FALSE POSITIVE,371.90464,25.36,519.1,2.88,271.0,1.28,14.4,0.922,6164.0,4.446,1.045
11558217,K08227.01,,FALSE POSITIVE,362.85801,17.03,151.6,1.9,353.0,3.66,10.1,0.626,6740.0,4.165,1.471
11649292,K08228.01,,FALSE POSITIVE,384.558321,4.76,1330.0,14.33,382.0,5.03,10.1,0.947,5078.0,3.479,3.0
11760931,K08229.01,,FALSE POSITIVE,397.72733,11.683,232.8,1.48,253.0,0.97,9.0,0.013,6032.0,4.485,0.973
11854061,K08230.01,,FALSE POSITIVE,504.88419,20.18,5058.0,25.19,157.0,0.14,15.9,1.26,4559.0,4.612,0.655
11868122,K08231.01,,FALSE POSITIVE,384.92275,9.98,184.8,1.64,298.0,1.87,7.2,0.288,6070.0,4.186,1.191
10471243,K08019.01,,FALSE POSITIVE,0.93376131,3.747,55.6,0.61,1682.0,1891.81,10.5,0.312,5665.0,4.568,0.82
10471296,K08020.01,,FALSE POSITIVE,0.93377253,2.544,30.0,0.43,1644.0,1734.32,8.4,0.004,5595.0,4.581,0.796
10535886,K08021.01,,FALSE POSITIVE,0.93376021,3.182,56.5,0.4,1019.0,253.97,9.5,0.297,3885.0,4.71,0.54
10535897,K08022.01,,FALSE POSITIVE,0.93372008,2.591,17.0,0.41,1990.0,3704.01,7.9,0.413,6221.0,4.452,0.983
10535926,K08023.01,,FALSE POSITIVE,0.93373591,4.517,35.1,0.57,1904.0,3116.05,10.8,0.21,6028.0,4.47,0.95
10535991,K08024.01,,FALSE POSITIVE,0.93374911,3.504,57.8,0.66,1793.0,2442.7,8.4,0.505,5978.0,4.554,0.846
10536177,K08025.01,,FALSE POSITIVE,0.93372261,3.052,31.2,0.59,1949.0,3430.76,8.2,0.534,5984.0,4.419,1.017
6600492,K08125.01,,FALSE POSITIVE,312.61007,14.85,438.7,2.01,258.0,1.05,11.9,0.601,5818.0,4.523,0.925
6685403,K08126.01,,FALSE POSITIVE,429.60143,18.11,1001.4,2.74,223.0,0.58,12.2,0.025,5587.0,4.502,0.877
6846544,K08127.01,,FALSE POSITIVE,499.88159,13.39,184.4,2.61,338.0,3.07,12.4,0.671,6486.0,3.992,1.812
6848529,K08128.01,,FALSE POSITIVE,197.37704,18.71,226.2,84.37,815.0,104.45,15.1,1.277,10974.0,4.041,2.677
6887321,K08129.01,,FALSE POSITIVE,1.65746034,4.572,22.9,0.54,1663.0,1808.13,9.1,0.193,5860.0,4.326,1.13
6953281,K08130.01,,FALSE POSITIVE,0.566799395,1.5368,231.2,1.65,2448.0,8550.93,33.7,0.042,6322.0,4.426,1.075
7020168,K08131.01,,FALSE POSITIVE,203.8406,9.33,227.4,2.41,385.0,5.21,8.6,0.04,5548.0,3.97,1.616
12012872,K08233.01,,FALSE POSITIVE,14.395425,5.12,115.4,0.85,672.0,48.08,9.4,0.398,5715.0,4.586,0.782
12069319,K08234.01,,FALSE POSITIVE,231.157554,8.489,845.6,37.37,789.0,91.65,17.4,0.749,5386.0,2.78,11.839
12121118,K08235.01,,FALSE POSITIVE,495.06538,21.09,417.0,2.0,236.0,0.74,13.2,0.341,6075.0,4.486,0.969
12252732,K08236.01,,FALSE POSITIVE,595.78152,15.97,84.9,1.18,245.0,0.85,10.6,0.164,5618.0,4.155,1.288
12554051,K08237.01,,FALSE POSITIVE,365.709623,13.553,1033.4,26.93,604.0,31.42,15.1,0.338,4787.0,2.629,8.522
12555140,K08239.01,,FALSE POSITIVE,655.25732,20.05,268.2,1.56,226.0,0.62,11.5,0.141,6420.0,4.492,0.941
10614845,K08027.01,,FALSE POSITIVE,0.573762943,2.196,48.3,0.39,1538.0,1331.17,8.5,0.13,4891.0,4.683,0.571
10616829,K08028.01,,FALSE POSITIVE,1.072934147,4.50475,96883.0,81.42,2523.0,9590.04,949.0,1.009,7031.0,4.222,1.523
10686909,K08029.01,,FALSE POSITIVE,2.61854596,4.866,19.7,1.18,2008.0,3846.53,8.1,0.033,5657.0,3.721,2.682
10730250,K08030.01,,FALSE POSITIVE,13.667809025,2.7993,127.7,0.91,705.0,58.32,2.6,0.212,5796.0,4.556,0.807
10801951,K08032.01,,FALSE POSITIVE,1.105123883,3.001,66.7,0.83,1755.0,2235.64,20.7,0.685,5883.0,4.476,0.959
7049771,K08132.01,,FALSE POSITIVE,381.85852,16.121,362.9,8.3,453.0,9.93,16.0,0.024,4959.0,3.155,4.486
7053328,K08133.01,,FALSE POSITIVE,455.77076435,5.1149,341.1,5.34,419.0,7.28,11.6,0.802,6785.0,3.788,2.623
7106437,K08134.01,,FALSE POSITIVE,212.760495,3.703,195.8,2.8,485.0,13.13,9.2,0.036,7021.0,4.031,1.976
7117050,K08135.01,,FALSE POSITIVE,73.836858,19.722,231.2,25.09,1143.0,403.37,13.1,0.8,4769.0,2.583,14.706
7185710,K08136.01,,FALSE POSITIVE,160.243128,5.393,556.4,15.72,686.0,52.5,10.2,0.258,5128.0,3.091,6.775
7282872,K08137.01,,FALSE POSITIVE,402.41511,5.156,780.6,2.52,253.0,0.96,9.5,0.281,6251.0,4.53,0.889
7340624,K08138.01,,FALSE POSITIVE,369.28177,26.96,1017.7,34.25,250.0,0.93,13.0,1.297,5900.0,4.509,0.951
12647110,K08240.01,,FALSE POSITIVE,462.463589,5.007,1024.3,8.92,355.0,3.78,13.2,0.386,5059.0,3.466,2.799
3662635,K08243.01,,FALSE POSITIVE,0.939375593,2.8424,100893.0,52.18,1936.0,3333.58,317.3,0.987,5826.0,4.345,0.978
3734501,K08244.01,,FALSE POSITIVE,31.1911468,7.003,228.4,9.36,1131.0,386.78,11.4,0.019,4785.0,3.009,6.443
4169315,K08245.01,,FALSE POSITIVE,30.9587224,4.411,342.0,2.34,686.0,52.49,13.1,0.765,6525.0,4.381,1.161
10862284,K08034.01,,FALSE POSITIVE,9.1447861,5.422,268.8,1.63,843.0,119.61,14.9,0.742,5849.0,4.517,0.919
10877024,K08036.01,,FALSE POSITIVE,0.786483923,7.035,233.3,21.66,2408.0,7999.91,104.2,1.139,6315.0,4.258,1.282
10920420,K08038.01,,FALSE POSITIVE,0.9438885,2.592,35.8,1.45,3158.0,23572.82,8.3,0.649,6947.0,3.895,2.297
7622473,K08139.01,,FALSE POSITIVE,40.244826,4.303,192.9,115.94,3302.0,28103.18,16.8,0.022,3674.0,0.452,89.878
7662744,K08140.01,,FALSE POSITIVE,135.428746,7.394,381.1,1.83,343.0,3.29,7.9,0.498,5849.0,4.517,0.919
7686191,K08141.01,,FALSE POSITIVE,380.03903,18.5,788.8,2.36,219.0,0.55,13.2,0.555,5477.0,4.568,0.818
7690521,K08142.01,,FALSE POSITIVE,380.294204,12.351,730.5,2.27,229.0,0.65,15.0,0.519,5518.0,4.473,0.822
7747835,K08143.01,,FALSE POSITIVE,373.74691,28.37,622.3,2.65,260.0,1.08,16.2,0.834,6131.0,4.497,0.945
7762886,K08144.01,,FALSE POSITIVE,315.81065,23.66,541.6,1.82,212.0,0.47,11.6,0.094,4875.0,4.514,0.81
7811537,K08145.01,,FALSE POSITIVE,16.9341628,3.94,207.8,1.71,798.0,95.78,7.2,0.662,6321.0,4.417,1.125
4566999,K08247.01,,FALSE POSITIVE,527.68601,4.817,602.0,2.0,203.0,0.4,6.8,0.011,5657.0,4.567,0.824
4569942,K08248.01,,FALSE POSITIVE,267.911652,4.124,695.0,2.38,257.0,1.03,7.7,0.016,5291.0,4.423,0.926
4772095,K08250.01,,FALSE POSITIVE,99.299502,3.631,408.5,5.4,682.0,51.2,6.6,0.526,6832.0,3.851,2.578
4847801,K08251.01,,FALSE POSITIVE,371.47786,12.3,264.9,1.2,203.0,0.4,8.6,0.128,5162.0,4.605,0.754
5026023,K08252.01,,FALSE POSITIVE,1.99638423,2.4,29.4,0.59,1590.0,1505.17,6.2,0.223,6249.0,4.428,1.076
9101271,K07926.01,,FALSE POSITIVE,29.3657204,8.7303,74936.0,51.33,685.0,51.92,808.9,0.954,6167.0,4.299,1.195
9118340,K07927.01,,FALSE POSITIVE,1.035329922,3.8022,992.8,105.66,3654.0,42120.85,178.0,1.243,7030.0,3.65,3.512
9159198,K07929.01,,FALSE POSITIVE,3.04463691,6.656,47.0,0.68,1321.0,721.48,10.4,0.322,6181.0,4.474,0.98
11098004,K08041.01,,FALSE POSITIVE,7.508818,6.5,70.1,1.02,1107.0,354.74,7.4,0.025,6293.0,4.291,1.213
11135119,K08042.01,,FALSE POSITIVE,383.937324,2.884,627.7,7.9,389.0,5.43,10.8,0.011,5216.0,3.53,3.207
11145726,K08044.01,,FALSE POSITIVE,0.619618218,1.2517,50.3,3.34,3818.0,50197.86,4.4,0.389,5180.0,3.314,4.717
11152950,K08045.01,,FALSE POSITIVE,4.17363793,2.738,49.7,2.52,2197.0,5511.8,10.5,0.597,6619.0,3.595,3.41
7811537,K08145.02,,FALSE POSITIVE,244.58323,12.822,408.3,2.33,328.0,2.72,7.1,0.483,6321.0,4.417,1.125
7874976,K08146.01,,FALSE POSITIVE,185.83013,10.14,72.6,1.01,370.0,4.42,8.1,0.037,6137.0,4.286,1.187
7888957,K08147.01,,FALSE POSITIVE,363.346158,4.911,896.0,22.36,537.0,19.65,10.7,0.29,4994.0,3.002,7.619
7900114,K08148.01,,FALSE POSITIVE,303.91225,15.37,479.5,1.97,242.0,0.81,12.4,0.504,5412.0,4.513,0.887
7936194,K08149.01,,FALSE POSITIVE,536.52197,4.458,293.9,3.0,273.0,1.31,9.7,0.14,5335.0,3.973,1.794
7959310,K08150.01,,FALSE POSITIVE,350.514,19.53,213.5,2.22,346.0,3.37,12.0,0.259,6382.0,4.115,1.5
8012732,K08151.01,,FALSE POSITIVE,431.51734,16.42,5332.7,10.28,287.0,1.6,206.2,0.718,6221.0,4.294,1.312
5391407,K08254.01,,FALSE POSITIVE,0.638697833,5.1609,141454.0,162.15,2464.0,8720.57,206.3,1.757,6424.0,4.388,1.18
5468555,K08255.01,,FALSE POSITIVE,539.214259,3.464,300.6,2.04,265.0,1.17,7.8,0.001,6469.0,4.359,1.171
5638699,K08256.01,,FALSE POSITIVE,343.56446,18.94,179.6,1.8,298.0,1.87,8.4,0.433,5770.0,4.2,1.326
5871116,K08258.01,,FALSE POSITIVE,54.432903,3.554,307.6,1.41,404.0,6.29,7.7,0.099,5119.0,4.493,0.827
6032318,K08260.01,,FALSE POSITIVE,235.20613,6.989,642.0,1.71,230.0,0.66,6.8,0.297,5205.0,4.648,0.679
9347066,K07933.01,,FALSE POSITIVE,20.004714,2.952,115.7,0.89,577.0,26.19,6.7,0.18,5299.0,4.534,0.848
9392016,K07935.01,,FALSE POSITIVE,350.65158,7.976,248.1,1.31,243.0,0.83,8.2,0.004,5882.0,4.56,0.833
9429631,K07937.01,,FALSE POSITIVE,4.18587282,1.998,99.4,0.89,1057.0,295.17,9.3,0.078,5455.0,4.421,0.909
9518558,K07939.01,,FALSE POSITIVE,2.178142613,0.906,172.7,1.22,1452.0,1050.06,16.1,0.468,6290.0,4.527,0.898
11348086,K08049.01,,FALSE POSITIVE,391.420272,3.84,236.7,1.61,256.0,1.01,10.3,0.797,6032.0,4.46,0.949
11357185,K08051.01,,FALSE POSITIVE,185.243906,3.276,383.9,2.38,354.0,3.7,7.9,0.726,6218.0,4.417,1.131
8028465,K08152.01,,FALSE POSITIVE,261.684363,3.892,817.0,1.46,175.0,0.22,8.3,0.037,4393.0,4.713,0.526
8129641,K08153.01,,FALSE POSITIVE,0.808106001,3.9174,7676.4,39.59,1978.0,3631.91,73.3,1.269,6014.0,4.494,0.958
8226720,K08154.01,,FALSE POSITIVE,391.33068,12.37,277.2,1.68,274.0,1.33,10.3,0.508,6428.0,4.457,0.977
8307354,K08155.01,,FALSE POSITIVE,320.56794551,15.3614,898.9,2.43,234.0,0.71,7.5,0.331,5546.0,4.575,0.81
8588982,K08158.01,,FALSE POSITIVE,116.025744,3.539,1361.0,37.99,893.0,150.02,18.5,0.017,4575.0,2.592,10.788
6182508,K08261.01,,FALSE POSITIVE,85.9770426,1.919,1064.0,1.46,202.0,0.4,8.0,0.042,3710.0,4.797,0.452
6195669,K08262.01,,FALSE POSITIVE,370.94353,16.64,1071.3,27.77,228.0,0.64,14.6,1.294,5755.0,4.588,0.776
6583107,K08264.01,,FALSE POSITIVE,30.6261927,1.107,162.6,1.55,655.0,43.61,6.6,0.386,5860.0,4.244,1.197
6681618,K08265.01,,FALSE POSITIVE,364.42189,38.14,2498.0,36.37,264.0,1.14,28.5,1.276,6047.0,4.47,1.002
6946985,K08266.01,,FALSE POSITIVE,440.584562,10.534,65.9,1.67,505.0,15.38,16.1,0.062,9935.0,4.205,1.996
7106438,K08267.01,,FALSE POSITIVE,269.331027,4.891,515.7,2.54,304.0,2.02,7.9,0.679,6129.0,4.419,1.055
9529148,K07942.01,,FALSE POSITIVE,25.3428696,1.51,230.5,1.85,706.0,58.81,7.5,0.554,6311.0,4.398,1.172
9531850,K07943.01,,FALSE POSITIVE,0.66234265,1.049,2359.0,5.13,2089.0,4499.32,12.4,0.631,5780.0,4.438,1.0
9541094,K07944.01,,FALSE POSITIVE,0.536654028,2.783,41.0,0.67,2299.0,6574.04,21.8,0.62,5887.0,4.421,1.001
9579753,K07945.01,,FALSE POSITIVE,1.08908149,2.262,130.7,0.69,1131.0,386.2,9.9,0.31,4327.0,4.639,0.614
9592831,K07947.01,,FALSE POSITIVE,0.609668222,2.836,287.6,1.35,1805.0,2491.57,15.7,0.135,5296.0,4.576,0.815
9602658,K07948.01,,FALSE POSITIVE,3.55650403,6.862,132.3,0.56,580.0,26.66,11.8,0.846,3745.0,4.819,0.427
11560397,K08056.01,,FALSE POSITIVE,0.527673051,1.631,28.3,1.43,4056.0,63629.23,13.5,0.216,6762.0,3.738,2.637
11565903,K08057.01,,FALSE POSITIVE,117.140785,3.401,337.1,15.87,862.0,130.52,8.5,0.643,5282.0,2.932,8.243
11601597,K08058.01,,FALSE POSITIVE,0.590281548,2.72,21.6,0.68,2643.0,11597.35,20.6,0.801,6124.0,4.196,1.315
11612241,K08059.01,,FALSE POSITIVE,4.5647147,13.395,99.3,1.04,1131.0,387.76,18.0,0.647,5953.0,4.433,0.99
11661803,K08060.01,,FALSE POSITIVE,372.086704,3.686,2494.0,38.4,283.0,1.51,18.0,1.266,6289.0,4.411,1.093
11661803,K08060.02,,FALSE POSITIVE,363.448167,6.013,2124.0,37.03,285.0,1.56,19.4,1.259,6289.0,4.411,1.093
8608544,K08159.01,,FALSE POSITIVE,348.68162,10.959,309.3,2.09,302.0,1.96,11.9,0.506,6450.0,4.386,1.155
8618147,K08160.01,,FALSE POSITIVE,345.128277,15.925,324.4,1.94,282.0,1.5,11.4,0.175,6214.0,4.442,1.076
8630840,K08161.01,,FALSE POSITIVE,370.38642,23.94,186.2,2.12,328.0,2.74,13.9,0.006,6179.0,4.134,1.555
8683144,K08162.01,,FALSE POSITIVE,267.970682,11.48,357.7,1.7,280.0,1.45,10.4,0.008,6008.0,4.519,0.897
8740744,K08164.01,,FALSE POSITIVE,417.829033,15.05,500.8,2.19,248.0,0.9,8.9,0.279,6018.0,4.485,0.975
7451315,K08268.01,,FALSE POSITIVE,368.5224,36.29,1330.2,26.7,260.0,1.09,22.7,1.22,6063.0,4.473,0.941
7751294,K08269.01,,FALSE POSITIVE,371.4589776,10.0734,456.6,2.22,283.0,1.51,10.8,0.037,6388.0,4.427,1.033
8008913,K08271.01,,FALSE POSITIVE,34.9989085,1.764,427.1,1.65,376.0,4.74,7.5,0.896,4559.0,4.653,0.648
8108450,K08273.01,,FALSE POSITIVE,386.78734,15.51,743.7,2.34,224.0,0.6,10.3,0.479,5425.0,4.484,0.847
8293631,K08274.01,,FALSE POSITIVE,449.557346,17.227,1193.1,55.33,721.0,64.05,28.4,0.69,5323.0,2.51,15.075
9639021,K07950.01,,FALSE POSITIVE,2.21568076,1.515,43.6,0.57,1236.0,550.44,6.9,0.563,5349.0,4.478,0.836
9643210,K07952.01,,FALSE POSITIVE,3.850304552,1.5337,158.0,0.28,407.0,6.44,5.3,0.29,3274.0,5.044,0.224
9651155,K07955.01,,FALSE POSITIVE,1.07383154,4.846,31355.0,137.54,3791.0,48979.38,137.3,1.198,8059.0,3.789,2.859
11709006,K08061.01,,FALSE POSITIVE,0.719741,2.628,32.2,0.57,2074.0,4398.76,6.5,0.275,6014.0,4.486,0.993
11724094,K08064.01,,FALSE POSITIVE,1.47623061,2.032,39.1,0.71,1802.0,2484.49,9.7,0.375,6325.0,4.409,1.112
11774383,K08065.01,,FALSE POSITIVE,0.520227316,1.7939,68633.0,50.41,2264.0,6193.15,122.3,1.052,5780.0,4.438,1.0
11804952,K08066.01,,FALSE POSITIVE,36.3192885,2.601,400.2,25.43,1410.0,933.26,8.6,0.571,5008.0,2.706,12.39
11819135,K08067.01,,FALSE POSITIVE,1.901655058,4.6545,87321.0,89.89,2192.0,5467.3,190.6,1.032,6929.0,4.102,1.704
8742735,K08165.01,,FALSE POSITIVE,331.92622,10.84,809.0,2.25,235.0,0.72,8.7,0.026,5652.0,4.577,0.798
8743244,K08166.01,,FALSE POSITIVE,346.31688,21.92,1435.0,5.21,278.0,1.42,17.0,0.954,6060.0,4.408,1.068
8743244,K08166.02,,FALSE POSITIVE,365.61087,16.102,1116.0,4.42,273.0,1.32,12.3,0.935,6060.0,4.408,1.068
8748435,K08167.01,,FALSE POSITIVE,259.85736,24.04,307.7,1.33,237.0,0.74,14.2,0.512,5374.0,4.61,0.744
8766268,K08168.01,,FALSE POSITIVE,5.29731736,3.341,167.5,1.13,989.0,226.1,8.7,0.192,5815.0,4.54,0.877
8808064,K08169.01,,FALSE POSITIVE,447.97028,10.857,512.7,2.0,230.0,0.67,9.2,0.021,5911.0,4.53,0.887
8813404,K08170.01,,FALSE POSITIVE,374.80095,10.691,144.4,1.53,286.0,1.59,11.4,0.539,5804.0,4.214,1.234
8873674,K08278.01,,FALSE POSITIVE,172.280975,12.24,313.8,1.6,301.0,1.95,10.2,0.602,5659.0,4.538,0.869
9209808,K08281.01,,FALSE POSITIVE,244.547128,3.59,587.0,1.74,228.0,0.64,6.4,0.003,5094.0,4.612,0.736
9656547,K07956.01,,FALSE POSITIVE,1.27228771,2.099,82.9,0.63,1275.0,624.11,9.5,0.428,5044.0,4.64,0.686
9658192,K07957.01,,FALSE POSITIVE,1.886002102,1.021,47.4,0.65,1433.0,997.72,7.6,0.361,5793.0,4.485,0.925
9710611,K07958.01,,FALSE POSITIVE,386.35444,9.594,129.6,1.43,287.0,1.6,10.9,0.705,6165.0,4.319,1.177
9710626,K07959.01,,FALSE POSITIVE,371.21454,19.4,1780.0,28.21,212.0,0.47,14.4,1.254,5189.0,4.557,0.85
9710792,K07960.01,,FALSE POSITIVE,365.5435,14.78,753.1,3.04,283.0,1.51,13.4,0.518,6306.0,4.426,1.076
9770983,K07961.01,,FALSE POSITIVE,7.02932339,2.853,81.6,0.92,974.0,212.66,8.7,0.098,5977.0,4.473,1.022
9777089,K07962.01,,FALSE POSITIVE,19.229478,4.68,115.8,1.97,970.0,209.42,8.1,0.699,6654.0,4.113,1.712
11918793,K08069.01,,FALSE POSITIVE,38.35312,2.9,3090.0,5.57,557.0,22.73,8.6,0.017,5979.0,4.449,1.004
11922290,K08070.01,,FALSE POSITIVE,114.661733,2.784,281.8,1.38,316.0,2.37,7.3,0.863,5412.0,4.562,0.712
11966668,K08071.01,,FALSE POSITIVE,313.19875,8.603,721.0,1.95,216.0,0.51,9.6,0.36,5254.0,4.618,0.73
11967872,K08072.01,,FALSE POSITIVE,134.370692,8.73,432.6,1.95,351.0,3.58,8.1,0.174,5910.0,4.505,0.94
12004656,K08073.01,,FALSE POSITIVE,2.52123022,4.739,145.9,9.68,726.0,65.58,8.9,1.158,3932.0,4.745,0.52
12008916,K08074.01,,FALSE POSITIVE,47.4314857,4.511,172.8,8.83,1029.0,265.1,10.3,0.014,5166.0,3.12,6.891
12021943,K08075.01,,FALSE POSITIVE,6.0962602,10.4,30.4,0.62,1048.0,284.96,10.0,0.787,6108.0,4.466,1.03
8815031,K08171.01,,FALSE POSITIVE,472.6038,12.15,672.0,2.28,218.0,0.54,7.7,0.476,5764.0,4.548,0.863
8821936,K08172.01,,FALSE POSITIVE,371.51852,30.94,263.0,2.28,284.0,1.53,17.0,0.962,6227.0,4.377,1.089
8832676,K08173.01,,FALSE POSITIVE,323.66542,20.37,1178.0,1.58,133.0,0.07,9.1,0.031,3737.0,4.779,0.466
9075882,K08175.01,,FALSE POSITIVE,367.01607,15.48,738.6,2.46,245.0,0.85,11.2,0.633,5931.0,4.545,0.863
9084832,K08176.01,,FALSE POSITIVE,568.08251,13.608,508.3,2.14,205.0,0.42,18.1,0.4,5359.0,4.403,0.95
9093859,K08177.01,,FALSE POSITIVE,3.0447752,7.35,74.9,0.68,1061.0,299.07,8.6,0.383,5390.0,4.591,0.78
9239670,K08282.01,,FALSE POSITIVE,456.55308,4.435,116.2,1.48,270.0,1.26,7.3,0.673,5678.0,4.161,1.298
9388557,K08283.01,,FALSE POSITIVE,209.941369,2.97,477.3,14.36,651.0,42.43,10.2,0.157,5125.0,2.988,6.69
9532997,K08284.01,,FALSE POSITIVE,49.763624,2.749,412.0,2.43,588.0,28.31,6.8,0.02,6477.0,4.361,1.187
9536836,K08285.01,,FALSE POSITIVE,320.347208,7.159,262.8,1.58,274.0,1.33,8.8,0.548,6146.0,4.497,0.943
10010452,K08287.01,,FALSE POSITIVE,358.74318,19.76,760.5,2.25,224.0,0.6,15.9,0.151,5482.0,4.566,0.826
10226420,K08288.01,,FALSE POSITIVE,0.660663034,2.81,134.0,1.32,2385.0,7605.89,23.3,0.025,6353.0,4.397,1.134
9777990,K07963.01,,FALSE POSITIVE,14.3400358,5.7,1706.0,0.68,248.0,0.89,8.0,0.006,3358.0,5.149,0.174
9813678,K07964.01,,FALSE POSITIVE,0.505079006,1.36737,28077.9,86.41,2997.0,19181.12,665.5,1.184,5398.0,3.822,1.843
9826551,K07965.01,,FALSE POSITIVE,7.19680984,1.683,50.5,1.2,1275.0,625.53,10.0,0.27,6325.0,4.112,1.676
9838537,K07966.01,,FALSE POSITIVE,1.33257715,5.158,27.1,0.44,1553.0,1378.01,15.5,0.326,5852.0,4.559,0.837
9838761,K07967.01,,FALSE POSITIVE,1.33254428,3.122,162.2,0.93,1427.0,981.02,18.1,0.021,5460.0,4.543,0.734
9839062,K07968.01,,FALSE POSITIVE,424.623345,9.666,5132.1,8.13,265.0,1.17,60.2,0.819,6339.0,4.454,1.017
9851983,K07969.01,,FALSE POSITIVE,1.456383399,11.838,212.2,52.87,2721.0,12950.97,94.0,1.169,6184.0,3.665,2.646
12419303,K08079.01,,FALSE POSITIVE,0.608074963,0.879,117.5,1.15,2362.0,7350.47,10.8,0.11,6309.0,4.441,1.044
12453855,K08080.01,,FALSE POSITIVE,0.559643825,0.677,1812.6,27.21,1860.0,2854.44,130.7,1.264,5240.0,4.521,0.774
12459808,K08081.01,,FALSE POSITIVE,0.502446098,1.803,11.4,0.43,2705.0,12572.01,10.1,0.636,6306.0,4.311,1.197
9114508,K08178.01,,FALSE POSITIVE,256.45616,35.35,17283.0,9.44,175.0,0.22,14.4,0.779,4070.0,4.628,0.646
9340460,K08181.01,,FALSE POSITIVE,388.519605,10.613,151.2,2.3,350.0,3.56,15.1,0.478,6164.0,3.985,1.825
9409493,K08182.01,,FALSE POSITIVE,60.049737,20.17,16650.0,28.92,320.0,2.47,17.5,1.217,4538.0,4.607,0.663
9649205,K08184.01,,FALSE POSITIVE,237.26601,8.74,150.4,1.23,299.0,1.89,8.6,0.034,5786.0,4.402,1.007
10341781,K08289.01,,FALSE POSITIVE,0.93371211,4.76,126.2,0.75,1318.0,715.48,14.3,0.119,4604.0,4.591,0.696
10459805,K08290.01,,FALSE POSITIVE,461.13781,12.91,408.2,1.26,173.0,0.21,7.4,0.003,4988.0,4.663,0.636
10471090,K08291.01,,FALSE POSITIVE,0.93376089,3.027,27.3,0.57,2064.0,4286.78,9.7,0.035,6292.0,4.426,1.078
10532751,K08292.01,,FALSE POSITIVE,367.761848,4.891,428.0,20.06,623.0,35.55,9.8,0.025,5348.0,2.897,9.888
10585887,K08293.01,,FALSE POSITIVE,378.65484,11.3,247.8,1.53,258.0,1.04,6.8,0.243,6000.0,4.463,0.97
11867733,K08294.01,,FALSE POSITIVE,384.356448,3.872,715.7,3.03,255.0,1.0,13.2,0.848,5903.0,4.445,0.994
11923074,K08295.01,,FALSE POSITIVE,1.75647084,2.538,69.5,0.69,1405.0,924.14,10.9,0.023,5813.0,4.561,0.833
9899216,K07971.01,,FALSE POSITIVE,1.33259003,3.962,11.9,0.69,2909.0,16962.04,7.4,0.454,8133.0,4.146,1.935
9899256,K07972.01,,FALSE POSITIVE,1.33254024,3.16,35.8,0.59,1658.0,1777.13,12.1,0.815,6071.0,4.511,0.887
9899621,K07974.01,,FALSE POSITIVE,1.33255492,3.63,66.6,0.92,1850.0,2765.99,10.1,0.462,6310.0,4.417,1.095
9899623,K07975.01,,FALSE POSITIVE,1.33259095,4.947,105.5,1.14,1776.0,2349.35,13.6,0.711,6184.0,4.448,1.038
12644020,K08083.01,,FALSE POSITIVE,234.524445,3.9,876.0,2.33,226.0,0.62,6.8,0.741,4987.0,4.613,0.727
2010152,K08084.01,,FALSE POSITIVE,317.74527,17.54,206.6,2.1,336.0,3.03,13.6,0.787,6050.0,4.08,1.333
2712825,K08086.01,,FALSE POSITIVE,18.384953,5.92,92.9,1.36,872.0,136.82,6.0,0.012,6335.0,4.214,1.401
3443582,K08087.01,,FALSE POSITIVE,1.085965104,10.716,10578.7,29.66,6297.0,371873.86,675.9,0.916,15896.0,4.152,2.404
3533483,K08088.01,,FALSE POSITIVE,308.185801,3.689,708.7,2.12,230.0,0.66,9.5,0.023,5380.0,4.581,0.813
9771576,K08185.01,,FALSE POSITIVE,398.71694,21.6,893.9,21.25,205.0,0.42,13.7,1.219,5303.0,4.594,0.771
9827094,K08186.01,,FALSE POSITIVE,241.8591,12.77,659.0,2.81,315.0,2.34,9.7,0.313,5790.0,4.283,1.088
9837720,K08187.01,,FALSE POSITIVE,353.04037,14.102,239.6,1.04,196.0,0.35,11.2,0.431,5061.0,4.635,0.668
9873604,K08188.01,,FALSE POSITIVE,522.33888,13.53,423.7,5.65,327.0,2.69,12.0,0.039,5103.0,3.606,2.816
9874581,K08189.01,,FALSE POSITIVE,473.56314,5.087,327.4,5.39,449.0,9.65,8.7,0.158,7056.0,3.722,2.937
9899449,K08190.01,,FALSE POSITIVE,1.332565736,6.0828,2319.8,33.69,1674.0,1849.94,301.7,1.268,6014.0,4.494,0.958
9962731,K08191.01,,FALSE POSITIVE,385.39743,21.69,132.3,1.59,285.0,1.57,10.9,0.587,5676.0,4.175,1.336
12117215,K08296.01,,FALSE POSITIVE,272.54288087,3.0246,807.2,2.35,255.0,1.0,5.7,0.287,5677.0,4.563,0.828
9912977,K07977.01,,FALSE POSITIVE,0.9439372,7.27446,279437.0,88.91,2273.0,6347.81,6351.7,0.681,5959.0,4.126,1.365
9941425,K07979.01,,FALSE POSITIVE,1.075158342,1.295,30.2,20.09,6988.0,565413.02,8.0,0.157,4067.0,1.541,38.446
9959368,K07980.01,,FALSE POSITIVE,1.33255801,4.74,48.7,0.62,1443.0,1025.1,8.7,0.397,5161.0,4.452,0.892
9959765,K07981.01,,FALSE POSITIVE,1.33250451,4.143,27.4,0.62,1993.0,3726.12,11.6,0.295,6600.0,4.364,1.157
10014875,K07983.01,,FALSE POSITIVE,453.64875,18.34,523.4,2.18,239.0,0.77,9.0,0.519,6060.0,4.509,0.925
3954211,K08090.01,,FALSE POSITIVE,0.594274521,2.162,4691.5,8.7,2436.0,8367.99,83.9,0.833,6321.0,4.417,1.125
4056579,K08091.01,,FALSE POSITIVE,239.179477,2.93,750.9,18.27,583.0,27.38,12.1,0.165,4915.0,3.063,6.877
4276445,K08092.01,,FALSE POSITIVE,405.65377,11.02,521.0,2.03,246.0,0.87,7.7,0.102,6102.0,4.528,0.887
4371172,K08093.01,,FALSE POSITIVE,73.992267,5.692,225.6,2.86,546.0,20.98,7.9,0.446,5271.0,3.878,1.895
4557341,K08094.01,,FALSE POSITIVE,361.901618,4.984,184.1,0.95,198.0,0.37,8.5,0.093,5053.0,4.603,0.717
4645492,K08095.01,,FALSE POSITIVE,508.04103,5.398,371.7,1.89,217.0,0.53,9.9,0.476,5672.0,4.503,0.965
4738095,K08096.01,,FALSE POSITIVE,309.933134,7.165,176.1,1.8,319.0,2.43,8.3,0.73,6299.0,4.325,1.262
10023069,K08192.01,,FALSE POSITIVE,266.977677,8.59,389.6,7.86,549.0,21.53,16.0,0.895,6619.0,3.595,3.41
10079317,K08194.01,,FALSE POSITIVE,236.25776888,3.3549,168.4,2.69,460.0,10.61,5.3,0.085,6645.0,3.952,2.054
10079481,K08195.01,,FALSE POSITIVE,330.80879,21.669,274.8,2.13,290.0,1.67,24.4,0.92,6158.0,4.382,1.066
10081899,K08196.01,,FALSE POSITIVE,522.64613,17.77,648.1,0.8,92.0,0.02,10.5,0.007,3439.0,4.939,0.318
10199817,K08197.01,,FALSE POSITIVE,392.94247,11.055,120.3,1.6,347.0,3.43,10.0,0.01,6596.0,4.073,1.44
10205598,K08198.01,,FALSE POSITIVE,373.89398,27.66,730.0,2.51,206.0,0.42,18.5,0.963,5263.0,4.574,0.699
10031643,K07984.01,,FALSE POSITIVE,8.5898708,4.806,87.7,1.11,929.0,176.4,8.4,0.765,5638.0,4.296,1.088
10090151,K07985.01,,FALSE POSITIVE,0.527698548,3.2221,1579.2,29.35,2088.0,4500.53,453.3,1.252,5638.0,4.529,0.903
10147276,K07987.01,,FALSE POSITIVE,0.681401611,0.865,103.6,1.07,2218.0,5713.41,12.3,0.147,6173.0,4.447,1.041
10156110,K07989.01,,FALSE POSITIVE,4.85603482,3.078,76.7,1.05,1266.0,607.42,8.2,0.134,6469.0,4.385,1.193
